{
  "amplitude": {
    "bias_summary": {
      "mean": -2.0038117418544323,
      "median": -2.3615905046463013,
      "p05": -3.6301118612289427,
      "p95": 0.5334935784339906
    },
    "color_range": [
      -4.85612678527832,
      4.85612678527832
    ],
    "count": 153664,
    "mae": 2.132232688724613,
    "max_abs": 4.7676825523376465,
    "pearson_r": 0.15484850193427438,
    "pred_stats": {
      "max": 4.000777721405029,
      "mean": 0.7044357657432556,
      "min": 0.0,
      "nan_count": 0,
      "std": 1.2387568950653076
    },
    "rmse": 2.3905597230235465,
    "truth_stats": {
      "max": 4.85612678527832,
      "mean": 2.708247423171997,
      "min": 0.6128976941108704,
      "nan_count": 0,
      "std": 0.6410303115844727
    }
  },
  "phase": {
    "bias_summary": {
      "mean": 0.009466658595735136,
      "median": 0.0,
      "p05": -0.08158185258507729,
      "p95": 0.16344233676791195
    },
    "color_range": [
      -3.141592653589793,
      3.141592653589793
    ],
    "count": 153664,
    "mae": 0.029195793007909296,
    "max_abs": 0.41657623648643494,
    "pearson_r": null,
    "pred_stats": {
      "max": 0.32738029956817627,
      "mean": 0.009466658346354961,
      "min": -0.4165762662887573,
      "nan_count": 0,
      "std": 0.06758877635002136
    },
    "rmse": 0.06824852200984537,
    "truth_stats": {
      "max": 0.0,
      "mean": 0.0,
      "min": 0.0,
      "nan_count": 0,
      "std": 0.0
    }
  }
}