{
  "train_loss": [
    0.27134600281715393,
    0.14100973308086395,
    0.11438915878534317,
    4.043266296386719,
    0.1308632791042328,
    0.10843688249588013,
    0.11103074997663498,
    0.10178513079881668,
    0.09635530412197113,
    0.09762906283140182,
    0.09681639820337296,
    0.09079848974943161,
    0.1401701122522354,
    0.09408688545227051,
    0.0921083390712738,
    0.08963608741760254,
    0.08975259214639664,
    0.08714141696691513,
    0.08570312708616257,
    0.08703380078077316,
    0.08418448269367218,
    0.08452772349119186,
    0.08479037135839462,
    0.08375192433595657,
    0.12786193192005157,
    0.08566784113645554,
    0.08527359366416931,
    0.08340805023908615,
    0.08109564334154129,
    0.0827019140124321,
    0.08406003564596176,
    0.08341328054666519,
    0.08139663189649582,
    0.08181270211935043,
    0.08226247131824493,
    0.07996445149183273,
    0.09872835129499435,
    0.083411306142807,
    0.0798863023519516,
    0.07925096154212952,
    0.07913188636302948,
    0.07857547700405121,
    0.08033137768507004,
    0.08490392565727234,
    0.0805949792265892,
    0.08058517426252365,
    0.07876447588205338,
    0.07875955104827881,
    0.0808391198515892,
    0.07925921678543091
  ],
  "val_loss": [
    3.728976249694824,
    0.2547121047973633,
    0.13537493348121643,
    0.12641730904579163,
    0.28088727593421936,
    0.12496006488800049,
    0.14163121581077576,
    0.10040654987096786,
    0.12273622304201126,
    0.0938374325633049,
    0.1692870706319809,
    0.09019219130277634,
    0.1159079521894455,
    0.11380770057439804,
    0.11212968081235886,
    0.08807358145713806,
    0.10109426826238632,
    0.10936390608549118,
    0.09319695085287094,
    0.08554156869649887,
    0.08511026203632355,
    0.09369762986898422,
    0.08539126068353653,
    0.08852295577526093,
    0.11295057088136673,
    0.08836784213781357,
    0.0975530669093132,
    0.0886015072464943,
    0.0839434415102005,
    0.08851493895053864,
    0.1147744432091713,
    0.08766677975654602,
    0.08720875531435013,
    0.08903133869171143,
    0.0824335366487503,
    0.08578856289386749,
    0.08408285677433014,
    0.10354606062173843,
    0.0863112285733223,
    0.08601842820644379,
    0.08257554471492767,
    0.08226727694272995,
    0.07988622039556503,
    0.11438190191984177,
    0.08235436677932739,
    0.08289693295955658,
    0.08731637895107269,
    0.08015855401754379,
    0.091892309486866,
    0.09265296906232834,
    0.08995253592729568
  ]
}