{
  "train_loss": [
    0.13817410171031952,
    0.09958919882774353,
    0.0937359556555748,
    0.08783934265375137,
    0.08447453379631042
  ],
  "val_loss": [
    1.390924334526062,
    0.15107187628746033,
    0.1682666838169098,
    0.15760250389575958,
    0.14804980158805847,
    0.1461377739906311
  ]
}