{
  "mae": [
    "0.1723857",
    0.07636224867330184
  ],
  "mse": [
    "0.045064565",
    0.009089340927500116
  ],
  "psnr": [
    61.59245211751852,
    68.54547967112568
  ],
  "ssim": [
    0.5691756293725194,
    0.8998367787660894
  ],
  "ms_ssim": [
    0.8734154289514343,
    0.8278159932439288
  ],
  "frc50": [
    "19",
    "23"
  ],
  "frc": [
    "[1.         0.99979965 0.99919745 0.9989636  0.99809245 0.99503025\n 0.99112863 0.99044275 0.98559301 0.98318507 0.93927854 0.95032428\n 0.92360238 0.90025771 0.83619535 0.84187787 0.68916475 0.72183467\n 0.51893965 0.42204059 0.45234892 0.60690666 0.67993124 0.66036408\n 0.75461975 0.66582706 0.52740211 0.46757164 0.75350723 0.72983442\n 0.78220323 0.66000808 0.62712847 0.42877972 0.19104454 0.179587\n 0.19386371 0.23455136 0.29260006 0.22146376 0.26475906 0.13896218\n 0.16509161 0.00429656 0.09145658 0.04705487 0.08683371 0.18438131\n 0.27710381 0.36473595 0.39453891 0.4263402  0.27005767 0.05892817\n 0.11564236 0.02066661 0.03713844 0.04619762 0.03982431 0.04235762\n 0.13577555 0.02675161 0.28747364 0.31956451 0.17753664 0.19499592\n 0.16063531 0.24022713 0.21734456 0.22454852 0.28903678 0.30925016\n 0.22698969 0.2953639  0.27662978 0.2150011  0.18334046 0.20672348\n 0.30296595 0.16739068 0.0581686  0.40054532 0.31406169 0.15956411\n 0.17485612 0.28819825 0.29411331 0.3238287  0.37560345 0.42967078\n 0.39213212 0.43991258 0.4990756  0.5458388  0.494922   0.44745663\n 0.35742173 0.49107605 0.49271024 0.51798732 0.4766668  0.55051529\n 0.5797751  0.53304641 0.51535169 0.40731093 0.23175338 0.14999203\n 0.46247244 0.25732316 0.37943252 0.51050042 0.5283543  0.57618066\n 0.60403948 0.6382876  0.63268778 0.71671155 0.6898794  0.50524133\n 0.69802804 0.69105167 0.72344201 0.68121608 0.76635557 0.70146786\n 0.72702953 0.70526592 0.70319053 0.73026954 0.69961796 0.65399809\n 0.50521872 0.26535224 0.02754579 0.02356645 0.1797312  0.09727177\n 0.00386089 0.0210692  0.09743309 0.0237473  0.05704145 0.02906338\n 0.04548142 0.07275832 0.03724252 0.01559655 0.03016323 0.06541563\n 0.03189355 0.03602495 0.04789559 0.14031263 0.03911643 0.07963577\n 0.09200089 0.04109047 0.09425191 0.06866371 0.1079326  0.07710006\n 0.09903083 0.0298065  0.07535455 0.04461688 0.0063268  0.15422459\n 0.11824247 0.02792171 0.08010812 0.12798032 0.04608774 0.03528143\n 0.03794778 0.13011134 0.13986398 0.06991372 0.06456079 0.22137172\n 0.17973001 0.08494047 0.00754939 0.43480025 0.34411737 0.08966713\n 0.11020278 0.18047819 0.99999998]",
    "[1.         0.99707199 0.9954719  0.9945116  0.98521494 0.96126243\n 0.96236264 0.95565477 0.96800612 0.96123957 0.94940107 0.96837746\n 0.96271083 0.97177507 0.96277008 0.96353901 0.94984008 0.94135529\n 0.8911448  0.83718746 0.76593316 0.62494699 0.62522452 0.46307334\n 0.48846698 0.46497629 0.48707919 0.40728294 0.52904525 0.61976511\n 0.64585065 0.56506025 0.50879281 0.43409753 0.23950963 0.20169776\n 0.1020017  0.10362432 0.07446187 0.10126923 0.15968071 0.16299572\n 0.29518776 0.31013067 0.35391665 0.27977542 0.28318651 0.29804221\n 0.17109658 0.22746291 0.22618106 0.23723569 0.04269041 0.08036083\n 0.08111817 0.08330118 0.08340955 0.02925404 0.15661645 0.10670859\n 0.18400469 0.16341973 0.19265649 0.23271783 0.08611845 0.22308102\n 0.162558   0.23428679 0.24658206 0.20737312 0.28786003 0.23016747\n 0.16742433 0.19368957 0.2139608  0.32892952 0.20789236 0.25910242\n 0.23086982 0.09297624 0.13225598 0.3548097  0.28590453 0.34759244\n 0.2261597  0.39692599 0.33164721 0.29407248 0.30805419 0.36189084\n 0.3672657  0.37616626 0.47111064 0.45614726 0.43072379 0.49355411\n 0.44529743 0.44815283 0.44002385 0.48675548 0.42650486 0.43293547\n 0.50853667 0.43005725 0.46767805 0.34849375 0.05380516 0.3851731\n 0.53360871 0.39627806 0.53332241 0.59292885 0.67956756 0.60032322\n 0.60138721 0.54787211 0.50829606 0.59987302 0.63133375 0.64189939\n 0.68605171 0.62491266 0.62230697 0.59423983 0.65393868 0.64292223\n 0.66068539 0.6933736  0.65535841 0.64757487 0.55639439 0.65293517\n 0.64664899 0.01579266 0.18184264 0.01283508 0.18587419 0.0740906\n 0.03539144 0.04501562 0.1099176  0.04275927 0.03266733 0.02441173\n 0.08332883 0.14976107 0.06757486 0.07450217 0.01329837 0.01202953\n 0.08106421 0.05734699 0.01985825 0.03461764 0.03511438 0.1182331\n 0.00580141 0.04360578 0.03653914 0.12352408 0.05888618 0.00217656\n 0.09162564 0.05368176 0.05163301 0.00211088 0.11770002 0.13481713\n 0.01472261 0.02640814 0.04144283 0.1756753  0.02213832 0.08040073\n 0.0116787  0.03918053 0.04084984 0.00945327 0.14034159 0.17634384\n 0.02728347 0.03669686 0.11666703 0.3238237  0.2397842  0.16091943\n 0.36012122 0.09232641 1.        ]"
  ]
}