{
  "pinn_hybrid": {
    "mae": [
      "0.17595105",
      0.10310531292015529
    ],
    "mse": [
      "0.04648021",
      0.01677454322084765
    ],
    "psnr": [
      61.45812299650885,
      65.88429657903116
    ],
    "ssim": [
      0.5419105192940479,
      0.8962159081744867
    ],
    "ms_ssim": [
      0.8703469910594889,
      0.7353600269838729
    ],
    "frc50": [
      "19",
      "21"
    ],
    "frc": [
      "[1.         0.99968722 0.99791871 0.99505525 0.99716084 0.99532753\n 0.99348823 0.99235286 0.99079926 0.99135615 0.97134331 0.97067817\n 0.97014387 0.95941665 0.90842542 0.90788646 0.81678468 0.75950649\n 0.67279354 0.47815777 0.51288917 0.46609545 0.47628367 0.29848143\n 0.33638919 0.32607656 0.34657105 0.27059602 0.20588168 0.17820201\n 0.40557363 0.32748652 0.23599544 0.16293499 0.01656535 0.11008037\n 0.09214755 0.15061576 0.26130831 0.23676515 0.28604942 0.28449774\n 0.36535088 0.27102667 0.33657969 0.31417051 0.15705506 0.21957147\n 0.05170758 0.13555376 0.11785286 0.08195571 0.13739286 0.0767637\n 0.12151198 0.16086879 0.22476242 0.21178477 0.20436857 0.17485403\n 0.18557687 0.13615152 0.19795435 0.27801007 0.18265328 0.2202248\n 0.20783885 0.28895483 0.25924829 0.29810057 0.29522957 0.32452585\n 0.298688   0.33785662 0.30973424 0.26413363 0.21827891 0.28947782\n 0.32046282 0.18944603 0.09662931 0.37273076 0.27645968 0.3192882\n 0.31214202 0.34972607 0.39579795 0.36489622 0.4283003  0.48568544\n 0.42544783 0.49469183 0.53546836 0.53954267 0.52578853 0.54290081\n 0.52158011 0.56444957 0.55083335 0.6234045  0.56292318 0.56576253\n 0.61648808 0.54817122 0.58627031 0.47353561 0.23591173 0.26849183\n 0.57562243 0.46613148 0.54380549 0.64759862 0.63479935 0.68713807\n 0.68068553 0.69514608 0.68892818 0.73656664 0.74219966 0.66525567\n 0.69625254 0.68007098 0.685796   0.66754955 0.65158349 0.50694391\n 0.54657319 0.30872208 0.15483951 0.36598879 0.48810013 0.33137011\n 0.49987419 0.20647496 0.05814864 0.00364402 0.12358672 0.14466581\n 0.03151557 0.03992641 0.00295466 0.05267011 0.09629296 0.0051428\n 0.11941125 0.07239272 0.04627416 0.00996256 0.03595576 0.02215077\n 0.01130087 0.05151914 0.02970125 0.11920559 0.12564607 0.12091803\n 0.06808775 0.02405886 0.04581744 0.01406761 0.05801759 0.12773291\n 0.08335393 0.03021876 0.06395188 0.14409064 0.0775993  0.06815425\n 0.03431876 0.02072779 0.01771519 0.1627374  0.21347925 0.04437285\n 0.03794128 0.06053083 0.05569788 0.0560994  0.15677229 0.06183102\n 0.06642796 0.0650184  0.09085362 0.14870664 0.01701518 0.08413178\n 0.40640204 0.08647953 1.00000003]",
      "[1.00000000e+00 9.97215672e-01 9.89853966e-01 9.95569450e-01\n 9.91473952e-01 9.93366251e-01 9.85992368e-01 9.84993365e-01\n 9.83929011e-01 9.78887992e-01 9.62068146e-01 9.57134937e-01\n 9.51037191e-01 9.60442750e-01 9.26796139e-01 9.44204523e-01\n 8.81141309e-01 9.00148879e-01 8.31458847e-01 7.90115667e-01\n 6.55434755e-01 4.83849309e-01 3.23384792e-01 3.10960745e-01\n 3.01632883e-01 2.57976524e-01 3.09923738e-01 2.83191284e-01\n 2.98697069e-01 4.88661174e-01 5.56282020e-01 4.28393199e-01\n 3.31076269e-01 1.83253627e-01 9.89124842e-02 1.06669558e-01\n 1.06333329e-01 4.28873929e-02 3.02010334e-02 5.70008089e-02\n 8.26704996e-02 2.39981866e-01 3.69395908e-01 3.56575762e-01\n 4.58454497e-01 3.63540179e-01 3.58747506e-01 2.47856338e-01\n 6.42331575e-02 3.36529964e-02 1.18738054e-01 8.34154484e-02\n 4.90997194e-02 1.23677404e-01 1.02285058e-01 2.28332507e-01\n 1.55282211e-01 1.08273708e-01 1.94167421e-01 1.47329066e-01\n 9.39867003e-02 3.78026581e-02 6.35990873e-02 5.11624867e-02\n 5.77481641e-02 1.80533131e-01 1.61753467e-01 2.33782217e-01\n 2.28175381e-01 1.79468204e-01 1.15147622e-01 1.90001579e-01\n 1.78889461e-01 1.26778211e-01 3.02597767e-01 2.28157122e-01\n 2.58272982e-01 2.14444401e-01 1.52409624e-01 1.65683571e-01\n 2.77789296e-01 2.69614705e-01 1.75276582e-01 1.63551052e-01\n 1.19424909e-01 2.77662794e-01 3.26595157e-01 2.15430914e-01\n 2.85053341e-01 3.47327656e-01 2.66715496e-01 3.08547557e-01\n 4.15213736e-01 3.81277547e-01 4.00762217e-01 3.92807883e-01\n 4.51252404e-01 3.40078780e-01 3.54290349e-01 4.33955738e-01\n 2.97114317e-01 3.88908208e-01 4.39086477e-01 5.12213186e-01\n 3.56082772e-01 3.00405419e-01 1.46770852e-01 4.31763448e-01\n 4.61402068e-01 3.05875625e-01 1.82315972e-01 2.91102433e-01\n 3.95877789e-01 5.76420804e-01 4.19666110e-01 4.77800171e-01\n 5.43993702e-01 5.01054484e-01 5.09302407e-01 5.88074239e-01\n 6.08920365e-01 4.94157666e-01 4.51896435e-01 5.56405149e-01\n 5.34445885e-01 5.13220449e-01 5.25208334e-01 6.17357744e-01\n 6.09730561e-01 5.11764190e-01 1.75154135e-01 4.35062841e-01\n 1.11054554e-01 1.27421989e-01 5.20608965e-04 1.16627027e-02\n 1.12357298e-01 9.77708143e-02 7.50934161e-02 7.94308209e-02\n 1.31330380e-01 6.40035487e-03 3.92877153e-02 9.27483011e-02\n 1.91246936e-02 2.73632983e-02 3.44393234e-02 3.04177825e-02\n 6.69886179e-03 1.38576780e-03 1.04161325e-01 9.16933862e-03\n 2.18726056e-02 6.95571275e-02 5.75602296e-02 6.14963066e-02\n 5.03055097e-02 6.23421046e-02 1.26259474e-01 8.30734238e-02\n 4.43924068e-02 4.62304067e-02 6.82206309e-02 7.85495735e-02\n 6.24808278e-02 8.65669844e-02 2.33231134e-01 1.57547720e-01\n 1.76650674e-02 1.36762358e-01 8.08372261e-02 1.50797266e-01\n 1.14379726e-01 1.63709154e-02 3.99820792e-02 9.38736049e-02\n 4.68146497e-02 3.92197496e-02 1.09979379e-02 8.40283508e-02\n 1.35695892e-05 1.81616564e-01 4.41383236e-02 1.07935470e-01\n 1.83023113e-02 1.25426379e-02 4.13155805e-01 2.39788248e-02\n 1.00000000e+00]"
    ]
  }
}