{
  "train_loss": [
    0.1822185516357422,
    0.0981125608086586,
    0.08316148072481155,
    0.07489170134067535,
    0.07096390426158905,
    0.06859803944826126,
    0.058477919548749924,
    0.06499183923006058,
    0.05406034365296364,
    0.05361552536487579,
    0.05176345631480217,
    0.05006638914346695,
    227.0805206298828,
    2.2978549003601074,
    1.2884515523910522,
    1.0992186069488525,
    0.6091464161872864,
    0.4383108913898468,
    0.45693135261535645,
    0.24316871166229248
  ],
  "val_loss": [
    3.728976249694824,
    0.343539297580719,
    0.2267039716243744,
    0.14990462362766266,
    0.21649153530597687,
    0.08966235816478729,
    0.06918131560087204,
    0.11141578108072281,
    0.07273530960083008,
    0.08838960528373718,
    0.08715973794460297,
    0.0641554668545723,
    0.0959373414516449,
    0.6505550742149353,
    1.6976226568222046,
    1.9155725240707397,
    1.1628111600875854,
    0.5179575085639954,
    0.30722934007644653,
    0.6059566736221313,
    0.3507488965988159
  ]
}