{
  "mae": [
    "0.5809234",
    0.1077220725444749
  ],
  "mse": [
    "0.52499986",
    0.019007388562363805
  ],
  "psnr": [
    50.92921149735564,
    65.3415790801035
  ],
  "ssim": [
    0.09168720608814208,
    0.8122231290384446
  ],
  "ms_ssim": [
    0.29835289420152517,
    0.7429678023552886
  ],
  "frc50": [
    "1",
    "21"
  ],
  "frc": [
    "[1.         0.40358238 0.08798057 0.02740318 0.59973815 0.46359801\n 0.61065603 0.68811377 0.61389211 0.63145803 0.45706387 0.37893712\n 0.23654449 0.24549153 0.08965166 0.12214242 0.16748758 0.36284335\n 0.28684126 0.35762398 0.26171408 0.31212534 0.07099625 0.02461777\n 0.10202831 0.13777236 0.00926438 0.11305983 0.27059989 0.22660757\n 0.32272585 0.25778345 0.13167205 0.03777717 0.40130883 0.32068948\n 0.50212713 0.35601359 0.4135504  0.50988103 0.26880463 0.07619463\n 0.26001435 0.43506481 0.56127144 0.49078795 0.50485444 0.35569439\n 0.06582259 0.16673123 0.35960412 0.42116308 0.22766862 0.13340442\n 0.04768055 0.13157985 0.09397385 0.18587696 0.11535892 0.05942378\n 0.04379768 0.05396209 0.05187937 0.05345861 0.0830344  0.00769391\n 0.06164389 0.0945972  0.02951167 0.05173155 0.08917148 0.02696396\n 0.08061685 0.12685155 0.10520456 0.02755959 0.07496988 0.0237799\n 0.03720385 0.09598343 0.08556764 0.00276558 0.11062916 0.0639567\n 0.05731909 0.02568001 0.01469135 0.04717464 0.10191509 0.02849577\n 0.04589864 0.05736462 0.07463451 0.02077436 0.06741674 0.10814542\n 0.05180918 0.02339163 0.04169688 0.04201147 0.11580719 0.1200817\n 0.15043131 0.17252106 0.23199291 0.03970643 0.2034633  0.2413567\n 0.04732173 0.04198596 0.10011135 0.02301118 0.08524552 0.04762899\n 0.06528351 0.11985759 0.07599692 0.00613401 0.03687053 0.04393027\n 0.08661147 0.03795545 0.11988431 0.13592824 0.03651424 0.02111438\n 0.1690506  0.15056962 0.05905459 0.11275062 0.16692531 0.10840944\n 0.20328856 0.12813512 0.14764907 0.03159768 0.19417439 0.09828978\n 0.1364067  0.04313788 0.0459983  0.05340721 0.02267073 0.03485983\n 0.03094831 0.07239144 0.09503261 0.03858958 0.01345452 0.05004762\n 0.00462087 0.02219893 0.05438151 0.09151201 0.01563951 0.02875137\n 0.04431178 0.01203729 0.03276763 0.01297532 0.09330076 0.02939975\n 0.08546425 0.03227797 0.03638743 0.05069374 0.04689322 0.12722437\n 0.03645169 0.05304024 0.15816123 0.15055147 0.00368471 0.01573627\n 0.15150491 0.00483831 0.20991613 0.07164203 0.11909177 0.1940789\n 0.01890334 0.14395384 0.01284833 0.13016548 0.10687328 0.117146\n 0.23897592 0.27629002 1.        ]",
    "[1.         0.99842137 0.979599   0.99027005 0.98875987 0.97187249\n 0.94674697 0.96286161 0.95639953 0.95769581 0.90307716 0.91892013\n 0.92909794 0.91673359 0.84174355 0.89995318 0.8478049  0.90446469\n 0.74601465 0.74752836 0.69422075 0.47099816 0.30278917 0.06433174\n 0.07813707 0.31508775 0.08101937 0.13083033 0.36338856 0.32807136\n 0.26298643 0.09762222 0.19457241 0.1159958  0.3643289  0.39099997\n 0.47480897 0.30977565 0.32044224 0.34494405 0.31642146 0.15948559\n 0.07229655 0.05736076 0.03680553 0.00473647 0.04677158 0.01851654\n 0.03820803 0.23698681 0.09471685 0.16586154 0.16079456 0.1986748\n 0.19809988 0.18909862 0.18161539 0.15335075 0.11853041 0.10620968\n 0.02938371 0.0250204  0.12551245 0.17999805 0.20225547 0.22603298\n 0.17267023 0.23616743 0.20063846 0.24207983 0.22195961 0.26785427\n 0.20113089 0.20371288 0.252224   0.26311171 0.20785614 0.20839571\n 0.31452392 0.22406719 0.28760765 0.3141621  0.30310941 0.18769126\n 0.21729386 0.28252027 0.31219319 0.31841384 0.38572592 0.32710741\n 0.3655688  0.4096607  0.43789604 0.4406017  0.41778836 0.35513847\n 0.44436888 0.41860218 0.4052651  0.45253593 0.38563874 0.40935493\n 0.45082359 0.48847269 0.36361782 0.35716796 0.13932746 0.53769629\n 0.37108146 0.39703437 0.33670797 0.37922089 0.40608532 0.51248169\n 0.49334996 0.47126082 0.30098103 0.32845858 0.43204084 0.39482763\n 0.32623265 0.25022957 0.29221688 0.42425734 0.25067512 0.07925027\n 0.38640728 0.1920504  0.04363368 0.05297694 0.29508151 0.10948724\n 0.1393107  0.36895941 0.24996357 0.08186399 0.15179672 0.13649543\n 0.00141624 0.02258501 0.04026994 0.0706917  0.04304661 0.10017179\n 0.05280594 0.01528261 0.03965155 0.10068406 0.08007232 0.06873734\n 0.08332147 0.10911402 0.01566752 0.04810401 0.02315238 0.01066659\n 0.00552413 0.19763039 0.02410905 0.03642151 0.08655198 0.06383276\n 0.07796989 0.10009031 0.12872246 0.02436705 0.0263463  0.05051174\n 0.01709229 0.03126412 0.05287397 0.02180659 0.01984997 0.04036568\n 0.10751197 0.07915968 0.04833126 0.13107234 0.07089266 0.14884355\n 0.11252072 0.1300743  0.24834253 0.15347556 0.09125057 0.19737883\n 0.2322209  0.15430228 1.        ]"
  ]
}