{
  "amplitude": {
    "bias_summary": {
      "mean": -2.3063579327863226,
      "median": -2.5305827856063843,
      "p05": -3.6955116152763368,
      "p95": 0.1851742386817935
    },
    "color_range": [
      -4.85612678527832,
      4.85612678527832
    ],
    "count": 153664,
    "mae": 2.3773539342530774,
    "max_abs": 4.7676825523376465,
    "pearson_r": 0.1392079830140564,
    "pred_stats": {
      "max": 4.622491836547852,
      "mean": 0.40188953280448914,
      "min": 0.0,
      "nan_count": 0,
      "std": 1.0084086656570435
    },
    "rmse": 2.5626394808621504,
    "truth_stats": {
      "max": 4.85612678527832,
      "mean": 2.708247423171997,
      "min": 0.6128976941108704,
      "nan_count": 0,
      "std": 0.6410303115844727
    }
  },
  "phase": {
    "bias_summary": {
      "mean": 0.12050910904206047,
      "median": 0.0,
      "p05": 0.0,
      "p95": 0.9226797103881836
    },
    "color_range": [
      -3.141592653589793,
      3.141592653589793
    ],
    "count": 153664,
    "mae": 0.12050910905873971,
    "max_abs": 1.1716549396514893,
    "pearson_r": null,
    "pred_stats": {
      "max": 1.1716549396514893,
      "mean": 0.12050911039113998,
      "min": 0.0,
      "nan_count": 0,
      "std": 0.30201563239097595
    },
    "rmse": 0.3251705323480163,
    "truth_stats": {
      "max": 0.0,
      "mean": 0.0,
      "min": 0.0,
      "nan_count": 0,
      "std": 0.0
    }
  }
}