{
  "epochs": [
    0.0,
    1.0,
    2.0,
    3.0,
    4.0
  ],
  "metrics": {
    "intensity_scaler_inv_loss": [
      28.109375,
      16.94947624206543,
      16.010000228881836,
      15.063470840454102,
      13.917320251464844
    ],
    "learning_rate": [
      0.0010000000474974513,
      0.0010000000474974513,
      0.0010000000474974513,
      0.0010000000474974513,
      0.0010000000474974513
    ],
    "loss": [
      -3895298.75,
      -3942006.75,
      -3942735.25,
      -3944694.0,
      -3946549.75
    ],
    "pred_intensity_loss": [
      -3874583.0,
      -3921882.5,
      -3968559.75,
      -3968601.75,
      -3940008.5
    ],
    "train_loss": [
      -3895298.75,
      -3942006.75,
      -3942735.25,
      -3944694.0,
      -3946549.75
    ],
    "trimmed_obj_loss": [
      2.4618546962738037,
      2.4484832286834717,
      2.4542527198791504,
      2.450615167617798,
      2.44496488571167
    ],
    "val_intensity_scaler_inv_loss": [
      15.469141006469727,
      13.982805252075195,
      13.937088012695312,
      13.166565895080566,
      12.924209594726562
    ],
    "val_loss": [
      -4115809.75,
      -4119163.0,
      -4117355.75,
      -4119765.25,
      -4120602.5
    ],
    "val_pred_intensity_loss": [
      -4046015.25,
      -4048962.25,
      -4047386.75,
      -4049584.5,
      -4050325.75
    ],
    "val_trimmed_obj_loss": [
      2.6028361320495605,
      2.602832078933716,
      2.6028857231140137,
      2.602876663208008,
      2.602846622467041
    ]
  }
}