{
  "high_nll": {
    "intensity_scaler_inv_loss": [
      11.237735748291016,
      8.903121948242188,
      6.967848300933838,
      5.971503257751465,
      5.781256198883057
    ],
    "loss": [
      -3955349.75,
      -3961651.25,
      -3964445.0,
      -3965336.5,
      -3965455.25
    ],
    "pred_intensity_loss": [
      -3954153.5,
      -3961437.0,
      -3964698.25,
      -3966254.25,
      -3965311.75
    ],
    "trimmed_obj_loss": [
      0.0,
      0.0,
      0.0,
      0.0,
      0.0
    ],
    "val_intensity_scaler_inv_loss": [
      9.331822395324707,
      6.8016204833984375,
      5.905529499053955,
      5.625840663909912,
      5.564192771911621
    ],
    "val_loss": [
      -3863967.75,
      -3867478.75,
      -3868090.5,
      -3868271.25,
      -3868283.25
    ],
    "val_pred_intensity_loss": [
      -3906460.25,
      -3910076.75,
      -3910642.5,
      -3910813.75,
      -3910824.75
    ],
    "val_trimmed_obj_loss": [
      0.0,
      0.0,
      0.0,
      0.0,
      0.0
    ],
    "learning_rate": [
      0.0010000000474974513,
      0.0010000000474974513,
      0.0010000000474974513,
      0.0010000000474974513,
      0.0010000000474974513
    ],
    "train_loss": [
      -3955349.75,
      -3961651.25,
      -3964445.0,
      -3965336.5,
      -3965455.25
    ]
  },
  "high_mae": {
    "intensity_scaler_inv_loss": [
      10.58486557006836,
      8.855768203735352,
      7.399883270263672,
      6.167983055114746,
      6.037696361541748
    ],
    "loss": [
      10.585566520690918,
      8.857704162597656,
      7.40250301361084,
      6.168882369995117,
      6.037591457366943
    ],
    "pred_intensity_loss": [
      -3955645.75,
      -3961956.75,
      -3963501.0,
      -3964856.5,
      -3964738.5
    ],
    "trimmed_obj_loss": [
      0.0,
      0.0,
      0.0,
      0.0,
      0.0
    ],
    "val_intensity_scaler_inv_loss": [
      9.09464168548584,
      10.395405769348145,
      6.331828594207764,
      5.765440464019775,
      5.973001003265381
    ],
    "val_loss": [
      9.15532112121582,
      10.495674133300781,
      6.346632480621338,
      5.774792671203613,
      5.978853225708008
    ],
    "val_pred_intensity_loss": [
      -3913088.0,
      -3912333.75,
      -3917322.0,
      -3917792.0,
      -3917624.75
    ],
    "val_trimmed_obj_loss": [
      0.0,
      0.0,
      0.0,
      0.0,
      0.0
    ],
    "learning_rate": [
      0.0010000000474974513,
      0.0010000000474974513,
      0.0010000000474974513,
      0.0010000000474974513,
      0.0010000000474974513
    ],
    "train_loss": [
      10.585566520690918,
      8.857704162597656,
      7.40250301361084,
      6.168882369995117,
      6.037591457366943
    ]
  },
  "low_nll": {
    "intensity_scaler_inv_loss": [
      3.5978102684020996,
      0.36154159903526306,
      0.27661585807800293,
      0.23543909192085266,
      0.20714536309242249
    ],
    "loss": [
      4296.14892578125,
      -10.9601411819458,
      -11.222721099853516,
      -11.2994966506958,
      -11.36182975769043
    ],
    "pred_intensity_loss": [
      4287.09619140625,
      -10.955113410949707,
      -11.224451065063477,
      -11.298040390014648,
      -11.362327575683594
    ],
    "trimmed_obj_loss": [
      0.0,
      0.0,
      0.0,
      0.0,
      0.0
    ],
    "val_intensity_scaler_inv_loss": [
      0.4520626962184906,
      0.3077697455883026,
      0.24871878325939178,
      0.2157006710767746,
      0.1954323798418045
    ],
    "val_loss": [
      -10.287237167358398,
      -10.863262176513672,
      -11.00202751159668,
      -11.067336082458496,
      -11.09420394897461
    ],
    "val_pred_intensity_loss": [
      -10.438650131225586,
      -11.02298641204834,
      -11.158536911010742,
      -11.223320960998535,
      -11.248994827270508
    ],
    "val_trimmed_obj_loss": [
      0.0,
      0.0,
      0.0,
      0.0,
      0.0
    ],
    "learning_rate": [
      0.0010000000474974513,
      0.0010000000474974513,
      0.0010000000474974513,
      0.0010000000474974513,
      0.0010000000474974513
    ],
    "train_loss": [
      4296.14892578125,
      -10.9601411819458,
      -11.222721099853516,
      -11.2994966506958,
      -11.36182975769043
    ]
  },
  "low_mae": {
    "intensity_scaler_inv_loss": [
      2.1352152824401855,
      0.102351613342762,
      NaN,
      NaN,
      NaN
    ],
    "loss": [
      2.13950252532959,
      0.10236481577157974,
      NaN,
      NaN,
      NaN
    ],
    "pred_intensity_loss": [
      3394.61669921875,
      -11.360201835632324,
      NaN,
      NaN,
      NaN
    ],
    "trimmed_obj_loss": [
      0.0,
      0.0,
      0.0,
      0.0,
      0.0
    ],
    "val_intensity_scaler_inv_loss": [
      0.09690053761005402,
      0.11027771234512329,
      NaN,
      NaN,
      NaN
    ],
    "val_loss": [
      0.09663055092096329,
      0.10947233438491821,
      NaN,
      NaN,
      NaN
    ],
    "val_pred_intensity_loss": [
      -11.301323890686035,
      -11.015151023864746,
      NaN,
      NaN,
      NaN
    ],
    "val_trimmed_obj_loss": [
      0.0,
      0.0,
      0.0,
      0.0,
      0.0
    ],
    "learning_rate": [
      0.0010000000474974513,
      0.0010000000474974513,
      0.0010000000474974513,
      0.0005000000237487257,
      0.0005000000237487257
    ],
    "train_loss": [
      2.13950252532959,
      0.10236481577157974,
      NaN,
      NaN,
      NaN
    ]
  }
}