{
  "high_nll": {
    "intensity_scaler_inv_loss": [
      6.752824306488037,
      5.939581394195557,
      5.94956636428833,
      5.925222396850586,
      5.92313814163208
    ],
    "loss": [
      -3958409.5,
      -3959751.75,
      -3959749.25,
      -3959795.0,
      -3959800.0
    ],
    "pred_intensity_loss": [
      -3958312.75,
      -3959487.25,
      -3959986.25,
      -3959492.25,
      -3960244.5
    ],
    "trimmed_obj_loss": [
      0.0,
      0.0,
      0.0,
      0.0,
      0.0
    ],
    "val_intensity_scaler_inv_loss": [
      6.139367580413818,
      6.182491779327393,
      6.084156513214111,
      6.080446720123291,
      6.070137023925781
    ],
    "val_loss": [
      -3924091.75,
      -3924034.25,
      -3924083.5,
      -3924123.75,
      -3924108.75
    ],
    "val_pred_intensity_loss": [
      -3910342.25,
      -3910294.75,
      -3910308.25,
      -3910363.75,
      -3910339.25
    ],
    "val_trimmed_obj_loss": [
      0.0,
      0.0,
      0.0,
      0.0,
      0.0
    ],
    "learning_rate": [
      0.0010000000474974513,
      0.0010000000474974513,
      0.0010000000474974513,
      0.0005000000237487257,
      0.0005000000237487257
    ],
    "train_loss": [
      -3958409.5,
      -3959751.75,
      -3959749.25,
      -3959795.0,
      -3959800.0
    ]
  },
  "high_mae": {
    "intensity_scaler_inv_loss": [
      8.27627944946289,
      5.929965972900391,
      5.890082359313965,
      5.882329940795898,
      5.894743919372559
    ],
    "loss": [
      8.28075885772705,
      5.930790901184082,
      5.894234657287598,
      5.882086277008057,
      5.895323753356934
    ],
    "pred_intensity_loss": [
      -3943844.5,
      -3959828.75,
      -3959992.75,
      -3959644.75,
      -3960142.25
    ],
    "trimmed_obj_loss": [
      0.0,
      0.0,
      0.0,
      0.0,
      0.0
    ],
    "val_intensity_scaler_inv_loss": [
      6.148999214172363,
      6.268303871154785,
      6.17220401763916,
      6.232575416564941,
      6.199646949768066
    ],
    "val_loss": [
      6.438543319702148,
      6.424436092376709,
      6.382246494293213,
      6.406477451324463,
      6.392245292663574
    ],
    "val_pred_intensity_loss": [
      -3904825.75,
      -3904428.25,
      -3904645.75,
      -3904517.25,
      -3904584.0
    ],
    "val_trimmed_obj_loss": [
      0.0,
      0.0,
      0.0,
      0.0,
      0.0
    ],
    "learning_rate": [
      0.0010000000474974513,
      0.0010000000474974513,
      0.0010000000474974513,
      0.0010000000474974513,
      0.0010000000474974513
    ],
    "train_loss": [
      8.28075885772705,
      5.930790901184082,
      5.894234657287598,
      5.882086277008057,
      5.895323753356934
    ]
  },
  "low_nll": {
    "intensity_scaler_inv_loss": [
      3.4044487476348877,
      0.13178323209285736,
      0.12240789830684662,
      0.11793532222509384,
      0.11495158076286316
    ],
    "loss": [
      4589.13232421875,
      -11.422618865966797,
      -11.442383766174316,
      -11.448319435119629,
      -11.452667236328125
    ],
    "pred_intensity_loss": [
      4579.46630859375,
      -11.42129135131836,
      -11.440179824829102,
      -11.446715354919434,
      -11.452638626098633
    ],
    "trimmed_obj_loss": [
      0.0,
      0.0,
      0.0,
      0.0,
      0.0
    ],
    "val_intensity_scaler_inv_loss": [
      0.1609814465045929,
      0.14675162732601166,
      0.1404668241739273,
      0.13343216478824615,
      0.1273430436849594
    ],
    "val_loss": [
      -11.261993408203125,
      -11.29399299621582,
      -11.306299209594727,
      -11.313152313232422,
      -11.321562767028809
    ],
    "val_pred_intensity_loss": [
      -11.173579216003418,
      -11.212541580200195,
      -11.228830337524414,
      -11.238004684448242,
      -11.250737190246582
    ],
    "val_trimmed_obj_loss": [
      0.0,
      0.0,
      0.0,
      0.0,
      0.0
    ],
    "learning_rate": [
      0.0010000000474974513,
      0.0010000000474974513,
      0.0010000000474974513,
      0.0010000000474974513,
      0.0010000000474974513
    ],
    "train_loss": [
      4589.13232421875,
      -11.422618865966797,
      -11.442383766174316,
      -11.448319435119629,
      -11.452667236328125
    ]
  },
  "low_mae": {
    "intensity_scaler_inv_loss": [
      2.4190354347229004,
      0.0944017544388771,
      0.09859921783208847,
      0.09501713514328003,
      0.09451804310083389
    ],
    "loss": [
      2.423910140991211,
      0.09439749270677567,
      0.09857195615768433,
      0.09495067596435547,
      0.09452027082443237
    ],
    "pred_intensity_loss": [
      4008.631591796875,
      -11.431173324584961,
      -11.359613418579102,
      -11.421638488769531,
      -11.421998023986816
    ],
    "trimmed_obj_loss": [
      0.0,
      0.0,
      0.0,
      0.0,
      0.0
    ],
    "val_intensity_scaler_inv_loss": [
      0.09251745045185089,
      0.09094981104135513,
      0.09751658886671066,
      0.10091172158718109,
      0.09033374488353729
    ],
    "val_loss": [
      0.09237445890903473,
      0.09115347266197205,
      0.09767208248376846,
      0.1009933203458786,
      0.09077002853155136
    ],
    "val_pred_intensity_loss": [
      -11.307706832885742,
      -11.292681694030762,
      -11.191217422485352,
      -11.117965698242188,
      -11.295792579650879
    ],
    "val_trimmed_obj_loss": [
      0.0,
      0.0,
      0.0,
      0.0,
      0.0
    ],
    "learning_rate": [
      0.0010000000474974513,
      0.0010000000474974513,
      0.0010000000474974513,
      0.0010000000474974513,
      0.0005000000237487257
    ],
    "train_loss": [
      2.423910140991211,
      0.09439749270677567,
      0.09857195615768433,
      0.09495067596435547,
      0.09452027082443237
    ]
  }
}