{
  "high_nll": {
    "intensity_scaler_inv_loss": [
      6.443782329559326,
      5.982720851898193,
      5.921776294708252,
      5.934274196624756,
      5.909062385559082,
      5.925447463989258,
      5.9174723625183105,
      5.902513027191162,
      5.922152996063232,
      5.902808666229248,
      5.902750492095947,
      5.906214714050293,
      5.898171901702881
    ],
    "loss": [
      -3959051.25,
      -3959681.25,
      -3959783.25,
      -3959780.25,
      -3959789.5,
      -3959793.0,
      -3959793.25,
      -3959816.5,
      -3959811.75,
      -3959819.75,
      -3959818.25,
      -3959816.0,
      -3959816.0
    ],
    "pred_intensity_loss": [
      -3958943.5,
      -3960281.25,
      -3959809.25,
      -3960417.25,
      -3960270.5,
      -3960055.5,
      -3959798.5,
      -3959786.5,
      -3960189.25,
      -3959195.25,
      -3959771.0,
      -3960761.0,
      -3959487.5
    ],
    "trimmed_obj_loss": [
      0.0,
      0.0,
      0.0,
      0.0,
      0.0,
      0.0,
      0.0,
      0.0,
      0.0,
      0.0,
      0.0,
      0.0,
      0.0
    ],
    "val_intensity_scaler_inv_loss": [
      6.186797618865967,
      6.211060523986816,
      6.087949275970459,
      6.07814884185791,
      6.182727336883545,
      6.082282543182373,
      6.081366062164307,
      6.079331398010254,
      6.080409526824951,
      6.078981876373291,
      6.084261894226074,
      6.079540729522705,
      6.0828166007995605
    ],
    "val_loss": [
      -3924074.0,
      -3923810.25,
      -3924131.0,
      -3924100.75,
      -3924043.5,
      -3924128.25,
      -3924131.0,
      -3924125.5,
      -3924117.0,
      -3924127.0,
      -3924133.5,
      -3924128.25,
      -3924103.0
    ],
    "val_pred_intensity_loss": [
      -3910290.25,
      -3910002.0,
      -3910365.25,
      -3910319.5,
      -3910296.5,
      -3910354.75,
      -3910358.75,
      -3910350.5,
      -3910339.75,
      -3910353.25,
      -3910365.75,
      -3910355.25,
      -3910322.25
    ],
    "val_trimmed_obj_loss": [
      0.0,
      0.0,
      0.0,
      0.0,
      0.0,
      0.0,
      0.0,
      0.0,
      0.0,
      0.0,
      0.0,
      0.0,
      0.0
    ],
    "learning_rate": [
      0.0010000000474974513,
      0.0010000000474974513,
      0.0010000000474974513,
      0.0010000000474974513,
      0.0010000000474974513,
      0.0005000000237487257,
      0.0005000000237487257,
      0.0002500000118743628,
      0.0002500000118743628,
      0.0001250000059371814,
      0.0001250000059371814,
      0.0001250000059371814,
      0.0001250000059371814
    ],
    "train_loss": [
      -3959051.25,
      -3959681.25,
      -3959783.25,
      -3959780.25,
      -3959789.5,
      -3959793.0,
      -3959793.25,
      -3959816.5,
      -3959811.75,
      -3959819.75,
      -3959818.25,
      -3959816.0,
      -3959816.0
    ]
  },
  "high_mae": {
    "intensity_scaler_inv_loss": [
      6.942631244659424,
      6.033109664916992,
      5.9470720291137695,
      6.04976224899292,
      5.892519950866699,
      5.918272495269775,
      5.88918924331665,
      5.905117511749268
    ],
    "loss": [
      6.946459770202637,
      6.037643909454346,
      5.948955059051514,
      6.051486968994141,
      5.890185832977295,
      5.917745113372803,
      5.89312219619751,
      5.905035495758057
    ],
    "pred_intensity_loss": [
      -3958565.75,
      -3960019.0,
      -3960304.5,
      -3960137.75,
      -3959454.75,
      -3959485.75,
      -3960289.0,
      -3959752.0
    ],
    "trimmed_obj_loss": [
      0.0,
      0.0,
      0.0,
      0.0,
      0.0,
      0.0,
      0.0,
      0.0
    ],
    "val_intensity_scaler_inv_loss": [
      6.146423816680908,
      6.245109558105469,
      6.240302085876465,
      6.120781421661377,
      6.112086772918701,
      6.103678226470947,
      6.687123775482178,
      6.114523887634277
    ],
    "val_loss": [
      6.468125820159912,
      6.4201202392578125,
      6.416839599609375,
      6.432389736175537,
      6.375765800476074,
      6.3797101974487305,
      6.735166072845459,
      6.369884490966797
    ],
    "val_pred_intensity_loss": [
      -3904825.75,
      -3904462.75,
      -3904468.5,
      -3904834.0,
      -3904762.25,
      -3904788.75,
      -3903593.5,
      -3904732.5
    ],
    "val_trimmed_obj_loss": [
      0.0,
      0.0,
      0.0,
      0.0,
      0.0,
      0.0,
      0.0,
      0.0
    ],
    "learning_rate": [
      0.0010000000474974513,
      0.0010000000474974513,
      0.0010000000474974513,
      0.0010000000474974513,
      0.0010000000474974513,
      0.0010000000474974513,
      0.0010000000474974513,
      0.0005000000237487257
    ],
    "train_loss": [
      6.946459770202637,
      6.037643909454346,
      5.948955059051514,
      6.051486968994141,
      5.890185832977295,
      5.917745113372803,
      5.89312219619751,
      5.905035495758057
    ]
  },
  "low_mae": {
    "intensity_scaler_inv_loss": [
      2.3981571197509766,
      0.10881250351667404,
      0.09472837299108505,
      0.09162653237581253,
      0.09236010164022446,
      0.09219347685575485,
      0.09169820696115494
    ],
    "loss": [
      2.4029927253723145,
      0.10883846133947372,
      0.09471675753593445,
      0.09162367880344391,
      0.09234965592622757,
      0.09219441562891006,
      0.09169694781303406
    ],
    "pred_intensity_loss": [
      3884.61376953125,
      -11.15371322631836,
      -11.427145004272461,
      -11.452560424804688,
      -11.440706253051758,
      -11.445679664611816,
      -11.450138092041016
    ],
    "trimmed_obj_loss": [
      0.0,
      0.0,
      0.0,
      0.0,
      0.0,
      0.0,
      0.0
    ],
    "val_intensity_scaler_inv_loss": [
      0.09206477552652359,
      0.11591247469186783,
      0.09374982118606567,
      0.09003681689500809,
      0.09017161279916763,
      0.09063180536031723,
      0.09269118309020996
    ],
    "val_loss": [
      0.09208890795707703,
      0.11542040854692459,
      0.09383119642734528,
      0.09044765681028366,
      0.09056703746318817,
      0.09093038737773895,
      0.09287500381469727
    ],
    "val_pred_intensity_loss": [
      -11.273721694946289,
      -11.174379348754883,
      -11.250823974609375,
      -11.301553726196289,
      -11.305379867553711,
      -11.279830932617188,
      -11.244845390319824
    ],
    "val_trimmed_obj_loss": [
      0.0,
      0.0,
      0.0,
      0.0,
      0.0,
      0.0,
      0.0
    ],
    "learning_rate": [
      0.0010000000474974513,
      0.0010000000474974513,
      0.0010000000474974513,
      0.0005000000237487257,
      0.0005000000237487257,
      0.0005000000237487257,
      0.0002500000118743628
    ],
    "train_loss": [
      2.4029927253723145,
      0.10883846133947372,
      0.09471675753593445,
      0.09162367880344391,
      0.09234965592622757,
      0.09219441562891006,
      0.09169694781303406
    ]
  }
}