{
  "high_nll": {
    "intensity_scaler_inv_loss": [
      6.912941932678223,
      5.930878162384033,
      5.920684337615967,
      5.932193756103516,
      6.002289295196533,
      5.8853864669799805,
      5.906026363372803,
      5.912399768829346,
      5.898662090301514
    ],
    "loss": [
      -3958171.5,
      -3959775.0,
      -3959783.5,
      -3959776.75,
      -3959698.5,
      -3959812.5,
      -3959791.75,
      -3959788.75,
      -3959807.25
    ],
    "pred_intensity_loss": [
      -3958210.5,
      -3959784.25,
      -3959896.75,
      -3959485.0,
      -3960336.75,
      -3959429.0,
      -3959586.25,
      -3958978.5,
      -3959855.75
    ],
    "trimmed_obj_loss": [
      0.0,
      0.0,
      0.0,
      0.0,
      0.0,
      0.0,
      0.0,
      0.0,
      0.0
    ],
    "val_intensity_scaler_inv_loss": [
      6.1558027267456055,
      6.329155921936035,
      6.062816143035889,
      6.481326580047607,
      6.0773115158081055,
      6.135649681091309,
      6.071917533874512,
      6.0715742111206055,
      6.093066692352295
    ],
    "val_loss": [
      -3924098.0,
      -3923861.5,
      -3924131.75,
      -3923713.5,
      -3924098.0,
      -3924085.5,
      -3924132.25,
      -3924125.75,
      -3924053.5
    ],
    "val_pred_intensity_loss": [
      -3910348.5,
      -3910138.75,
      -3910367.25,
      -3910000.75,
      -3910325.5,
      -3910341.75,
      -3910369.5,
      -3910359.75,
      -3910273.75
    ],
    "val_trimmed_obj_loss": [
      0.0,
      0.0,
      0.0,
      0.0,
      0.0,
      0.0,
      0.0,
      0.0,
      0.0
    ],
    "learning_rate": [
      0.0010000000474974513,
      0.0010000000474974513,
      0.0010000000474974513,
      0.0010000000474974513,
      0.0010000000474974513,
      0.0005000000237487257,
      0.0005000000237487257,
      0.0005000000237487257,
      0.0005000000237487257
    ],
    "train_loss": [
      -3958171.5,
      -3959775.0,
      -3959783.5,
      -3959776.75,
      -3959698.5,
      -3959812.5,
      -3959791.75,
      -3959788.75,
      -3959807.25
    ]
  },
  "high_mae": {
    "intensity_scaler_inv_loss": [
      6.4808502197265625,
      5.953633785247803,
      5.891496181488037,
      5.866638660430908,
      5.883553981781006,
      5.860682010650635,
      5.910144805908203,
      5.857726573944092,
      5.867633819580078,
      5.842909336090088,
      5.8543877601623535,
      5.836676120758057,
      5.830668926239014,
      5.831692218780518,
      5.837950229644775,
      5.844015121459961
    ],
    "loss": [
      6.485219478607178,
      5.957028865814209,
      5.892371654510498,
      5.8695387840271,
      5.881277561187744,
      5.860428810119629,
      5.910384178161621,
      5.857784271240234,
      5.867900848388672,
      5.841186046600342,
      5.853183269500732,
      5.836590766906738,
      5.831452369689941,
      5.8333587646484375,
      5.8336310386657715,
      5.842370986938477
    ],
    "pred_intensity_loss": [
      -3959106.25,
      -3960074.25,
      -3960157.25,
      -3960098.25,
      -3959633.25,
      -3959753.25,
      -3959825.0,
      -3959707.5,
      -3959644.0,
      -3959580.75,
      -3959517.5,
      -3959951.5,
      -3959525.75,
      -3960287.0,
      -3959158.5,
      -3959949.5
    ],
    "trimmed_obj_loss": [
      0.0,
      0.0,
      0.0,
      0.0,
      0.0,
      0.0,
      0.0,
      0.0,
      0.0,
      0.0,
      0.0,
      0.0,
      0.0,
      0.0,
      0.0,
      0.0
    ],
    "val_intensity_scaler_inv_loss": [
      6.3377685546875,
      6.166441440582275,
      6.18123197555542,
      6.231546878814697,
      6.169742584228516,
      6.137254238128662,
      6.145394802093506,
      6.166239261627197,
      6.2615838050842285,
      6.2154059410095215,
      6.136157512664795,
      6.133216857910156,
      6.156711101531982,
      6.128391265869141,
      6.153962135314941,
      6.141742706298828
    ],
    "val_loss": [
      6.466829776763916,
      6.4459123611450195,
      6.393551826477051,
      6.410531997680664,
      6.388005256652832,
      6.403670787811279,
      6.400747299194336,
      6.453486442565918,
      6.4262237548828125,
      6.4030914306640625,
      6.387685775756836,
      6.3844170570373535,
      6.382089138031006,
      6.381837844848633,
      6.37910270690918,
      6.378581523895264
    ],
    "val_pred_intensity_loss": [
      -3904353.5,
      -3904827.25,
      -3904683.25,
      -3904555.75,
      -3904680.0,
      -3904808.0,
      -3904794.25,
      -3904830.0,
      -3904481.25,
      -3904572.5,
      -3904770.75,
      -3904763.5,
      -3904693.25,
      -3904764.0,
      -3904689.25,
      -3904725.75
    ],
    "val_trimmed_obj_loss": [
      0.0,
      0.0,
      0.0,
      0.0,
      0.0,
      0.0,
      0.0,
      0.0,
      0.0,
      0.0,
      0.0,
      0.0,
      0.0,
      0.0,
      0.0,
      0.0
    ],
    "learning_rate": [
      0.0010000000474974513,
      0.0010000000474974513,
      0.0010000000474974513,
      0.0010000000474974513,
      0.0010000000474974513,
      0.0010000000474974513,
      0.0010000000474974513,
      0.0005000000237487257,
      0.0005000000237487257,
      0.0002500000118743628,
      0.0002500000118743628,
      0.0002500000118743628,
      0.0002500000118743628,
      0.0002500000118743628,
      0.0002500000118743628,
      0.0002500000118743628
    ],
    "train_loss": [
      6.485219478607178,
      5.957028865814209,
      5.892371654510498,
      5.8695387840271,
      5.881277561187744,
      5.860428810119629,
      5.910384178161621,
      5.857784271240234,
      5.867900848388672,
      5.841186046600342,
      5.853183269500732,
      5.836590766906738,
      5.831452369689941,
      5.8333587646484375,
      5.8336310386657715,
      5.842370986938477
    ]
  },
  "low_nll": {
    "intensity_scaler_inv_loss": [
      2.9769675731658936,
      0.1713837832212448,
      0.1325177103281021,
      0.12754596769809723,
      0.11940091848373413,
      0.11900252103805542,
      0.11748009920120239,
      0.11447842419147491,
      0.11302606761455536,
      0.11099977046251297,
      0.11148390918970108,
      0.11108510941267014,
      0.10935964435338974,
      0.10807877779006958,
      0.10758008807897568,
      0.10539359599351883,
      0.10630631446838379,
      0.10532016307115555,
      0.10606599599123001,
      0.10568160563707352
    ],
    "loss": [
      5996.98095703125,
      -11.193666458129883,
      -11.38215160369873,
      -11.373300552368164,
      -11.431440353393555,
      -11.417518615722656,
      -11.42764663696289,
      -11.44036865234375,
      -11.440277099609375,
      -11.44844913482666,
      -11.446389198303223,
      -11.44240951538086,
      -11.452630996704102,
      -11.458917617797852,
      -11.457459449768066,
      -11.466358184814453,
      -11.466919898986816,
      -11.470175743103027,
      -11.466920852661133,
      -11.4679536819458
    ],
    "pred_intensity_loss": [
      5984.3603515625,
      -11.191343307495117,
      -11.380586624145508,
      -11.372110366821289,
      -11.431720733642578,
      -11.417190551757812,
      -11.426423072814941,
      -11.438640594482422,
      -11.439733505249023,
      -11.447829246520996,
      -11.446961402893066,
      -11.442551612854004,
      -11.45241928100586,
      -11.457121849060059,
      -11.457466125488281,
      -11.465567588806152,
      -11.464895248413086,
      -11.47010326385498,
      -11.468484878540039,
      -11.467714309692383
    ],
    "trimmed_obj_loss": [
      0.0,
      0.0,
      0.0,
      0.0,
      0.0,
      0.0,
      0.0,
      0.0,
      0.0,
      0.0,
      0.0,
      0.0,
      0.0,
      0.0,
      0.0,
      0.0,
      0.0,
      0.0,
      0.0,
      0.0
    ],