{
  "high_nll": {
    "train_loss": [
      18949266.0,
      -3336759.5,
      -3339221.0,
      -3340654.0,
      -3339990.25,
      -3340776.5,
      -3340740.5,
      -3340923.0,
      -3340440.0,
      -3341022.25
    ]
  },
  "high_mae": {
    "train_loss": [
      338.9033508300781,
      21.345870971679688,
      20.613704681396484,
      19.93975067138672,
      20.68604850769043,
      19.77067756652832,
      19.115114212036133,
      19.52069664001465,
      20.580957412719727,
      20.191267013549805
    ]
  },
  "low_nll": {
    "train_loss": [
      15373265.0,
      105.79789733886719,
      161.6905059814453,
      57093.45703125,
      1589.3671875,
      -4.366798400878906,
      -5.007267475128174,
      670.4309692382812,
      7.060678482055664,
      11.403332710266113
    ]
  },
  "low_mae": {
    "train_loss": [
      443.2776794433594,
      5.270576000213623,
      4.648204803466797,
      4.194662570953369,
      8.812102317810059,
      3.6282615661621094,
      3.487016201019287,
      3.2648632526397705,
      3.1266517639160156,
      3.037099599838257
    ]
  }
}