{
  "amplitude": {
    "max": 2.2882087230682373,
    "mean": 0.2203030288219452,
    "min": 0.0,
    "nan_count": 0,
    "std": 0.5584485530853271
  },
  "fits_canvas": true,
  "offsets": {
    "axis_max_abs": [
      376.3193180156394,
      373.3114293734376
    ],
    "max_abs": 376.3193180156394
  },
  "padded_size": 822,
  "phase": {
    "max": 1.3504626750946045,
    "mean": 0.16890418529510498,
    "min": 0.0,
    "nan_count": 0,
    "std": 0.42505812644958496
  },
  "required_canvas": 817
}