{
  "train_loss": [
    0.14783453941345215,
    0.07652751356363297,
    0.05101446062326431,
    0.042318738996982574,
    0.04081783816218376,
    0.03792574256658554,
    0.03260134160518646,
    0.03210970759391785,
    0.031236814334988594,
    0.0311724916100502,
    0.029802901670336723,
    0.028235450387001038,
    0.027080252766609192,
    0.02472389116883278,
    0.02489962801337242,
    0.025757577270269394,
    0.02338053099811077,
    0.02227386087179184,
    0.021907271817326546,
    249.02157592773438
  ],
  "val_loss": [
    2.1682281494140625,
    0.1803511679172516,
    0.09865225106477737,
    0.07679086178541183,
    0.10757016390562057,
    0.055341098457574844,
    0.06875870376825333,
    0.0359458327293396,
    0.07333902269601822,
    0.1096634492278099,
    0.10458187758922577,
    0.04912767559289932,
    0.033621031790971756,
    0.043442197144031525,
    0.04672752693295479,
    0.050174444913864136,
    0.03834902495145798,
    0.038585394620895386,
    0.030016878619790077,
    0.05794611945748329,
    0.19611462950706482
  ]
}