{
  "mae": [
    "0.513058",
    0.19196300893346174
  ],
  "mse": [
    "0.4111674",
    0.05780597127725391
  ],
  "psnr": [
    51.99061695262734,
    60.51107658035281
  ],
  "ssim": [
    0.27711379079024484,
    0.8427619482805031
  ],
  "ms_ssim": [
    0.10228907856281258,
    0.08199184930330373
  ],
  "frc50": [
    "2",
    "1"
  ],
  "frc": [
    "[1.         0.7681853  0.15021247 0.24683455 0.13424852 0.30743582\n 0.17496466 0.10168999 0.12858525 0.09015757 0.05554369 0.11960407\n 0.02022322 0.08840515 0.18679412 0.10930783 0.14442872 0.08612386\n 0.0125488  0.03599631 0.09818265 0.06838326 0.134521   0.16735036\n 0.13482693 0.11494421 0.07798984 0.07358217 0.12108994 0.02367985\n 0.04464548 0.08204825 0.05983033 0.03597351 0.03821469 0.10354598\n 0.03650795 0.0451781  0.08639322 0.09104614 0.03618554 0.1519777\n 0.03961945 0.11149832 0.10904469 0.05077089 0.01774557 0.14367289\n 0.06679132 0.0296642  0.04607081 0.08799406 0.01864816 0.09205615\n 0.02805624 0.08165957 0.08257973 0.02206648 0.02472166 0.01947777\n 0.0448262  0.12488601 0.06039769 0.05813862 0.03243059 0.05663456\n 0.02401882 0.08414391 0.06208765 0.05035664 0.02134365 0.02866974\n 0.11162216 0.08120788 0.1139129  0.09887163 0.05092204 0.09683025\n 0.02485683 0.01780351 0.00687232 0.01964276 0.03203781 0.0633275\n 0.02684788 0.16383359 0.17490629 0.06220496 0.0435269  0.06008182\n 0.02173171 0.02675461 0.08381238 0.12339382 0.10938955 0.1268038\n 0.07919719 0.03370893 0.03639778 0.0252358  0.04963413 0.05508869\n 0.05557602 0.02028311 0.13442834 0.18551472 0.06189913 0.14358735\n 0.03999944 0.07973377 0.07693445 0.05011207 0.08720325 0.16294845\n 0.16754603 0.11899828 0.16689923 0.10820137 0.07273556 0.11985776\n 0.10198586 0.13976322 0.07239335 0.11449343 0.14817107 0.04964837\n 0.12861052 0.16937623 0.13126109 0.17814715 0.18387981 0.13556603\n 0.13520187 0.12226198 0.18558587 0.13386226 0.07079305 0.16013815\n 0.23300684 0.1502079  0.13658907 0.2053547  0.15586737 0.18420441\n 0.04691308 0.18077291 0.05770128 0.03451403 0.17502843 0.19097065\n 0.15811344 0.06779257 0.04334847 0.18299748 0.17310906 0.18200832\n 0.12207828 0.19321701 0.16838859 0.24858887 0.15930412 0.20474972\n 0.21682675 0.21256886        inf        inf        inf        inf\n        inf        inf        inf        inf        inf        inf\n        inf        inf        inf        inf        inf        inf\n        inf        inf        inf        inf        inf        inf\n        inf        inf        inf        inf        inf        inf\n        inf        inf        inf        inf        inf        inf\n        inf        inf        inf        inf        inf        inf\n        inf        inf        inf        inf        inf        inf\n        inf        inf        inf        inf        inf        inf\n        inf        inf        inf        inf        inf        inf\n        inf        inf        inf        inf        inf        inf\n        inf        inf        inf        inf]",
    "[1.00000000e+00 7.01647075e-02 7.79307069e-02 4.28561017e-01\n 1.47333133e-01 4.71937536e-02 1.40487013e-02 2.32532258e-01\n 9.37782256e-02 1.03019571e-01 1.91287061e-02 7.15997885e-03\n 7.12960960e-02 5.31922732e-02 1.32264143e-01 6.12319561e-03\n 9.16740849e-02 3.76790352e-02 1.70162826e-01 9.11248635e-02\n 1.07333494e-01 8.93885394e-02 3.60394425e-02 6.39733674e-02\n 1.18674903e-01 4.42839466e-02 1.10736629e-01 6.27332744e-03\n 2.22822031e-01 3.28210839e-02 1.01088746e-02 1.01896039e-01\n 1.58947690e-02 3.27192291e-02 4.38707619e-02 5.49904667e-02\n 6.05483359e-02 2.04650812e-02 5.69848945e-02 1.51765664e-01\n 8.04468828e-02 7.04598861e-02 4.44610017e-02 9.03376533e-02\n 1.12581519e-02 1.10804087e-01 3.23448216e-03 9.27823954e-03\n 4.84680811e-02 8.10838916e-02 4.91254094e-02 6.61311335e-02\n 1.44488266e-02 6.59087761e-02 2.59774521e-02 1.48530808e-02\n 1.62923457e-02 3.06348968e-02 2.37070774e-02 6.84670841e-02\n 1.20450225e-01 6.20361084e-02 6.23420609e-03 9.30875908e-02\n 1.00148120e-01 3.62373124e-02 9.08752685e-02 2.01428097e-04\n 5.56000204e-02 6.68585784e-02 2.74352493e-02 6.70423354e-02\n 5.76372552e-02 9.86700528e-03 9.68693690e-02 9.31281036e-02\n 4.09987840e-02 4.06897185e-02 3.62955900e-02 7.96596997e-02\n 7.37986090e-02 6.90943462e-02 2.40909404e-02 3.63325248e-03\n 1.18823302e-02 2.84032373e-02 7.04191006e-02 1.45394068e-02\n 2.31053156e-02 7.43499779e-02 7.18707960e-02 7.61575191e-02\n 8.92130048e-02 2.59018887e-02 1.99968000e-02 4.79891922e-02\n 1.31144648e-02 1.07510495e-02 1.53187188e-02 7.14778845e-02\n 1.05908311e-01 1.17292781e-01 6.10040424e-02 4.79123600e-02\n 4.56765689e-03 2.37655864e-02 6.21567960e-02 4.03917357e-02\n 1.62284153e-02 6.53184406e-02 6.93391348e-02 1.23729409e-01\n 7.69408643e-02 4.27702878e-02 3.77280937e-02 2.32303571e-02\n 1.37015968e-02 1.36049644e-02 1.17920087e-02 4.87235752e-02\n 6.57863558e-02 1.22111797e-01 6.99121844e-02 4.29221171e-02\n 4.71692014e-02 1.94355807e-02 5.60847021e-03 2.32090550e-02\n 4.04347926e-02 5.72829997e-02 5.88375875e-02 6.42997018e-02\n 1.15774186e-01 5.23386118e-02 5.27509030e-02 4.47861411e-02\n 1.48265786e-02 4.25332576e-02 1.34619443e-02 4.27610666e-02\n 7.07545363e-02 6.82466235e-02 6.87526611e-02 6.54467817e-02\n 5.73623480e-02 7.01151759e-02 3.83457416e-02 1.97225583e-02\n 3.40835679e-02 3.60493616e-02 5.45679193e-02 5.90749602e-02\n 6.75873628e-02 6.90668541e-02 5.88699906e-02 4.94809917e-02\n 3.39782611e-02 3.83934972e-02 3.51693415e-02 4.16601394e-02\n 4.87476514e-02 6.10129293e-02 6.27253862e-02 6.87143660e-02\n 4.57023556e-02 6.15238504e-02 7.09808101e-03 7.45158349e-02\n 3.63056608e-02 8.34489369e-03 4.83633343e-02 4.01092040e-02\n 1.91213760e-02 1.90129917e-03 7.89749401e-02 3.13033968e-02\n 4.59375405e-02 8.57134336e-02 1.00405930e-01 9.18120702e-02\n 4.36336062e-02 6.12209226e-02 1.21208715e-03 1.34894680e-02\n 7.80318635e-02 2.94218372e-02 1.12930057e-02 1.19798268e-02\n 1.96440744e-02 5.73379020e-02 1.15308878e-01 6.07408460e-02\n 9.23535894e-02 6.83164323e-02 9.51847249e-02 2.54336747e-02\n 8.70952051e-02 7.59858477e-03 8.10193060e-03 1.25314537e-02\n 4.93961888e-02 9.94822797e-03 3.85570260e-02 6.35460752e-02\n 4.34421551e-03 2.86718836e-02 2.94921926e-02 3.25380215e-02\n 5.04165481e-02 3.26928383e-02 6.14747993e-02 9.39831177e-02\n 6.92055350e-02 1.11553616e-01 6.11319178e-02 9.45151258e-02\n 1.81057812e-02 5.45890245e-02 1.32593811e-01 8.61104061e-04\n 1.35898022e-01 4.59389940e-02 5.90128259e-02 2.80464802e-02\n 1.17735411e-01 1.02814541e-01 1.71443611e-02 1.77010287e-01\n 2.63646975e-01 3.19814964e-01 5.94493818e-01 1.00000000e+00]"
  ]
}