{
  "train_loss": [
    0.17535695433616638,
    0.08951213955879211,
    0.08273211866617203,
    0.05737098306417465,
    0.05553210526704788,
    0.046868279576301575,
    0.04445035755634308,
    0.0375589095056057,
    0.33081671595573425,
    0.20899000763893127
  ],
  "val_loss": [
    1.7448831796646118,
    0.07735540717840195,
    0.10057618468999863,
    0.09368077665567398,
    0.06403188407421112,
    0.04954056441783905,
    0.05641057714819908,
    0.03574125096201897,
    0.03472650423645973,
    0.18401102721691132,
    0.20012319087982178
  ]
}