{
  "train_loss": [
    0.08986684679985046,
    0.0514732263982296,
    0.0409778393805027,
    0.035855211317539215,
    0.031784288585186005,
    0.03177236393094063,
    0.0284199807792902,
    0.027300339192152023,
    0.025993796065449715,
    0.02478889562189579,
    0.023974033072590828,
    0.0229475237429142,
    0.02217712067067623,
    0.024373911321163177,
    0.0220327191054821,
    0.020594678819179535,
    0.020819969475269318,
    0.02077043242752552,
    0.02053953893482685,
    0.019067805260419846
  ],
  "val_loss": [
    1.0730894804000854,
    0.0663914680480957,
    0.07326599210500717,
    0.07132449001073837,
    0.08733275532722473,
    0.07417012006044388,
    0.04536991938948631,
    0.045271147042512894,
    0.038196150213479996,
    0.051514893770217896,
    0.043372802436351776,
    0.028227753937244415,
    0.02580910362303257,
    0.0672018975019455,
    0.06206468492746353,
    0.038557011634111404,
    0.039818789809942245,
    0.04058399796485901,
    0.044809967279434204,
    0.04144306853413582,
    0.03536652401089668
  ]
}