{
  "mae": [
    "0.07297036",
    0.0144538863777646
  ],
  "mse": [
    "0.008199324",
    0.00034117040583324067
  ],
  "psnr": [
    68.99302311664373,
    82.80109008762805
  ],
  "ssim": [
    0.9052474370304844,
    0.9945566745824107
  ],
  "ms_ssim": [
    0.9840210424250062,
    0.12384173323113143
  ],
  "frc50": [
    "103",
    NaN
  ],
  "frc": [
    "[1.         0.99999448 0.99997808 0.99993259 0.99997062 0.99995638\n 0.99989477 0.9998308  0.99982548 0.99967838 0.99955947 0.99945868\n 0.99919368 0.99928754 0.99880235 0.99838824 0.99822959 0.99771815\n 0.99735899 0.99537886 0.99630074 0.99508933 0.99477031 0.99156591\n 0.99082621 0.99006119 0.98561552 0.98492215 0.98254801 0.968418\n 0.97026719 0.95998373 0.8063161  0.75831086 0.9207275  0.93280767\n 0.92165674 0.92160316 0.91241433 0.86880693 0.85253456 0.85956101\n 0.79959301 0.83743428 0.85927988 0.85741467 0.81560403 0.82042979\n 0.89736726 0.91151403 0.90599408 0.91974885 0.94451729 0.95002726\n 0.94142951 0.92654845 0.94107351 0.92741847 0.91056111 0.91810942\n 0.89564301 0.90342595 0.88423022 0.90768563 0.8846146  0.78786115\n 0.85441418 0.85329983 0.83901786 0.81111036 0.77144662 0.79036026\n 0.67802253 0.59380131 0.75415002 0.75492175 0.74839834 0.69816331\n 0.73769941 0.71760817 0.7121156  0.6775868  0.72468512 0.669281\n 0.69125414 0.72871755 0.72190781 0.66240589 0.69941386 0.70465928\n 0.72097553 0.69144272 0.51328968 0.55072947 0.61760929 0.62741818\n 0.6253266  0.65021263 0.5644529  0.65279318 0.60997366 0.54286015\n 0.57629967 0.44238898 0.63915753 0.59942479 0.58207307 0.66309963\n 0.59988417 0.6533283  0.61883736 0.61300225 0.70251498 0.68099576\n 0.69295822 0.68642539 0.67363388 0.6453468  0.57090025 0.67282176\n 0.72145771 0.68440515 0.69764205 0.70237546 0.72151077 0.72926663\n 0.69169201 0.72347298 0.73710408 0.74260719 0.68904981 0.73563167\n 0.76762831 0.77326314 0.70983644 0.76850382 0.79764176 0.8018663\n 0.81693417 0.80034669 0.83202377 0.82465417 0.8247237  0.84301258\n 0.84583534 0.78443739 0.80367328 0.86363507 0.86948578 0.84986256\n 0.8636405  0.85951294 0.87830329 0.88278979 0.87054358 0.86340022\n 0.85758157 0.87213217 0.84988157 0.85473185 0.85432751 0.83656823\n 0.83558014 0.73066548 0.35861082 0.31205984 0.12933494 0.31840743\n 0.31835475 0.3234025  0.296391   0.28194186 0.30888755 0.27912534\n 0.15530989 0.07840351 0.21090369 0.28039273 0.2433117  0.31604103\n 0.40059487 0.32922023 0.29348236 0.303627   0.19794256 0.20446849\n 0.28283884 0.21287511 0.32442815 0.345731   0.18868603 0.34750549\n 0.32873206 0.30361858 0.43750963 0.43835151 0.46045542 0.42467112\n 0.42146359 0.43971569 0.46768212 0.41717562 0.42253161 0.47989207\n 0.47844832 0.40237274 0.4570502  0.3842197  0.22196338 0.25418968\n 0.4351227  0.45251646 0.44935245 0.45316796 0.4333762  0.4603283\n 0.49732294 0.44697339 0.52864741 0.52181904 0.47275978 0.4458462\n 0.64783102 0.44271504 0.50668102 0.35715847 0.4521442  0.32450637\n 0.51365104 0.31733954 0.04625774 1.00000004]",
    null
  ]
}