{
  "amplitude": {
    "bias_summary": {
      "mean": -2.6449179724477516,
      "median": -2.6367310285568237,
      "p05": -3.7559924840927126,
      "p95": -1.5689694285392757
    },
    "color_range": [
      -4.85612678527832,
      4.85612678527832
    ],
    "count": 153664,
    "mae": 2.6449179725080687,
    "max_abs": 4.85612678527832,
    "pearson_r": 0.052341757182380995,
    "pred_stats": {
      "max": 0.9664711952209473,
      "mean": 0.06332952529191971,
      "min": 0.0,
      "nan_count": 0,
      "std": 0.2157665193080902
    },
    "rmse": 2.7273773286029965,
    "truth_stats": {
      "max": 4.85612678527832,
      "mean": 2.708247423171997,
      "min": 0.6128976941108704,
      "nan_count": 0,
      "std": 0.6410303115844727
    }
  },
  "phase": {
    "bias_summary": {
      "mean": 0.015086369100851657,
      "median": 0.0,
      "p05": 0.0,
      "p95": 0.14686674922704712
    },
    "color_range": [
      -3.141592653589793,
      3.141592653589793
    ],
    "count": 153664,
    "mae": 0.015088910081289804,
    "max_abs": 2.007056713104248,
    "pearson_r": null,
    "pred_stats": {
      "max": 2.007056713104248,
      "mean": 0.015086368657648563,
      "min": -0.04494032263755798,
      "nan_count": 0,
      "std": 0.06947910040616989
    },
    "rmse": 0.07109812853971162,
    "truth_stats": {
      "max": 0.0,
      "mean": 0.0,
      "min": 0.0,
      "nan_count": 0,
      "std": 0.0
    }
  }
}