{
  "amplitude": {
    "bias_summary": {
      "mean": -2.604179168395816,
      "median": -2.5943533182144165,
      "p05": -3.694744849205017,
      "p95": -1.557608658075332
    },
    "color_range": [
      -4.85612678527832,
      4.85612678527832
    ],
    "count": 153664,
    "mae": 2.604179168518001,
    "max_abs": 4.85612678527832,
    "pearson_r": 0.167562300871758,
    "pred_stats": {
      "max": 0.9638411998748779,
      "mean": 0.104068323969841,
      "min": 0.0,
      "nan_count": 0,
      "std": 0.2619391679763794
    },
    "rmse": 2.6842149831569944,
    "truth_stats": {
      "max": 4.85612678527832,
      "mean": 2.708247423171997,
      "min": 0.6128976941108704,
      "nan_count": 0,
      "std": 0.6410303115844727
    }
  },
  "phase": {
    "bias_summary": {
      "mean": 0.008229046897717163,
      "median": 0.0,
      "p05": 0.0,
      "p95": 0.06619000956416146
    },
    "color_range": [
      -3.141592653589793,
      3.141592653589793
    ],
    "count": 153664,
    "mae": 0.008256873551039113,
    "max_abs": 0.18106059730052948,
    "pearson_r": null,
    "pred_stats": {
      "max": 0.18106059730052948,
      "mean": 0.008229047060012817,
      "min": -0.038333673030138016,
      "nan_count": 0,
      "std": 0.022683192044496536
    },
    "rmse": 0.024129740618615298,
    "truth_stats": {
      "max": 0.0,
      "mean": 0.0,
      "min": 0.0,
      "nan_count": 0,
      "std": 0.0
    }
  }
}