{
  "epochs": [
    0.0,
    1.0,
    2.0,
    3.0,
    4.0
  ],
  "metrics": {
    "intensity_scaler_inv_loss": [
      36.10774230957031,
      16.596757888793945,
      14.360991477966309,
      14.402667999267578,
      13.844059944152832
    ],
    "learning_rate": [
      0.0010000000474974513,
      0.0010000000474974513,
      0.0010000000474974513,
      0.0010000000474974513,
      0.0010000000474974513
    ],
    "loss": [
      -3866558.25,
      -3940848.5,
      -3945706.75,
      -3945795.5,
      -3946770.0
    ],
    "pred_intensity_loss": [
      -3886551.75,
      -3958783.25,
      -3951354.5,
      -3958678.5,
      -3960002.25
    ],
    "train_loss": [
      -3866558.25,
      -3940848.5,
      -3945706.75,
      -3945795.5,
      -3946770.0
    ],
    "trimmed_obj_loss": [
      0.0,
      0.0,
      0.0,
      0.0,
      0.0
    ],
    "val_intensity_scaler_inv_loss": [
      16.658483505249023,
      13.293262481689453,
      13.083634376525879,
      14.082233428955078,
      12.23725700378418
    ],
    "val_loss": [
      -4114562.75,
      -4118971.0,
      -4120230.25,
      -4119347.75,
      -4120963.0
    ],
    "val_pred_intensity_loss": [
      -4044650.5,
      -4048896.5,
      -4050019.75,
      -4049079.0,
      -4050804.0
    ],
    "val_trimmed_obj_loss": [
      0.0,
      0.0,
      0.0,
      0.0,
      0.0
    ]
  }
}