{
  "train_loss": [
    0.1253921240568161,
    0.08318682760000229,
    0.06525538861751556,
    0.04891005530953407,
    0.051221512258052826,
    0.049901045858860016,
    0.04218151420354843,
    0.04354006052017212,
    0.03956793248653412,
    0.03593086078763008
  ],
  "val_loss": [
    0.23147878050804138,
    0.22578658163547516,
    0.07381165772676468,
    0.06655270606279373,
    0.06559232622385025,
    0.0523938424885273,
    0.036658238619565964,
    0.08323537558317184,
    0.047476865351200104,
    0.06706438958644867,
    0.028471769765019417
  ]
}