{
  "mae": [
    "0.513058",
    6.036109045942294e-16
  ],
  "mse": [
    "0.4111674",
    5.484392031557398e-31
  ],
  "psnr": [
    51.990617185209445,
    348.461783442669
  ],
  "ssim": [
    0.27711383245288745,
    1.000000000000146
  ],
  "ms_ssim": [
    0.10228905402137384,
    0.3198310830957661
  ],
  "frc50": [
    "2",
    NaN
  ],
  "frc": [
    "[1.         0.76345641 0.19878358 0.05071506 0.04459016 0.41432096\n 0.27610135 0.1985138  0.10344343 0.00810886 0.04184302 0.04713489\n 0.05260539 0.18929561 0.13863932 0.23676122 0.024933   0.13417943\n 0.03556065 0.05583222 0.10956552 0.08854186 0.10373756 0.1520097\n 0.22550975 0.01924459 0.05839353 0.09283996 0.14348139 0.01542414\n 0.03241841 0.15700473 0.08777104 0.06151981 0.07434292 0.06285173\n 0.0610292  0.0609503  0.04518802 0.06503301 0.03963497 0.08165862\n 0.05490418 0.06349378 0.10323476 0.06862776 0.02166267 0.1421516\n 0.09473858 0.01903927 0.01936727 0.03373034 0.01522859 0.12604929\n 0.05449588 0.05632733 0.081197   0.05193473 0.05053151 0.02068614\n 0.06424952 0.10910057 0.02738199 0.0741403  0.0221811  0.05600405\n 0.09887759 0.08827916 0.02732695 0.02620853 0.0321635  0.02001155\n 0.08529253 0.0569399  0.11650524 0.07814917 0.09677416 0.10390917\n 0.04838685 0.03842621 0.00608102 0.04368203 0.0851334  0.03280911\n 0.11742766 0.18024195 0.0174611  0.07142543 0.11550451 0.06723703\n 0.0366195  0.02609681 0.09056516 0.10111485 0.09018306 0.1406656\n 0.13588752 0.05805085 0.10803548 0.01975338 0.02164788 0.03888368\n 0.0208258  0.10206686 0.13352636 0.05477665 0.05592081 0.12953937\n 0.11595696 0.10757072 0.02754214 0.06549208 0.12773091 0.14166286\n 0.06506593 0.06535617 0.07778251 0.07492759 0.1699074  0.1229601\n 0.11928463 0.09435273 0.05678693 0.11279292 0.17919639 0.21565283\n 0.12917738 0.151776   0.08151244 0.14075407 0.18017746 0.11389202\n 0.13171848 0.13788392 0.14483533 0.20546491 0.22125441 0.24018661\n 0.21650191 0.2216392  0.15466683 0.1967983  0.18439814 0.19036516\n 0.08883797 0.14927925 0.14893943 0.14578029 0.09653232 0.24133118\n 0.09167489 0.12714569 0.11252827 0.19274772 0.22618606 0.23169908\n 0.23147288 0.17395099 0.21080006 0.19412875 0.17471    0.23522355\n 0.21105902 0.20508192        inf        inf        inf        inf\n        inf        inf        inf        inf        inf        inf\n        inf        inf        inf        inf        inf        inf\n        inf        inf        inf        inf        inf        inf\n        inf        inf        inf        inf        inf        inf\n        inf        inf        inf        inf        inf        inf\n        inf        inf        inf        inf        inf        inf\n        inf        inf        inf        inf        inf        inf\n        inf        inf        inf        inf        inf        inf\n        inf        inf        inf        inf        inf        inf\n        inf        inf        inf        inf        inf        inf\n        inf        inf        inf        inf]",
    null
  ]
}