{
  "epochs": [
    0.0,
    1.0,
    2.0,
    3.0,
    4.0
  ],
  "metrics": {
    "intensity_scaler_inv_loss": [
      9.413538932800293,
      5.773281574249268,
      4.831794261932373,
      4.812851428985596,
      4.891421318054199
    ],
    "learning_rate": [
      0.0010000000474974513,
      0.0010000000474974513,
      0.0010000000474974513,
      0.0010000000474974513,
      0.0010000000474974513
    ],
    "loss": [
      -247702.953125,
      -251914.9375,
      -252469.328125,
      -252435.203125,
      -252244.21875
    ],
    "pred_intensity_loss": [
      -244995.015625,
      -254130.5625,
      -253018.90625,
      -250988.34375,
      -251579.5
    ],
    "train_loss": [
      -247702.953125,
      -251914.9375,
      -252469.328125,
      -252435.203125,
      -252244.21875
    ],
    "trimmed_obj_loss": [
      0.0,
      0.0,
      0.0,
      0.0,
      0.0
    ],
    "val_intensity_scaler_inv_loss": [
      7.358242511749268,
      5.451105117797852,
      4.613275527954102,
      6.509494781494141,
      4.725184440612793
    ],
    "val_loss": [
      -284484.21875,
      -285564.15625,
      -285862.84375,
      -283729.15625,
      -285646.75
    ],
    "val_pred_intensity_loss": [
      -277063.125,
      -278187.21875,
      -278558.0625,
      -276568.59375,
      -278376.65625
    ],
    "val_trimmed_obj_loss": [
      0.0,
      0.0,
      0.0,
      0.0,
      0.0
    ]
  }
}