{
  "spectral_grad_mean": 2.3773689463268965e-05,
  "local_grad_mean": 0.00046203413512557745,
  "spectral_local_ratio": 0.051454400564597796
}