{
  "train_loss": [
    0.3058449327945709,
    0.07272397726774216,
    0.06062578782439232,
    0.050304390490055084,
    0.046218305826187134,
    0.04371415451169014,
    0.040929269045591354,
    0.03895270451903343,
    0.037203364074230194,
    0.042258623987436295,
    0.03594139590859413,
    0.033851396292448044,
    0.03226316347718239,
    0.03139956295490265,
    0.03398088365793228,
    0.031493183225393295,
    0.030216000974178314,
    0.029938463121652603,
    0.029347186908125877,
    0.029179217293858528
  ],
  "val_loss": [
    0.9856066703796387,
    0.09162069857120514,
    0.0721299946308136,
    0.07732157409191132,
    0.06085849553346634,
    0.10613268613815308,
    0.07793322950601578,
    0.05246119946241379,
    0.05594918131828308,
    0.09678719937801361,
    0.09841445088386536,
    0.049538567662239075,
    0.04460339993238449,
    0.04168782755732536,
    0.0843314677476883,
    0.060283251106739044,
    0.04370862618088722,
    0.06277056038379669,
    0.049846719950437546,
    0.03795826435089111,
    0.03620649501681328
  ]
}