{
  "mae": [
    "0.11279687",
    0.028236162698831568
  ],
  "mse": [
    "0.019768063",
    0.001321307798424237
  ],
  "psnr": [
    65.17116249038315,
    76.92076362698859
  ],
  "ssim": [
    0.7780784132397344,
    0.9779883235310604
  ],
  "ms_ssim": [
    0.957342942144945,
    0.1447755922572256
  ],
  "frc50": [
    "33",
    NaN
  ],
  "frc": [
    "[1.         0.99994684 0.99992597 0.99961681 0.99961283 0.99963691\n 0.99933037 0.99915157 0.99912    0.99895348 0.99810056 0.99681612\n 0.99648622 0.99645043 0.99368334 0.99342162 0.99384518 0.98944634\n 0.99078674 0.9846375  0.98022785 0.97731367 0.98114783 0.97070681\n 0.9607231  0.95600757 0.929874   0.94295197 0.92006113 0.85695063\n 0.88545224 0.80460213 0.61678385 0.39577607 0.69848821 0.73364407\n 0.76055365 0.71264577 0.72453729 0.66543954 0.61995257 0.54828695\n 0.42438841 0.5463205  0.4958591  0.5274572  0.50054398 0.57036934\n 0.58938456 0.65170813 0.59077711 0.67282138 0.68891996 0.68084555\n 0.65611984 0.65829977 0.71313851 0.68324773 0.66407569 0.69522465\n 0.70095462 0.72663819 0.68846043 0.73033568 0.67568057 0.46376319\n 0.61545389 0.66104368 0.64304663 0.61551107 0.55983604 0.55358133\n 0.33174558 0.29982546 0.53417405 0.52687305 0.52346658 0.46615447\n 0.48381257 0.46098821 0.48286747 0.47761526 0.57691835 0.52303733\n 0.44883153 0.55635822 0.58235673 0.4736497  0.48774617 0.54631669\n 0.56839734 0.52489713 0.33931977 0.4135567  0.46937624 0.51481989\n 0.50109618 0.5278232  0.32652434 0.53309879 0.47824524 0.38197751\n 0.40499786 0.17449282 0.44584775 0.45923524 0.44251699 0.4769551\n 0.45672188 0.51853875 0.50214783 0.43965703 0.51180098 0.52905016\n 0.56976119 0.55665311 0.54975469 0.54766128 0.49136246 0.55887427\n 0.5664736  0.58144726 0.59208661 0.61323399 0.60166421 0.5830545\n 0.53793614 0.61478053 0.60710785 0.59207828 0.35878143 0.49083403\n 0.64014589 0.62423978 0.33806245 0.50346906 0.62997803 0.63579253\n 0.68963715 0.66739441 0.68156479 0.70006787 0.68638672 0.71655376\n 0.68318082 0.55356549 0.63843876 0.72241975 0.72947631 0.73813076\n 0.73902375 0.71271301 0.74950792 0.76354136 0.76611793 0.74698503\n 0.73922349 0.74552124 0.73714706 0.70117188 0.74629171 0.70263624\n 0.68366791 0.45444084 0.17868863 0.14328546 0.00939415 0.11289392\n 0.18001589 0.220771   0.18632002 0.12812178 0.13971828 0.15980108\n 0.02995889 0.02673066 0.15816642 0.24456613 0.13325724 0.11247578\n 0.21506287 0.2407238  0.25208696 0.06646919 0.07051941 0.17226435\n 0.16212116 0.10106015 0.20235319 0.29282992 0.09388634 0.0932492\n 0.3297064  0.18063646 0.22972252 0.26766462 0.25544963 0.24404654\n 0.21976989 0.2662961  0.36443458 0.24782608 0.24523156 0.28266087\n 0.27052548 0.23316083 0.25202163 0.14812442 0.15809904 0.02736456\n 0.25444689 0.13554085 0.30994442 0.18039508 0.33517548 0.18903948\n 0.1961175  0.2961657  0.24301458 0.31324827 0.21387199 0.28448238\n 0.48055124 0.25753499 0.31331898 0.32538565 0.26534908 0.34223929\n 0.37353261 0.3165464  0.57454189 0.99999998]",
    null
  ]
}