{
  "mae": [
    "0.123119704",
    0.015182325490618537
  ],
  "mse": [
    "0.023013545",
    0.00037314261848832666
  ],
  "psnr": [
    64.5109680024129,
    82.41205505888854
  ],
  "ssim": [
    0.8040972631691693,
    0.9928275787231449
  ],
  "ms_ssim": [
    0.951446198598723,
    0.11170859096490983
  ],
  "frc50": [
    "47",
    NaN
  ],
  "frc": [
    "[1.         0.99995961 0.99995895 0.99981069 0.99985536 0.99961827\n 0.99949537 0.99953495 0.99939769 0.99841393 0.99817561 0.9977888\n 0.99691498 0.99718826 0.99569226 0.99382436 0.99371122 0.99271077\n 0.98956861 0.98476271 0.98319559 0.97855956 0.97828187 0.96838529\n 0.96541803 0.95932807 0.93745164 0.94930501 0.94163192 0.89805301\n 0.91411336 0.88327334 0.72280405 0.67461835 0.78091631 0.75999381\n 0.77709323 0.7219774  0.77913163 0.69881598 0.68230656 0.65249666\n 0.53069126 0.63492567 0.60299731 0.56743861 0.51118011 0.49964579\n 0.69704209 0.74322523 0.72782851 0.76044352 0.78905791 0.79458295\n 0.80137189 0.81374105 0.8441816  0.80823724 0.81541567 0.82474488\n 0.81995488 0.82233845 0.7824212  0.82827044 0.78759495 0.49020298\n 0.76755601 0.77246197 0.72309998 0.73071042 0.67147326 0.64212077\n 0.45972881 0.41374525 0.61939529 0.61754252 0.59916791 0.55493352\n 0.57902259 0.53562451 0.52643226 0.52747707 0.60823838 0.51384496\n 0.48092372 0.56475528 0.59879728 0.47571031 0.4648229  0.52769034\n 0.55319301 0.51189256 0.37955777 0.43533537 0.50512312 0.52230974\n 0.47130065 0.4860633  0.34198399 0.50655011 0.47194405 0.42991477\n 0.44092572 0.30182206 0.55078629 0.48018292 0.46728398 0.5395526\n 0.48307589 0.55332548 0.50602763 0.47978332 0.5365547  0.54072722\n 0.58342109 0.53265276 0.55725266 0.51251741 0.4132771  0.57211328\n 0.61582518 0.61141293 0.63317569 0.67058916 0.63166417 0.62550368\n 0.62333076 0.63446017 0.61380613 0.61531621 0.38775108 0.63744797\n 0.71034779 0.67631583 0.52909127 0.63662108 0.70361007 0.71753746\n 0.71347996 0.70163841 0.74651763 0.72843871 0.76449961 0.75932782\n 0.74371028 0.59193998 0.67588891 0.7715343  0.76725805 0.77267637\n 0.77086476 0.77385818 0.79226159 0.82428203 0.8069557  0.7980096\n 0.8216351  0.81163838 0.77933127 0.78214278 0.77590473 0.74038526\n 0.75416261 0.2637061  0.22114819 0.1917268  0.02889264 0.17800801\n 0.2429418  0.2565949  0.17904646 0.16984387 0.20748645 0.2200424\n 0.13889696 0.02424761 0.18556881 0.26828216 0.16458244 0.17946892\n 0.23643474 0.23107738 0.3052429  0.14080298 0.12751803 0.27763166\n 0.2265615  0.14473303 0.22305117 0.4013536  0.06904482 0.19825326\n 0.34885457 0.26197346 0.30370723 0.29547339 0.24500391 0.32648569\n 0.35053596 0.31207815 0.39232414 0.3356926  0.30525305 0.40372461\n 0.3053892  0.28760967 0.37063249 0.24152224 0.1947787  0.22435449\n 0.35410371 0.28069769 0.41012714 0.30097504 0.3968562  0.32027977\n 0.36321646 0.26722798 0.28687044 0.33177611 0.2570225  0.31232943\n 0.54505877 0.24066572 0.39403171 0.35319816 0.24000741 0.327746\n 0.41045808 0.30032282 0.36715109 1.00000001]",
    null
  ]
}