{
  "train_loss": [
    21.35991668701172,
    25.605247497558594,
    25.602031707763672,
    25.607913970947266,
    25.594341278076172,
    25.609600067138672,
    25.603759765625,
    25.607202529907227,
    25.607492446899414,
    25.601484298706055,
    25.59926986694336,
    25.601505279541016,
    25.596696853637695,
    25.594348907470703,
    25.606273651123047,
    25.607812881469727,
    25.5955753326416,
    25.59449005126953,
    25.604034423828125,
    25.60738182067871
  ],
  "val_loss": [
    11.503368377685547,
    24.959110260009766,
    24.959110260009766,
    24.959110260009766,
    24.959110260009766,
    24.959110260009766,
    24.959110260009766,
    24.959110260009766,
    24.959110260009766,
    24.959110260009766,
    24.959110260009766,
    24.959110260009766,
    24.959110260009766,
    24.959110260009766,
    24.959110260009766,
    24.959110260009766,
    24.959110260009766,
    24.959110260009766,
    24.959110260009766,
    24.959110260009766,
    24.959110260009766
  ]
}