{
  "pinn": {
    "mae": [
      0.07200293648617455,
      0.0777512838571753
    ],
    "mse": [
      0.008402966725602206,
      0.03261605392468147
    ],
    "psnr": [
      68.8864772792175,
      62.99648944801858
    ],
    "ssim": [
      0.9044216561120993,
      0.8856145027896771
    ],
    "ms_ssim": [
      0.9809329886316526,
      0.576147792258528
    ],
    "frc50": [
      "165",
      NaN
    ],
    "frc": [
      "[1.         0.9999838  0.99996273 0.99978691 0.99988488 0.99986979\n 0.99950958 0.99957071 0.99917112 0.9986274  0.99767677 0.99767568\n 0.99416899 0.9940597  0.99443568 0.99061972 0.98859374 0.98671964\n 0.98717373 0.98378032 0.98286167 0.98362651 0.98302313 0.9742041\n 0.98068871 0.98082409 0.97125825 0.97491117 0.97506915 0.95896949\n 0.97343014 0.9562066  0.94237262 0.92287021 0.92814196 0.91947258\n 0.9288141  0.90944407 0.91311318 0.8564379  0.86827301 0.88003037\n 0.84234679 0.87080099 0.88744987 0.86313451 0.88548735 0.8741914\n 0.91585967 0.92961438 0.93049057 0.93867573 0.94127252 0.95344335\n 0.9548946  0.94967895 0.96157548 0.95726233 0.95787695 0.95570451\n 0.9524363  0.9571548  0.94838853 0.95313866 0.94314864 0.89688092\n 0.93552664 0.92048649 0.90450676 0.89520671 0.8621694  0.86838495\n 0.87018794 0.80742356 0.82351331 0.8015252  0.80083392 0.73178385\n 0.74169668 0.73842275 0.66355277 0.67954774 0.70984271 0.70128201\n 0.71323474 0.64781828 0.66137226 0.66647895 0.68100924 0.66728227\n 0.62047186 0.67326464 0.6466679  0.61982994 0.65024844 0.65351167\n 0.67967956 0.64033671 0.59966405 0.68791294 0.65961741 0.607312\n 0.61933742 0.63241583 0.71079985 0.66143622 0.65507552 0.70174253\n 0.6935592  0.69927549 0.67115824 0.70278881 0.6945783  0.68702304\n 0.72104284 0.70926    0.72552357 0.73187901 0.72502867 0.73321\n 0.75452159 0.77030211 0.7589841  0.79952684 0.78076582 0.81550022\n 0.79307442 0.80439749 0.81243276 0.81467141 0.70763716 0.75691212\n 0.82560291 0.84524152 0.81622962 0.84899896 0.84362831 0.86571231\n 0.87493332 0.86898138 0.8777874  0.87578467 0.88484527 0.88785204\n 0.87182971 0.879491   0.88247056 0.89136339 0.88921139 0.88432263\n 0.89130167 0.90212822 0.90652025 0.91595866 0.90659542 0.91481618\n 0.92238372 0.91354751 0.91900173 0.91399073 0.91187348 0.90376478\n 0.90755833 0.68451759 0.51458397 0.39762217 0.25808679 0.30879168\n 0.4007336  0.31338031 0.30426813 0.26975257 0.3092431  0.26511562\n 0.24281298 0.26780972 0.31644301 0.30549052 0.26629774 0.27346301\n 0.30058765 0.29603073 0.3528242  0.37400807 0.30376765 0.39627409\n 0.30005217 0.26471705 0.31897173 0.33981455 0.32898824 0.33291214\n 0.31145703 0.38326531 0.39412494 0.45931816 0.36798439 0.40609054\n 0.45321841 0.43495962 0.4911164  0.50846884 0.41770775 0.54792925\n 0.29805698 0.40850452 0.43478374 0.44210853 0.40726578 0.42104776\n 0.41450233 0.4540562  0.4495722  0.40652265 0.40754269 0.46904276\n 0.41856083 0.42973067 0.41928338 0.45510835 0.57621806 0.39488008\n 0.5903448  0.48050424 0.47101502 0.4881494  0.59854046 0.45284753\n 0.68614271 0.89080821 0.57652068 1.00000001]",
      null
    ]
  },
  "baseline": {
    "mae": [
      0.3921907589070112,
      2.503783317105354e-13
    ],
    "mse": [
      0.2695860396860471,
      9.55673326580133e-25
    ],
    "psnr": [
      53.82382962081134,
      288.32573630974315
    ],
    "ssim": [
      0.2837496966735432,
      0.999999999999759
    ],
    "ms_ssim": [
      0.6855170296135943,
      0.013582714903384918
    ],
    "frc50": [
      "32",
      NaN
    ],
    "frc": [
      "[1.         0.99986128 0.99978026 0.99947357 0.99973154 0.99975036\n 0.99935611 0.99905873 0.99950464 0.9986679  0.99851648 0.99783948\n 0.99636413 0.99674782 0.99494    0.9929826  0.99220339 0.98841879\n 0.98569896 0.97204329 0.97587605 0.97181864 0.95446849 0.93694283\n 0.93518733 0.89817324 0.86216515 0.81904578 0.77673579 0.64472653\n 0.6381476  0.5271335  0.08774553 0.07877079 0.29099038 0.58650397\n 0.6064616  0.63995748 0.6782538  0.6892433  0.74249317 0.73005777\n 0.66002171 0.57620802 0.61672672 0.31192853 0.20456466 0.13774307\n 0.50399067 0.67639013 0.63029625 0.81252991 0.81117054 0.79285731\n 0.84087621 0.85030894 0.85792569 0.81872093 0.8338128  0.84381566\n 0.7741124  0.71365628 0.59302025 0.58292086 0.48023254 0.11644959\n 0.10082765 0.29926663 0.3226017  0.38482029 0.21903563 0.35736491\n 0.21172609 0.13047041 0.23075124 0.18427315 0.2147439  0.2425861\n 0.22108349 0.22865469 0.18747382 0.21201641 0.21397775 0.18475722\n 0.20639365 0.25185652 0.18814748 0.13792317 0.24878411 0.21505807\n 0.15923734 0.13266113 0.10083299 0.12072677 0.10987651 0.13416221\n 0.12325112 0.040136   0.03543789 0.11356263 0.11164128 0.11441717\n 0.08966202 0.06800402 0.11164865 0.20504649 0.26134366 0.34768814\n 0.38469123 0.40348828 0.39129349 0.41857984 0.47247926 0.40613954\n 0.4563107  0.47572672 0.41323429 0.25234684 0.08261379 0.39861793\n 0.38954023 0.45486349 0.35554816 0.39964918 0.33980489 0.33792938\n 0.23026224 0.28215051 0.28710686 0.14990136 0.04062359 0.01990176\n 0.0819585  0.12031028 0.07345962 0.14355556 0.23455566 0.35251164\n 0.32652517 0.25845435 0.52691565 0.59885832 0.58102886 0.65029521\n 0.55392403 0.31315886 0.40201032 0.63259389 0.6833945  0.73363973\n 0.74995539 0.76742948 0.7948253  0.78903591 0.79088177 0.72894191\n 0.76222697 0.72656741 0.70315076 0.64520556 0.55244807 0.56715719\n 0.44564548 0.04355504 0.06920818 0.18467214 0.00444082 0.05297968\n 0.12675641 0.16105869 0.1262097  0.04243282 0.09124292 0.07795689\n 0.00571351 0.00472653 0.1276095  0.0190481  0.14675285 0.10995518\n 0.12366295 0.11485111 0.03413879 0.09560662 0.05921928 0.06595978\n 0.10789773 0.06004303 0.10349    0.08019726 0.04475484 0.07499148\n 0.27557459 0.21092948 0.23356997 0.19085074 0.24272171 0.15034977\n 0.18074734 0.30258518 0.13971471 0.18314705 0.2630928  0.24504924\n 0.29941135 0.29469895 0.18192054 0.16428704 0.16726465 0.06522188\n 0.00736936 0.24947699 0.13714731 0.33583656 0.0749926  0.38631536\n 0.30448364 0.37056885 0.4012259  0.24255716 0.41933959 0.35834223\n 0.28144644 0.33017618 0.03506632 0.20358832 0.39275784 0.02771487\n 0.12017829 0.18090016 0.70779609 1.00000001]",
      null
    ]
  }
}