{
  "amplitude": {
    "bias_summary": {
      "mean": -2.6816206856592113,
      "median": -2.6713526248931885,
      "p05": -3.7540420293807983,
      "p95": -1.6366970181465152
    },
    "color_range": [
      -4.85612678527832,
      4.85612678527832
    ],
    "count": 130599,
    "mae": 2.6816206856592113,
    "max_abs": 4.7676825523376465,
    "pearson_r": null,
    "pred_stats": {
      "max": 0.0,
      "mean": 0.0,
      "min": 0.0,
      "nan_count": 23065,
      "std": 0.0
    },
    "rmse": 2.757292229684781,
    "truth_stats": {
      "max": 4.85612678527832,
      "mean": 2.708247423171997,
      "min": 0.6128976941108704,
      "nan_count": 0,
      "std": 0.6410303115844727
    }
  },
  "phase": {
    "bias_summary": {
      "mean": 0.0,
      "median": 0.0,
      "p05": 0.0,
      "p95": 0.0
    },
    "color_range": [
      -3.141592653589793,
      3.141592653589793
    ],
    "count": 130599,
    "mae": 0.0,
    "max_abs": 0.0,
    "pearson_r": null,
    "pred_stats": {
      "max": 0.0,
      "mean": 0.0,
      "min": 0.0,
      "nan_count": 23065,
      "std": 0.0
    },
    "rmse": 0.0,
    "truth_stats": {
      "max": 0.0,
      "mean": 0.0,
      "min": 0.0,
      "nan_count": 0,
      "std": 0.0
    }
  }
}