{
  "bundle_intensity_scale": 558.293212890625,
  "dataset_scale_info": {
    "N": 64,
    "batch_mean_sum_intensity": 3007.8585183347295,
    "dataset_scale": 576.5955653006401,
    "delta": -411.61620350197836,
    "fallback_scale": 988.2117688026185,
    "nphotons": 1000000000.0,
    "ratio": 0.5834736880327591,
    "spec_reference": "specs/spec-ptycho-core.md \u00a7Normalization Invariants"
  },
  "intensity_scaler_state": {
    "delta": 0.0001034287763559405,
    "exp_log_scale": 558.2932794241045,
    "log_scale_value": 6.324884414672852,
    "params_cfg_intensity_scale": 558.2931759953282,
    "params_cfg_trainable": true,
    "ratio": 1.000000185258894,
    "spec_reference": "specs/spec-ptycho-core.md \u00a7Normalization Invariants",
    "trainable": true
  },
  "largest_drop": {
    "from_mean": 0.15274183452129364,
    "from_stage": "grouped_diffraction",
    "key": "grouped_to_normalized",
    "ratio": 0.559530321508642,
    "to_mean": 0.08546368777751923,
    "to_stage": "grouped_X_full"
  },
  "legacy_params_intensity_scale": 558.293212890625,
  "normalize_gain": 0.559530321508642,
  "ratios": {
    "grouped_to_normalized": 0.559530321508642,
    "normalized_to_container": 1.0,
    "raw_to_grouped": 1.0413123525320749
  },
  "scale_delta": 0.0,
  "stage_means": {
    "container_X": 0.08546368777751923,
    "grouped_X_full": 0.08546368777751923,
    "grouped_diffraction": 0.15274183452129364,
    "raw_diffraction": 0.14668205380439758
  },
  "stages": [
    {
      "metadata": {
        "count": 256,
        "source": "RawData"
      },
      "name": "raw_diffraction",
      "stats": {
        "dtype": "float32",
        "finite_count": 1048576,
        "max": 26.895893096923828,
        "mean": 0.14668205380439758,
        "min": 0.0,
        "nan_count": 0,
        "shape": [
          256,
          64,
          64
        ],
        "std": 0.8442895412445068,
        "total_count": 1048576
      }
    },
    {
      "metadata": {
        "count": 64,
        "gridsize": 1,
        "source": "RawData.generate_grouped_data"
      },
      "name": "grouped_diffraction",
      "stats": {
        "dtype": "float32",
        "finite_count": 262144,
        "max": 26.895893096923828,
        "mean": 0.15274183452129364,
        "min": 0.0,
        "nan_count": 0,
        "shape": [
          64,
          64,
          64,
          1
        ],
        "std": 0.8804562091827393,
        "total_count": 262144
      }
    },
    {
      "metadata": {
        "count": 64,
        "source": "normalize_data"
      },
      "name": "grouped_X_full",
      "stats": {
        "dtype": "float32",
        "finite_count": 262144,
        "max": 15.049065589904785,
        "mean": 0.08546368777751923,
        "min": 0.0,
        "nan_count": 0,
        "shape": [
          64,
          64,
          64,
          1
        ],
        "std": 0.4926418960094452,
        "total_count": 262144
      }
    },
    {
      "metadata": {
        "group_limit": 64,
        "source": "PtychoDataContainer"
      },
      "name": "container_X",
      "stats": {
        "dtype": "float32",
        "finite_count": 262144,
        "max": 15.049065589904785,
        "mean": 0.08546368777751923,
        "min": 0.0,
        "nan_count": 0,
        "shape": [
          64,
          64,
          64,
          1
        ],
        "std": 0.4926418960094452,
        "total_count": 262144
      }
    }
  ],
  "training_container_stats": {
    "dtype": "float32",
    "finite_count": 262144,
    "max": 15.049065589904785,
    "mean": 0.08546368777751923,
    "min": 0.0,
    "nan_count": 0,
    "shape": [
      64,
      64,
      64,
      1
    ],
    "std": 0.4926418960094452,
    "total_count": 262144
  }
}