{
  "input": {
    "shape": [
      256,
      64,
      64,
      1
    ],
    "mean": 0.33868688344955444,
    "max": 3.010354518890381,
    "nonzero_count": 1042304,
    "size": 1048576
  },
  "offsets": {
    "shape": [
      256,
      1,
      2,
      1
    ],
    "mean": -2.6251189303584397,
    "std": 47.03274520722275,
    "min": -102.32789026619866,
    "max": 63.300581108313054
  },
  "output": {
    "shape": [
      2,
      256,
      64,
      64,
      1
    ],
    "mean": 1.7365474700927734,
    "max": 2.304333448410034,
    "nonzero_count": 2097152,
    "size": 2097152
  },
  "inference_time_seconds": 0.7069780826568604
}