{
  "train_loss": [
    0.15930987894535065,
    0.08717531710863113,
    0.06549826264381409,
    0.0512993223965168,
    0.05639307200908661,
    0.04354139417409897,
    0.03971666470170021,
    0.037911802530288696,
    0.038546089082956314,
    0.047929540276527405,
    0.04254500940442085,
    0.031888447701931,
    0.03028002567589283,
    0.03096611611545086,
    0.03202614560723305,
    0.027085380628705025,
    0.03125195950269699,
    0.03290784731507301,
    0.025262081995606422,
    0.02839069440960884
  ],
  "val_loss": [
    3.3520078659057617,
    0.25757813453674316,
    0.24379125237464905,
    0.10646737366914749,
    0.29829418659210205,
    0.045401882380247116,
    0.1493837982416153,
    0.08941715955734253,
    0.03829529881477356,
    0.17257365584373474,
    0.028999190777540207,
    0.10094795376062393,
    0.05167429521679878,
    0.0908026173710823,
    0.07589402794837952,
    0.08520758897066116,
    0.02545042335987091,
    0.06689561158418655,
    0.030541272833943367,
    0.06215570494532585,
    0.02731885202229023
  ]
}