{
  "mae": [
    "0.056125805",
    0.13721614791326955
  ],
  "mse": [
    "0.0050427136",
    0.029450681688571876
  ],
  "psnr": [
    71.10416094268385,
    63.439850089843915
  ],
  "ssim": [
    0.9477679718908621,
    0.9640487353308492
  ],
  "ms_ssim": [
    0.9918173495204897,
    0.7226673000520885
  ],
  "frc50": [
    "103",
    "102"
  ],
  "frc": [
    "[1.         0.99998911 0.99998488 0.99992779 0.99991979 0.99993879\n 0.99980338 0.99977022 0.99981587 0.99961294 0.99922414 0.99900235\n 0.99892978 0.99900692 0.99849899 0.99860747 0.99788517 0.99809457\n 0.99765876 0.99673178 0.99592036 0.99652157 0.99567882 0.99352569\n 0.99331494 0.99438945 0.9909689  0.99179977 0.98995563 0.98469103\n 0.98785033 0.98396886 0.87927656 0.8619966  0.97774352 0.97384849\n 0.98414398 0.97729123 0.98194305 0.97351442 0.9705112  0.97452746\n 0.965854   0.95497377 0.95609853 0.91391534 0.83397218 0.79791705\n 0.92463866 0.9338044  0.91839091 0.92782449 0.93708349 0.933537\n 0.94275245 0.93661368 0.95066275 0.95957426 0.95504996 0.96174793\n 0.95769328 0.95921272 0.96586721 0.9658015  0.96393301 0.7824324\n 0.93660043 0.95029852 0.94381116 0.94458674 0.94422325 0.94228255\n 0.7864016  0.62850895 0.85263154 0.89977487 0.90581632 0.87749849\n 0.89283412 0.89747595 0.88719433 0.87511133 0.89163788 0.87514118\n 0.88542146 0.88626027 0.87473929 0.85726635 0.87351026 0.85816288\n 0.82897153 0.84747989 0.72822311 0.79717254 0.83796919 0.81952276\n 0.81052887 0.79773303 0.6345913  0.76482254 0.73706928 0.6822346\n 0.56280932 0.33149892 0.66165551 0.64846354 0.61585169 0.68314001\n 0.64653333 0.66789237 0.63707986 0.6692112  0.68174896 0.68308021\n 0.69446726 0.69000569 0.742947   0.7181209  0.68533256 0.69881507\n 0.74237896 0.74593638 0.72713538 0.75570098 0.74181613 0.80071599\n 0.77166652 0.77954317 0.80118811 0.76782429 0.66260272 0.70286185\n 0.77147264 0.71823892 0.40352281 0.55117726 0.75942229 0.80797933\n 0.82812292 0.82748574 0.84412339 0.85588226 0.86316508 0.87627343\n 0.88090521 0.85128656 0.86927891 0.88796352 0.89532904 0.89222547\n 0.90100973 0.89399831 0.90837373 0.90209656 0.89546215 0.88843237\n 0.89002411 0.8869077  0.87993407 0.89569224 0.88112722 0.89016582\n 0.88358612 0.71067685 0.45393697 0.34476032 0.056979   0.28746662\n 0.3468838  0.37504429 0.31571276 0.34237376 0.39992863 0.29716833\n 0.23215919 0.1321389  0.34166371 0.31126885 0.1852661  0.24218964\n 0.29275441 0.25939484 0.22328412 0.17984948 0.15485273 0.14396192\n 0.32563211 0.25145943 0.26449154 0.26055616 0.12060059 0.27136185\n 0.30190542 0.31510205 0.2762703  0.26470386 0.22509519 0.3296523\n 0.34118024 0.37476914 0.31459881 0.31426846 0.36687561 0.23928865\n 0.36236826 0.29774479 0.22609196 0.29046605 0.20161765 0.19512538\n 0.22738066 0.29298934 0.36887184 0.36024549 0.30551493 0.46034846\n 0.20889644 0.28955424 0.12781072 0.3059815  0.15403102 0.193095\n 0.41719482 0.09066749 0.14878658 0.11744312 0.09255027 0.18323773\n 0.14289917 0.50996715 0.94772476 1.00000003]",
    "[1.         0.99958341 0.99764746 0.99708282 0.99161647 0.99488549\n 0.97878309 0.97855021 0.98616351 0.98497804 0.98008674 0.98057376\n 0.96928555 0.97831632 0.96015579 0.96898079 0.97173958 0.95827314\n 0.95306327 0.94617143 0.94123816 0.95486977 0.94139664 0.92626464\n 0.90224185 0.91915882 0.89592752 0.92303385 0.91208283 0.92996412\n 0.95681615 0.94525414 0.92633336 0.8954356  0.95343203 0.92849505\n 0.94561775 0.94135506 0.9359775  0.92797012 0.93603394 0.94687888\n 0.9377487  0.93247069 0.93567736 0.84964605 0.77721618 0.73311295\n 0.92298406 0.9313709  0.92807235 0.93254181 0.92675507 0.92460697\n 0.92852007 0.91663976 0.90731901 0.90813837 0.90104984 0.90497258\n 0.89885427 0.87493938 0.89906664 0.90800497 0.91623351 0.79544175\n 0.89594018 0.9080251  0.88573168 0.88602    0.89281684 0.90592183\n 0.82547615 0.70968275 0.87478043 0.89440179 0.87518374 0.84757528\n 0.85576618 0.86084602 0.85053543 0.83581755 0.85111905 0.83763342\n 0.82460974 0.82858945 0.82302408 0.83539578 0.82533274 0.82168309\n 0.78970257 0.77424301 0.72083962 0.75184181 0.70558826 0.72194895\n 0.70116155 0.70585859 0.58471698 0.59630346 0.59393085 0.5571655\n 0.48029635 0.39446947 0.48435312 0.49952781 0.37810534 0.4615863\n 0.4858142  0.42264344 0.39153329 0.41634896 0.40275459 0.43230321\n 0.3893552  0.39730702 0.41512742 0.40159936 0.24629482 0.27723338\n 0.32938381 0.38042851 0.43500505 0.39749342 0.40171218 0.40499556\n 0.43992098 0.35529991 0.38987837 0.52405711 0.5051714  0.26361715\n 0.15538297 0.26037837 0.18755235 0.09011371 0.21792844 0.25522815\n 0.28761143 0.13241416 0.21863517 0.40329528 0.36018609 0.40622846\n 0.36119964 0.27439218 0.2960196  0.38901387 0.38655609 0.37954252\n 0.45732054 0.38424291 0.33207262 0.18876334 0.24153204 0.38666854\n 0.33760484 0.32057796 0.27946014 0.42010488 0.41382906 0.37837581\n 0.5664241  0.50636317 0.31110388 0.39229725 0.09966032 0.20345807\n 0.15399785 0.24513166 0.14580676 0.2283568  0.22933283 0.13642201\n 0.19024205 0.14190623 0.17228386 0.15367125 0.10215081 0.15467449\n 0.10807358 0.12274264 0.04207364 0.11359844 0.03049117 0.06671488\n 0.09440847 0.10207915 0.01998014 0.06696802 0.05838639 0.05737336\n 0.04409147 0.17616891 0.01994717 0.10045126 0.08218176 0.19632269\n 0.09303121 0.2906175  0.08630451 0.11554095 0.10304847 0.16209538\n 0.09599688 0.20765992 0.17130914 0.16208897 0.13143901 0.13876138\n 0.21680374 0.07739444 0.10319806 0.07932648 0.24179801 0.08086145\n 0.0493305  0.00448939 0.04131455 0.13523876 0.02188436 0.09539872\n 0.05710811 0.08929813 0.08079451 0.09877848 0.1415407  0.16015003\n 0.25651161 0.55604863 0.47325898 1.        ]"
  ]
}