{
  "train_loss": [
    0.2608996629714966,
    0.08316603302955627,
    0.05866914987564087,
    0.04615740105509758,
    0.041151586920022964,
    0.03835160285234451,
    0.030471589416265488,
    0.03287613019347191,
    0.03036888875067234,
    0.027420738711953163,
    0.031388137489557266,
    0.02747649885714054,
    0.027372602373361588,
    0.026694973930716515,
    0.026541678234934807,
    0.02581295743584633,
    0.025298791006207466,
    0.024440867826342583,
    0.02735891193151474,
    0.025186175480484962
  ],
  "val_loss": [
    13.832603454589844,
    0.07881226390600204,
    0.15919241309165955,
    0.04205510392785072,
    0.035603128373622894,
    0.06888075172901154,
    0.07118865847587585,
    0.07985380291938782,
    0.0356103852391243,
    0.027687620371580124,
    0.05768760293722153,
    0.029914477840065956,
    0.024770211428403854,
    0.031164417043328285,
    0.02972184121608734,
    0.043025217950344086,
    0.02197350561618805,
    0.03423450514674187,
    0.02275807224214077,
    0.04783402755856514,
    0.02170926332473755
  ]
}