{
  "mae": [
    "0.048439156",
    0.0038937631496015488
  ],
  "mse": [
    "0.003699327",
    2.5099916624149363e-05
  ],
  "psnr": [
    72.44957662368724,
    94.13408081965107
  ],
  "ssim": [
    0.9582882190780947,
    0.9998923803031329
  ],
  "ms_ssim": [
    0.9938168233520909,
    0.12058055844017515
  ],
  "frc50": [
    "165",
    NaN
  ],
  "frc": [
    "[1.         0.99999247 0.99997869 0.99986589 0.99987675 0.99988302\n 0.99982013 0.99960443 0.99969582 0.99952572 0.99940663 0.99944334\n 0.99937568 0.99929555 0.99917297 0.99887519 0.99876442 0.99844358\n 0.99821737 0.99718784 0.99740583 0.99755882 0.99714602 0.9958299\n 0.99554385 0.99533588 0.99206979 0.99444203 0.99155043 0.98761813\n 0.98935793 0.9839754  0.97930151 0.98116719 0.97606772 0.97641284\n 0.97832749 0.96732141 0.96737863 0.95298783 0.9521612  0.9544472\n 0.93922824 0.95232966 0.95515954 0.94375307 0.95484874 0.94112213\n 0.9569138  0.9571768  0.96474686 0.96450596 0.9643873  0.9670965\n 0.96772354 0.95582252 0.96098486 0.96256584 0.95817733 0.96473094\n 0.95959882 0.95387231 0.95575772 0.9581957  0.95626239 0.92461996\n 0.94691587 0.94915854 0.94173671 0.92635078 0.92061817 0.9200111\n 0.88997924 0.85251826 0.89094351 0.88878639 0.89626115 0.8778259\n 0.88067387 0.90426315 0.89246593 0.88182322 0.8724132  0.87121349\n 0.8584357  0.87220633 0.86463822 0.83798894 0.85034164 0.83205961\n 0.82142541 0.81191224 0.81742526 0.77908246 0.74298453 0.74435054\n 0.73001712 0.70047383 0.65207395 0.68058323 0.62549048 0.58397986\n 0.59291072 0.5621396  0.66805813 0.5828472  0.54169553 0.63402003\n 0.60849412 0.64383559 0.58682255 0.60289592 0.65286517 0.63417562\n 0.67831094 0.65251294 0.69066073 0.68165273 0.65631318 0.70700056\n 0.72691933 0.74027014 0.70717956 0.74991978 0.74777111 0.77684814\n 0.77187044 0.79713223 0.79884899 0.81660016 0.8117366  0.83031169\n 0.81405408 0.83565591 0.82340581 0.84923398 0.85580612 0.86053009\n 0.86533882 0.85813962 0.88476878 0.86543686 0.87661834 0.88821179\n 0.86613814 0.87978151 0.8705455  0.88880905 0.88417475 0.87632034\n 0.89143708 0.89802429 0.89225959 0.90245119 0.90787276 0.8975944\n 0.90852488 0.91402468 0.9043502  0.91384565 0.91762995 0.90630282\n 0.91433208 0.84905859 0.51216661 0.42113061 0.34920913 0.32607168\n 0.36794044 0.39602266 0.24517845 0.33722494 0.42299738 0.33738115\n 0.2800254  0.28173507 0.27121594 0.22183371 0.25959517 0.3052204\n 0.31335348 0.26561292 0.30245858 0.30895084 0.29414135 0.34467858\n 0.36288508 0.30335716 0.35350736 0.43019281 0.38916641 0.38401806\n 0.39948129 0.42774636 0.47229457 0.45255999 0.3802115  0.41316891\n 0.41501821 0.41817475 0.4883877  0.45281293 0.4082502  0.46197668\n 0.439294   0.45737098 0.49176434 0.3783642  0.13848553 0.45467661\n 0.56792367 0.56491215 0.54244429 0.46686922 0.54271257 0.5055853\n 0.51784251 0.47183262 0.41200976 0.49086607 0.44872089 0.38148082\n 0.67538989 0.47680141 0.40156214 0.32305123 0.38531751 0.4458658\n 0.49707643 0.74596424 0.49898051 1.00000002]",
    null
  ]
}