{
  "amplitude": {
    "max": 3.9093732833862305,
    "mean": 0.4120209515094757,
    "min": 0.0,
    "nan_count": 0,
    "std": 1.0170072317123413
  },
  "fits_canvas": true,
  "offsets": {
    "axis_max_abs": [
      376.3193180156394,
      373.3114293734376
    ],
    "max_abs": 376.3193180156394
  },
  "padded_size": 822,
  "phase": {
    "max": 1.0376371145248413,
    "mean": 0.1157650351524353,
    "min": 0.0,
    "nan_count": 0,
    "std": 0.2857988774776459
  },
  "required_canvas": 817
}