{
  "train_loss": [
    0.13817410171031952,
    0.09958919882774353,
    0.0937359556555748,
    0.08783934265375137,
    0.08447453379631042,
    0.08334018290042877,
    0.07938961684703827,
    0.08011496067047119,
    0.07857732474803925,
    0.07874742895364761,
    0.07511217892169952,
    0.07589643448591232,
    0.07533679157495499,
    0.07345286011695862,
    0.07307436317205429,
    0.07480674982070923,
    0.07187633961439133,
    0.07241801917552948,
    0.07075902074575424,
    0.0710924044251442
  ],
  "val_loss": [
    1.390924334526062,
    0.15107187628746033,
    0.1682666838169098,
    0.15760250389575958,
    0.14804980158805847,
    0.1461377739906311,
    0.10129857063293457,
    0.12592019140720367,
    0.13539385795593262,
    0.14665435254573822,
    0.09310132265090942,
    0.125197634100914,
    0.12784840166568756,
    0.1104101613163948,
    0.11558341979980469,
    0.1354941725730896,
    0.1018376275897026,
    0.12591446936130524,
    0.0994972288608551,
    0.11067228764295578,
    0.11559802293777466
  ]
}