{
  "mae": [
    "0.1884859",
    0.09768364847278416
  ],
  "mse": [
    "0.05495537",
    0.014912639401242428
  ],
  "psnr": [
    60.7307022843547,
    66.39525844466851
  ],
  "ssim": [
    0.536695066816062,
    0.8981956315574919
  ],
  "ms_ssim": [
    0.8360391533215837,
    0.8025293323548344
  ],
  "frc50": [
    "16",
    "27"
  ],
  "frc": [
    "[1.00000000e+00 9.99920592e-01 9.99623374e-01 9.99369459e-01\n 9.98871125e-01 9.97298624e-01 9.92331577e-01 9.90910076e-01\n 9.81634224e-01 9.61013110e-01 9.18406023e-01 8.85737400e-01\n 8.31419246e-01 7.13389812e-01 6.11057597e-01 6.46750168e-01\n 3.36441077e-01 4.61507847e-01 7.78093689e-02 2.36583563e-01\n 2.41240990e-01 5.76964628e-01 7.00763545e-01 7.07497442e-01\n 7.87239801e-01 5.91240008e-01 5.02291658e-01 3.49331980e-01\n 6.51578996e-01 6.91920368e-01 7.67732619e-01 6.39591585e-01\n 6.08375322e-01 5.88489882e-01 6.20335080e-01 6.49679909e-01\n 6.57996469e-01 4.96708643e-01 4.33281876e-01 5.91572258e-01\n 5.18847837e-01 3.49041394e-01 2.67318410e-01 1.41006399e-01\n 4.19960729e-03 3.77711811e-02 5.49310106e-02 1.42516137e-01\n 5.56856278e-02 7.15187391e-03 2.48646513e-02 1.78368584e-01\n 2.55565590e-01 1.74430590e-01 3.77450940e-01 3.19774341e-01\n 3.56348156e-01 2.96705222e-01 1.09654059e-01 3.82177700e-02\n 2.61785211e-02 1.16804304e-04 3.89396614e-02 1.66119565e-01\n 1.32168412e-01 1.54928371e-01 2.49690484e-01 2.70306001e-01\n 2.92269202e-01 2.95340003e-01 2.15033911e-01 2.45647007e-01\n 1.58705216e-01 2.42230092e-01 2.52441971e-01 3.05105618e-01\n 2.23235836e-01 2.59119404e-01 2.98438142e-01 2.66223817e-01\n 1.56724645e-01 3.87755304e-01 2.44420029e-01 2.72166696e-01\n 2.19374121e-01 2.99102328e-01 2.59677872e-01 3.34289997e-01\n 3.36850657e-01 3.92204960e-01 3.77705086e-01 3.60143311e-01\n 3.83063714e-01 4.47914342e-01 4.04341500e-01 3.89924659e-01\n 3.96377084e-01 4.41707500e-01 4.81129824e-01 4.41327318e-01\n 4.29502554e-01 3.79541736e-01 5.25838509e-01 4.21051380e-01\n 5.22474563e-01 4.34256033e-01 4.07421681e-01 4.90767536e-01\n 5.33602411e-01 3.18287897e-01 4.10268884e-01 4.82107347e-01\n 5.91838833e-01 5.71283826e-01 5.89021668e-01 5.46827814e-01\n 6.00081055e-01 6.19947266e-01 6.27668603e-01 4.59695693e-01\n 6.11546374e-01 6.47307478e-01 6.08908841e-01 6.61331570e-01\n 6.68114579e-01 6.58171244e-01 6.28097242e-01 6.46963104e-01\n 5.18706356e-01 6.11131272e-01 5.65291962e-01 6.20034938e-01\n 5.20621476e-01 3.70378416e-01 9.81437935e-02 2.80234175e-02\n 9.16887515e-02 7.63197424e-02 1.04245983e-01 5.72622661e-03\n 8.92140366e-02 6.35668514e-02 1.32406098e-02 1.94711607e-02\n 9.46744223e-02 1.04891589e-02 1.34957497e-02 6.34426974e-02\n 1.31058165e-01 1.06388508e-02 4.66674835e-02 8.36250042e-02\n 4.01279209e-03 4.96057508e-02 5.45210086e-02 1.20826341e-02\n 7.75743089e-03 5.75448261e-02 2.69267860e-02 1.53691132e-03\n 6.72548559e-02 4.10339675e-02 6.12352878e-02 4.27600034e-02\n 1.04825268e-02 7.41363155e-03 1.52999103e-01 2.14609156e-01\n 6.60912559e-02 2.74100055e-02 4.31189793e-02 3.09345547e-01\n 1.55771443e-01 7.76251524e-02 1.73526384e-01 6.66168704e-02\n 1.00027813e-01 9.65244444e-02 1.10572049e-01 2.40465062e-01\n 9.95238225e-02 1.29011277e-03 1.94110474e-01 1.86044114e-01\n 4.89809771e-01 1.26628980e-01 4.46487053e-01 4.13250540e-01\n 1.00000006e+00]",
    "[1.         0.99746263 0.98910449 0.99197126 0.97294484 0.95465588\n 0.92406701 0.92170051 0.93471755 0.92515116 0.89579468 0.92870556\n 0.9263848  0.93812144 0.95031034 0.95178862 0.94178795 0.92658201\n 0.85410281 0.8446044  0.78770751 0.61033345 0.6007145  0.58561196\n 0.62447304 0.59990864 0.6133561  0.48145486 0.71239296 0.76350477\n 0.78687228 0.76016063 0.56779578 0.57038179 0.48309998 0.51372694\n 0.47256936 0.27475163 0.20031243 0.42238971 0.29996857 0.07463038\n 0.14582693 0.09070706 0.02359889 0.04395086 0.05800685 0.11373716\n 0.2442448  0.4263309  0.41982065 0.49397365 0.45392089 0.18533464\n 0.21414327 0.18350451 0.06915729 0.03360455 0.02977627 0.0153739\n 0.04424068 0.09916016 0.10993589 0.24304988 0.16120958 0.2309426\n 0.21356846 0.16004996 0.16859961 0.14882199 0.22198722 0.1427114\n 0.13690493 0.167807   0.21842046 0.30430707 0.24085912 0.25900469\n 0.28661899 0.19784168 0.03788967 0.2639047  0.1752727  0.25766165\n 0.12257863 0.2542265  0.21943425 0.29459486 0.30038311 0.32531535\n 0.35568488 0.35597418 0.3673972  0.37485512 0.33174109 0.3883863\n 0.27290661 0.34229186 0.39132494 0.46497122 0.40134195 0.41183261\n 0.43800374 0.31656231 0.47616694 0.38090496 0.26160809 0.35540003\n 0.32994919 0.13115482 0.24183901 0.3770402  0.51162984 0.43716961\n 0.4825077  0.4374702  0.42240664 0.54449995 0.51991025 0.37281383\n 0.51404833 0.53642871 0.56130179 0.48770144 0.57754626 0.5789687\n 0.59362769 0.63410151 0.5848513  0.54155982 0.38512271 0.55788291\n 0.50792008 0.19882912 0.13137742 0.04068194 0.12223245 0.0408091\n 0.04262265 0.03295028 0.0114145  0.07145751 0.05569612 0.05205325\n 0.07161719 0.09313838 0.08640745 0.05702844 0.11296024 0.01633352\n 0.01205152 0.10044517 0.04930527 0.08488812 0.00146365 0.00130893\n 0.01717903 0.00499679 0.04866558 0.02777894 0.07381303 0.04993549\n 0.01260794 0.00524199 0.05584331 0.09768333 0.10578495 0.15991962\n 0.0533901  0.10257755 0.05265181 0.23424643 0.10642634 0.01286063\n 0.09067517 0.0512417  0.08338287 0.14596054 0.06561391 0.34647198\n 0.04471372 0.12125969 0.27083751 0.17454306 0.2453239  0.1870696\n 0.24067867 0.36372549 1.        ]"
  ]
}