{
  "amplitude": {
    "max": 4.153540134429932,
    "mean": 0.4213344156742096,
    "min": 0.0,
    "nan_count": 0,
    "std": 1.0149139165878296
  },
  "fits_canvas": true,
  "offsets": {
    "axis_max_abs": [
      377.02992320243726,
      381.8949744624406
    ],
    "max_abs": 381.8949744624406
  },
  "padded_size": 828,
  "phase": {
    "max": 0.0,
    "mean": -0.12359066307544708,
    "min": -1.1081428527832031,
    "nan_count": 0,
    "std": 0.298485666513443
  },
  "required_canvas": 828
}