{
  "train_loss": [
    0.08167029172182083,
    0.04890986531972885,
    0.04042169451713562,
    0.03544805943965912,
    0.03180425614118576
  ],
  "val_loss": [
    0.8841739892959595,
    0.09620866924524307,
    0.09822049736976624,
    0.06539127975702286,
    0.03991034999489784,
    0.041050106287002563
  ]
}