{
  "mae": [
    "0.11648295",
    0.03103486230031015
  ],
  "mse": [
    "0.020652361",
    0.0015601961495403354
  ],
  "psnr": [
    64.98110612770974,
    76.19901159210607
  ],
  "ssim": [
    0.7940798263945158,
    0.9770068081345593
  ],
  "ms_ssim": [
    0.9573060505024539,
    0.08589647579312093
  ],
  "frc50": [
    "42",
    NaN
  ],
  "frc": [
    "[1.         0.99998704 0.99996117 0.99986423 0.99991486 0.99993002\n 0.99972179 0.99962478 0.99959103 0.99915144 0.99885462 0.99854847\n 0.99846309 0.9980791  0.99607487 0.99480999 0.99496296 0.99360919\n 0.99201585 0.98629408 0.97976317 0.977244   0.97708787 0.96613956\n 0.96272614 0.95363234 0.93258476 0.93522335 0.92996925 0.89004575\n 0.89962985 0.87686025 0.7629556  0.70552892 0.74645683 0.76268254\n 0.74348126 0.68476763 0.74730359 0.66501165 0.64785861 0.57153992\n 0.49835628 0.59488754 0.54626269 0.53977536 0.53194162 0.58520741\n 0.62292507 0.64799792 0.61641394 0.65984689 0.67621661 0.66621437\n 0.66070649 0.67870134 0.69518814 0.68781123 0.66446405 0.69535384\n 0.71002569 0.72082982 0.68551815 0.70381123 0.64826686 0.51341501\n 0.67924578 0.69218017 0.68065382 0.63521172 0.57591376 0.553709\n 0.39741697 0.31212288 0.58170659 0.57286796 0.54933982 0.48868987\n 0.51719712 0.52183081 0.47235683 0.47343926 0.59829836 0.5389174\n 0.45322398 0.56061615 0.55229821 0.45935332 0.45750564 0.49154255\n 0.53549082 0.46029442 0.3474497  0.43879041 0.47277537 0.52108497\n 0.45208662 0.50978157 0.13463296 0.4864551  0.4397313  0.39181216\n 0.39934177 0.24965902 0.44972821 0.43982626 0.42399203 0.46521233\n 0.44862069 0.50578096 0.46460614 0.46318147 0.55418216 0.52936391\n 0.58481108 0.53635282 0.5394792  0.53574604 0.38080044 0.55141797\n 0.58555022 0.59350943 0.63000017 0.65535078 0.6513439  0.64579873\n 0.6518836  0.66253087 0.71268582 0.6394417  0.51781286 0.41902212\n 0.62142601 0.58614588 0.4605819  0.5649359  0.64774999 0.67356979\n 0.67259807 0.64230038 0.70482111 0.68957777 0.72366435 0.73197834\n 0.70586749 0.62702288 0.7007273  0.75677714 0.72992422 0.7442652\n 0.73997347 0.73491843 0.75787408 0.79229132 0.76777305 0.79604242\n 0.80924044 0.80980045 0.77635548 0.77544688 0.77652795 0.75541275\n 0.74505821 0.53852988 0.1275893  0.10462461 0.04323392 0.16461099\n 0.19851335 0.21029908 0.13918716 0.14541579 0.19061457 0.17200572\n 0.08883342 0.03161883 0.12034513 0.2643858  0.12382745 0.11805332\n 0.21914861 0.21020451 0.29675202 0.03529035 0.08095725 0.2017022\n 0.15962672 0.12665078 0.20391791 0.23673807 0.09793329 0.10763214\n 0.25485249 0.19927951 0.27149989 0.27175963 0.30381828 0.26015935\n 0.31670044 0.32509038 0.40157546 0.30127752 0.27964389 0.32096815\n 0.20834271 0.25103224 0.33518899 0.11829994 0.11227338 0.33837878\n 0.30974883 0.16837892 0.33996357 0.23191493 0.31280489 0.23998208\n 0.25868317 0.18976532 0.26292252 0.32215932 0.24934644 0.29401228\n 0.53713751 0.25733474 0.38359242 0.30581165 0.25055127 0.30365045\n 0.40710798 0.04245999 0.92776412 1.00000002]",
    null
  ]
}