{
  "epochs": [
    0.0,
    1.0,
    2.0,
    3.0,
    4.0
  ],
  "metrics": {
    "intensity_scaler_inv_loss": [
      33.26848220825195,
      20.544015884399414,
      18.008054733276367,
      17.511709213256836,
      16.541580200195312
    ],
    "learning_rate": [
      0.0010000000474974513,
      0.0010000000474974513,
      0.0010000000474974513,
      0.0010000000474974513,
      0.0010000000474974513
    ],
    "loss": [
      -3865751.5,
      -3913051.25,
      -3920088.75,
      -3921170.0,
      -3923602.0
    ],
    "pred_intensity_loss": [
      -3842322.0,
      -3889264.75,
      -3947477.5,
      -3912354.75,
      -3941532.25
    ],
    "train_loss": [
      -3865751.5,
      -3913051.25,
      -3920088.75,
      -3921170.0,
      -3923602.0
    ],
    "trimmed_obj_loss": [
      0.0,
      0.0,
      0.0,
      0.0,
      0.0
    ],
    "val_intensity_scaler_inv_loss": [
      24.04155158996582,
      17.57879066467285,
      17.240089416503906,
      15.98739242553711,
      18.20262908935547
    ],
    "val_loss": [
      -4405849.5,
      -4435399.0,
      -4433361.5,
      -4437878.0,
      -4434418.5
    ],
    "val_pred_intensity_loss": [
      -4296513.5,
      -4323319.5,
      -4321696.0,
      -4325580.5,
      -4321482.5
    ],
    "val_trimmed_obj_loss": [
      0.0,
      0.0,
      0.0,
      0.0,
      0.0
    ]
  }
}