{
  "pinn": {
    "mae": [
      0.5208797649522964,
      0.23658974295509258
    ],
    "mse": [
      0.420600107925328,
      0.08595348555491958
    ],
    "psnr": [
      51.89210980977294,
      58.78816868223136
    ],
    "ssim": [
      0.23552593387729495,
      0.5162336188555452
    ],
    "ms_ssim": [
      0.07967845849264316,
      0.013675091240820727
    ],
    "frc50": [
      "1",
      "2"
    ],
    "frc": [
      "[1.00000001e+00 4.25781629e-01 2.95349383e-01 7.41263765e-02\n 2.47886228e-01 1.86743475e-01 9.23385013e-02 8.05654518e-02\n 2.08786319e-01 5.30416322e-03 2.62021078e-01 3.64673067e-02\n 1.86528479e-02 9.18182714e-02 6.22761837e-02 6.77300197e-02\n 6.99300120e-02 1.49119736e-01 6.54346280e-02 1.26126889e-01\n 1.76251112e-01 1.27047949e-01 9.50566647e-02 2.03416197e-01\n 4.72814741e-02 1.25751991e-01 1.21397633e-01 1.71733515e-02\n 1.14193287e-02 8.18791884e-02 1.09802955e-01 1.08290765e-02\n 2.35047344e-02 5.06462669e-02 6.24895879e-02 7.24109172e-02\n 6.20878133e-03 3.98449217e-02 5.81771630e-02 5.95554385e-02\n 2.70251089e-02 2.46203566e-02 3.22261606e-02 6.37100905e-03\n 3.50132819e-02 6.25588805e-02 5.56105075e-02 7.05090114e-02\n 4.56438516e-02 2.54354900e-04 7.76240384e-02 9.28169447e-03\n 1.84475417e-02 7.27861228e-02 1.01208899e-02 6.43594975e-02\n 8.32154641e-02 6.90022949e-02 6.94874880e-02 4.58014865e-03\n 8.20023119e-02 3.53688777e-02 3.34904471e-02 4.86068249e-02\n 3.41259152e-02 2.77598246e-02 6.38862285e-02 2.28364049e-03\n 9.24244586e-02 4.59983407e-03 4.14274151e-02 3.48709805e-02\n 4.97390853e-02 2.37633150e-02 5.32607872e-02 8.65207572e-02\n 1.35019988e-01 6.99064634e-02 8.63665304e-02 9.27213561e-02\n 4.33882175e-02 6.41452896e-02 1.35154325e-01 6.04858259e-02\n 1.02088409e-02 1.39629818e-01 1.15544870e-01 1.34669862e-01\n 1.11213754e-01 1.07301567e-01 1.38675494e-01 1.44899620e-01\n 1.03836001e-01 1.33974721e-01 1.54433822e-01 1.04650454e-01\n 1.15868575e-01 1.41184955e-01 1.42704973e-01 1.25735866e-01\n 9.28760015e-02 1.16796523e-01 1.29911806e-01 1.47350650e-01\n 1.46571783e-01 1.17174430e-01 1.01137765e-01 1.02185244e-01\n 8.79695699e-02 6.70994896e-02 3.56850769e-02 8.09162675e-03\n 2.61363215e-03 3.49270722e-02 4.06638656e-02 8.46930596e-02\n 1.04978409e-01 1.20308237e-01 1.09888070e-01 5.50278527e-02\n 1.22033886e-01 1.40354239e-01 1.46925117e-01 1.55956200e-01\n 1.59111103e-01 1.53630948e-01 1.57394457e-01 1.59079790e-01\n 1.64257633e-01 1.60063828e-01 1.57951423e-01 1.64099940e-01\n 1.55571377e-01 1.86063125e-01 5.56277345e-02 9.39920790e-02\n 8.16660529e-02 2.30729849e-01 4.50973899e-02 1.24148687e-01\n 3.32230754e-02 2.96327706e-02 1.32781697e-01 3.35333005e-02\n 7.36876869e-02 1.06859125e-01 1.16714717e-02 3.69370360e-02\n 4.32670880e-02 3.53681907e-02 1.53361460e-02 3.64492520e-03\n 3.14266514e-02 5.12247160e-02 7.74579267e-02 1.25043576e-02\n 6.07517909e-02 9.67206715e-02 3.02465576e-03 1.56110271e-01\n 7.54018425e-02 7.67784033e-02 1.02895078e-01 1.05405023e-01\n 9.05549972e-02 9.65087234e-02 1.06422109e-01 2.45294091e-02\n 8.13747597e-02 1.01652233e-02 5.15641787e-02 1.08555246e-01\n 6.16092284e-02 2.94455819e-03 4.83838237e-02 1.70298119e-02\n 2.88827933e-02 1.73357524e-01 8.66297957e-02 1.38151838e-02\n 4.76005911e-02 7.76839082e-02 1.79557392e-01 3.20821376e-01\n 5.38233816e-02 3.53139504e-01 2.03539630e-01 6.36892670e-01\n 1.00000000e+00]",
      "[1.         0.64154557 0.19118432 0.0209589  0.23579658 0.28787069\n 0.1091956  0.16077691 0.12510202 0.05956673 0.02464347 0.28980083\n 0.12163721 0.023646   0.15994242 0.06893726 0.13739469 0.10964028\n 0.05821682 0.1463525  0.04167967 0.03488758 0.09082592 0.11357598\n 0.05975714 0.02420413 0.0194476  0.05979413 0.10736327 0.15609137\n 0.03875192 0.18517131 0.02306668 0.01027526 0.07696398 0.02256665\n 0.12180334 0.00439441 0.08251345 0.06439569 0.03816425 0.10160416\n 0.0554907  0.01522729 0.06407029 0.09082631 0.03130361 0.07366358\n 0.00820419 0.02176523 0.06795094 0.00349827 0.0295081  0.06913212\n 0.02384349 0.07652826 0.07680114 0.05719126 0.01766464 0.04012497\n 0.09634422 0.01467838 0.05292321 0.01628414 0.01423198 0.03518022\n 0.0188655  0.01597887 0.1135256  0.00754178 0.01462347 0.05383036\n 0.07928378 0.05444992 0.01747175 0.11498203 0.10318929 0.07991695\n 0.03554101 0.06096359 0.0416987  0.04708195 0.05300624 0.0819118\n 0.04744603 0.02525747 0.03038749 0.04025812 0.0537169  0.03221519\n 0.00492094 0.012714   0.00899074 0.01873933 0.04730951 0.02014442\n 0.00221947 0.07989723 0.07492506 0.08576846 0.04840395 0.10675937\n 0.08009959 0.08809351 0.10736873 0.12292178 0.12204371 0.12246238\n 0.0676467  0.00773273 0.06053597 0.0358836  0.03862909 0.03934605\n 0.03850494 0.0756386  0.09314287 0.08413245 0.08691873 0.03066811\n 0.05273526 0.07013883 0.05909756 0.05093896 0.07362464 0.06955457\n 0.05600108 0.05531697 0.05985556 0.05008898 0.05025983 0.05591606\n 0.04047613 0.18441825 0.02218871 0.00259157 0.10738934 0.01227068\n 0.07481648 0.07828015 0.05387015 0.01878676 0.19222536 0.10388987\n 0.05152112 0.1034559  0.1363563  0.1949779  0.0970528  0.05148573\n 0.00156418 0.04815591 0.08134874 0.12586326 0.01554851 0.09522148\n 0.0202745  0.10125595 0.0842376  0.04404309 0.18762418 0.18301973\n 0.17573183 0.26531552 0.17466319 0.18156236 0.12546998 0.14552684\n 0.06499276 0.13270644 0.10993968 0.0071636  0.04422151 0.07836244\n 0.18495837 0.35075397 0.14619597 0.15248209 0.16416188 0.18323264\n 0.05404467 0.06985788 0.05176093 0.33281035 0.16258948 0.29235652\n 0.21252292 0.72026963 1.        ]"
    ]
  },
  "pinn_hybrid": {
    "mae": [
      "0.13859972",
      0.09197877148930184
    ],
    "mse": [
      "0.03007327",
      0.013399657557145762
    ],
    "psnr": [
      63.34899678722503,
      66.85986661182979
    ],
    "ssim": [
      0.7301399530752222,
      0.9476760102154677
    ],
    "ms_ssim": [
      0.933646134202833,
      0.8412376485069869
    ],
    "frc50": [
      "19",
      "53"
    ],