{
  "amplitude": {
    "bias_summary": {
      "mean": -2.4872773525447447,
      "median": -2.538019061088562,
      "p05": -3.7023458957672117,
      "p95": -1.0363731741905207
    },
    "color_range": [
      -4.85612678527832,
      4.85612678527832
    ],
    "count": 153664,
    "mae": 2.4876604176683816,
    "max_abs": 4.7676825523376465,
    "pearson_r": 0.10246509825768424,
    "pred_stats": {
      "max": 2.422873020172119,
      "mean": 0.22097013890743256,
      "min": 0.0,
      "nan_count": 0,
      "std": 0.5371573567390442
    },
    "rmse": 2.610640164973739,
    "truth_stats": {
      "max": 4.85612678527832,
      "mean": 2.708247423171997,
      "min": 0.6128976941108704,
      "nan_count": 0,
      "std": 0.6410303115844727
    }
  },
  "phase": {
    "bias_summary": {
      "mean": 0.16132541011122117,
      "median": 0.0,
      "p05": 0.0,
      "p95": 1.1272743344306946
    },
    "color_range": [
      -3.141592653589793,
      3.141592653589793
    ],
    "count": 153664,
    "mae": 0.16132541012402155,
    "max_abs": 1.2864561080932617,
    "pearson_r": null,
    "pred_stats": {
      "max": 1.2864561080932617,
      "mean": 0.1613253951072693,
      "min": 0.0,
      "nan_count": 0,
      "std": 0.38586050271987915
    },
    "rmse": 0.4182274899213124,
    "truth_stats": {
      "max": 0.0,
      "mean": 0.0,
      "min": 0.0,
      "nan_count": 0,
      "std": 0.0
    }
  }
}