{
  "amplitude": {
    "bias_summary": {
      "mean": -2.455425872107109,
      "median": -2.5317180156707764,
      "p05": -3.7023458957672117,
      "p95": -0.8592917680740355
    },
    "color_range": [
      -4.85612678527832,
      4.85612678527832
    ],
    "count": 153664,
    "mae": 2.4571744233915975,
    "max_abs": 4.7676825523376465,
    "pearson_r": 0.1028455535793592,
    "pred_stats": {
      "max": 2.4450905323028564,
      "mean": 0.25282159447669983,
      "min": 0.0,
      "nan_count": 0,
      "std": 0.6091404557228088
    },
    "rmse": 2.5943728439364513,
    "truth_stats": {
      "max": 4.85612678527832,
      "mean": 2.708247423171997,
      "min": 0.6128976941108704,
      "nan_count": 0,
      "std": 0.6410303115844727
    }
  },
  "phase": {
    "bias_summary": {
      "mean": 0.13738411706020867,
      "median": 0.0,
      "p05": 0.0,
      "p95": 0.9607247918844224
    },
    "color_range": [
      -3.141592653589793,
      3.141592653589793
    ],
    "count": 153664,
    "mae": 0.13738411707300902,
    "max_abs": 1.1499049663543701,
    "pearson_r": null,
    "pred_stats": {
      "max": 1.1499049663543701,
      "mean": 0.13738411664962769,
      "min": 0.0,
      "nan_count": 0,
      "std": 0.3298228681087494
    },
    "rmse": 0.35729191895883916,
    "truth_stats": {
      "max": 0.0,
      "mean": 0.0,
      "min": 0.0,
      "nan_count": 0,
      "std": 0.0
    }
  }
}