{
  "intensity_scale_recorded": 988.211669921875,
  "stages": [
    {
      "metadata": {
        "count": 256,
        "source": "RawData"
      },
      "name": "raw_diffraction",
      "stats": {
        "dtype": "float32",
        "finite_count": 1048576,
        "max": 26.895893096923828,
        "mean": 0.14668205380439758,
        "min": 0.0,
        "nan_count": 0,
        "shape": [
          256,
          64,
          64
        ],
        "std": 0.8442895412445068,
        "total_count": 1048576
      }
    },
    {
      "metadata": {
        "count": 64,
        "gridsize": 1,
        "source": "RawData.generate_grouped_data"
      },
      "name": "grouped_diffraction",
      "stats": {
        "dtype": "float32",
        "finite_count": 262144,
        "max": 26.895893096923828,
        "mean": 0.15274183452129364,
        "min": 0.0,
        "nan_count": 0,
        "shape": [
          64,
          64,
          64,
          1
        ],
        "std": 0.8804562091827393,
        "total_count": 262144
      }
    },
    {
      "metadata": {
        "count": 64,
        "source": "normalize_data"
      },
      "name": "grouped_X_full",
      "stats": {
        "dtype": "float32",
        "finite_count": 262144,
        "max": 15.049065589904785,
        "mean": 0.08546368777751923,
        "min": 0.0,
        "nan_count": 0,
        "shape": [
          64,
          64,
          64,
          1
        ],
        "std": 0.4926418960094452,
        "total_count": 262144
      }
    },
    {
      "metadata": {
        "group_limit": 64,
        "source": "PtychoDataContainer"
      },
      "name": "container_X",
      "stats": {
        "dtype": "float32",
        "finite_count": 262144,
        "max": 15.049065589904785,
        "mean": 0.08546368777751923,
        "min": 0.0,
        "nan_count": 0,
        "shape": [
          64,
          64,
          64,
          1
        ],
        "std": 0.4926418960094452,
        "total_count": 262144
      }
    }
  ]
}