row_id,label,status,image_relative_l2_phys,meas_relative_l2,psnr_phys,ssim_phys
hybrid_resnet,SRU-Net,completed,0.2876039323417278,0.17428087625654173,30.640423132037053,0.9552215449358379
ffno,FFNO,completed,0.45086467933854674,0.2906064464585064,26.735395245533745,0.9120293293362252
