row_id,label,status,image_relative_l2_phys,meas_relative_l2,psnr_phys,ssim_phys
classical_born_backprop,Model-based Born inverse,completed,3.4686184561825275,7.69314914446772,9.013188915141455,0.6245610585415872
ffno,FFNO,completed,0.9999678413130959,0.9999076451224553,19.816598858513114,0.05077483826580541
sru_net,SRU-Net,completed,0.7165268569981865,0.46655587527377046,22.711670060252654,0.7359318624719449
