{
  "mae": [
    "0.109988175",
    0.019500687516001113
  ],
  "mse": [
    "0.018787319",
    0.0006237201759502273
  ],
  "psnr": [
    65.39215563368663,
    80.18090568096895
  ],
  "ssim": [
    0.7980637461806236,
    0.988307172243189
  ],
  "ms_ssim": [
    0.9617805368341646,
    0.09833421265139863
  ],
  "frc50": [
    "42",
    NaN
  ],
  "frc": [
    "[1.         0.99981019 0.99959022 0.99801321 0.99899089 0.99921936\n 0.99807598 0.99728055 0.99795451 0.99691257 0.99810628 0.99610133\n 0.9967891  0.99506372 0.99506076 0.99203812 0.99239445 0.991784\n 0.9916011  0.98267777 0.98429469 0.98022346 0.983421   0.97282825\n 0.97114963 0.96693528 0.94819067 0.94789418 0.93777601 0.89229621\n 0.91602607 0.88067883 0.75824988 0.63219056 0.80957695 0.81672086\n 0.80463056 0.77674157 0.78944211 0.71081029 0.64637411 0.60101147\n 0.44333552 0.57911941 0.50156433 0.50797808 0.50926605 0.55168837\n 0.60659123 0.61332708 0.56981121 0.61821929 0.64202213 0.62568565\n 0.63154085 0.62651417 0.65088352 0.66104181 0.64474451 0.66472001\n 0.69305157 0.71077565 0.68289337 0.69114961 0.63594395 0.43549184\n 0.66459429 0.6774526  0.65641744 0.68169368 0.60593562 0.60402898\n 0.4522589  0.34799314 0.55976417 0.59503074 0.52384661 0.44517438\n 0.45276322 0.48130635 0.36909462 0.42337369 0.51953903 0.47959576\n 0.37544169 0.4508966  0.47548344 0.37358824 0.36752459 0.42331129\n 0.4412718  0.38420481 0.30551068 0.36428167 0.41197011 0.4573059\n 0.40815202 0.47263227 0.35995271 0.48681937 0.43738151 0.36075589\n 0.38576028 0.26057478 0.50631711 0.4499392  0.42986841 0.45833217\n 0.46630982 0.50771221 0.46521676 0.44429767 0.53279896 0.52243631\n 0.5815178  0.52669796 0.5766939  0.56597173 0.44562646 0.5434761\n 0.56784747 0.59097945 0.62049409 0.64098903 0.6220823  0.60668283\n 0.62098739 0.64456506 0.66658299 0.65017802 0.60316224 0.59109788\n 0.67521766 0.71815972 0.51406593 0.61297852 0.69339957 0.68842244\n 0.69229097 0.6931391  0.70662191 0.71838898 0.7189007  0.73464781\n 0.70167216 0.63205451 0.70558223 0.75186196 0.72150242 0.75766108\n 0.74523455 0.71057128 0.7486137  0.78246344 0.76569193 0.76989606\n 0.78313019 0.76078105 0.74919508 0.76162749 0.77611858 0.72944656\n 0.72689387 0.61826219 0.2119398  0.13494539 0.07826155 0.11334633\n 0.07424278 0.18904241 0.12919358 0.101737   0.14802108 0.10642593\n 0.08102691 0.06400703 0.12124605 0.24537974 0.13699012 0.14382006\n 0.19119265 0.27131435 0.28418616 0.09750508 0.10523487 0.21049806\n 0.20561096 0.14138067 0.26909992 0.33688908 0.08999644 0.15709387\n 0.27224494 0.20508301 0.24922559 0.27046667 0.3192002  0.24098867\n 0.33356186 0.33721828 0.37799954 0.2793034  0.26944811 0.26168122\n 0.2925918  0.26126017 0.31627598 0.1855522  0.20781548 0.18247009\n 0.27443642 0.22899437 0.36409176 0.19201203 0.32634668 0.26587179\n 0.22614157 0.14964289 0.31375279 0.37887816 0.30814471 0.34183252\n 0.53319417 0.26443838 0.22367845 0.30837468 0.26219613 0.13848004\n 0.24303705 0.09828156 0.38469454 1.00000003]",
    null
  ]
}