{
  "train_loss": [
    0.1338866651058197,
    0.08947122097015381,
    0.08365920186042786,
    0.06471007317304611,
    0.054877594113349915,
    0.04898001626133919,
    0.045786600559949875,
    0.042666975408792496,
    0.04333200305700302,
    0.0443568155169487,
    0.03386683389544487,
    0.035112835466861725,
    0.037127453833818436,
    0.03296712785959244,
    0.028679504990577698,
    0.035478103905916214,
    0.03249606117606163,
    0.0312570296227932,
    0.027572521939873695,
    0.02526644617319107
  ],
  "val_loss": [
    2.4048867225646973,
    0.15321491658687592,
    0.08966786414384842,
    0.05716193839907646,
    0.06633440405130386,
    0.07275868952274323,
    0.044910725206136703,
    0.05962473526597023,
    0.03713880106806755,
    0.23668217658996582,
    0.041945889592170715,
    0.026346614584326744,
    0.02652554027736187,
    0.04114123061299324,
    0.02905943989753723,
    0.050780609250068665,
    0.03853011503815651,
    0.027380047366023064,
    0.026702869683504105,
    0.024310601875185966,
    0.024993769824504852
  ]
}