{
  "mae": [
    "0.08192258",
    0.016777447073682474
  ],
  "mse": [
    "0.010361649",
    0.00046137933642493055
  ],
  "psnr": [
    67.9765151002853,
    81.49022220521772
  ],
  "ssim": [
    0.8843132678797702,
    0.9908442131533812
  ],
  "ms_ssim": [
    0.9784868927988646,
    0.11392438717906672
  ],
  "frc50": [
    "98",
    NaN
  ],
  "frc": [
    "[1.         0.99999681 0.999957   0.99993385 0.99993379 0.99993511\n 0.99986965 0.99981283 0.99978138 0.99956819 0.99955863 0.99946227\n 0.99883908 0.99894524 0.99846899 0.99716899 0.99779703 0.99697512\n 0.99624047 0.99325564 0.9937015  0.99394651 0.99191581 0.98779161\n 0.9861982  0.98213216 0.9696478  0.97762254 0.96952262 0.9594585\n 0.95713975 0.94433243 0.77766112 0.69866777 0.88740606 0.87100981\n 0.89941954 0.85052168 0.84965244 0.81190234 0.79002507 0.77518121\n 0.68684815 0.77261029 0.7946449  0.80207708 0.79114982 0.80442543\n 0.86464976 0.89152646 0.8910414  0.91182401 0.92611022 0.93781656\n 0.93666602 0.91343238 0.93613887 0.93271587 0.91523189 0.92510894\n 0.90305252 0.91059843 0.88715488 0.91613162 0.90095457 0.74056023\n 0.88567273 0.8777453  0.83634102 0.82890226 0.77176572 0.78990536\n 0.70065448 0.65531267 0.78336401 0.73768828 0.73278194 0.70360435\n 0.73102232 0.70512594 0.72081496 0.692191   0.7391953  0.67757853\n 0.68234165 0.71289771 0.71005237 0.62567524 0.62787275 0.66840461\n 0.67739036 0.62989251 0.51051419 0.54731624 0.5866382  0.61425708\n 0.57317371 0.63573495 0.39762301 0.58263872 0.54253005 0.4825952\n 0.49720759 0.33087117 0.58253032 0.52079023 0.50194267 0.54780627\n 0.51749145 0.57951901 0.52286817 0.54478422 0.63709412 0.61928073\n 0.62698849 0.59767749 0.60220859 0.56774481 0.48374909 0.62999517\n 0.67355894 0.64736725 0.65197166 0.65611421 0.68074778 0.64727658\n 0.63575675 0.66182528 0.6839258  0.67751508 0.59123765 0.59021869\n 0.70790692 0.72356673 0.62556331 0.70189348 0.7342529  0.74910211\n 0.75142666 0.74577643 0.77806534 0.77243733 0.77021791 0.79930647\n 0.80282065 0.70179472 0.75655658 0.82146829 0.82358473 0.82232655\n 0.8306691  0.83348918 0.84177411 0.85930784 0.8350595  0.82593176\n 0.83885057 0.83248124 0.7946872  0.80666464 0.7833973  0.77392893\n 0.77455078 0.65683026 0.32437413 0.21425427 0.08919542 0.23498522\n 0.25657724 0.29284571 0.2631847  0.21122254 0.29037353 0.23776348\n 0.13293474 0.0647524  0.22154153 0.32507668 0.22367156 0.23972083\n 0.27622064 0.26972149 0.28494062 0.20768728 0.18793817 0.21689433\n 0.20710685 0.17733974 0.25667482 0.34413055 0.14489225 0.24627808\n 0.40084166 0.25247904 0.29963605 0.36389876 0.33001173 0.36407241\n 0.38887344 0.35514728 0.44276349 0.29851132 0.32960617 0.31338352\n 0.36645406 0.2973643  0.37869556 0.29035263 0.22613049 0.10040696\n 0.32892211 0.2786257  0.35883718 0.41156219 0.32701301 0.38893875\n 0.49048485 0.39682385 0.31334111 0.34484151 0.41344487 0.36197383\n 0.61417845 0.17377914 0.37092348 0.14192167 0.26428427 0.18768484\n 0.42652001 0.22695536 0.24835541 0.99999996]",
    null
  ]
}