{
  "amplitude": {
    "max": 2.221665620803833,
    "mean": 0.22415803372859955,
    "min": 0.0,
    "nan_count": 0,
    "std": 0.5396509766578674
  },
  "fits_canvas": true,
  "offsets": {
    "axis_max_abs": [
      377.02992320243726,
      381.8949744624406
    ],
    "max_abs": 381.8949744624406
  },
  "padded_size": 828,
  "phase": {
    "max": 0.0,
    "mean": -0.1218993067741394,
    "min": -1.1044082641601562,
    "nan_count": 0,
    "std": 0.2945566773414612
  },
  "required_canvas": 828
}