{
  "pinn": {
    "mae": [
      0.15416470617627484,
      0.9119726349854625
    ],
    "mse": [
      0.03683144376567663,
      2.2657316925850894
    ],
    "psnr": [
      62.468616166423196,
      44.57871881391135
    ],
    "ssim": [
      0.5986122344948024,
      0.4414625340649051
    ],
    "ms_ssim": [
      0.910634900785474,
      0.08108955657426979
    ],
    "frc50": [
      "24",
      "2"
    ],
    "frc": [
      "[1.00000001e+00 9.99896960e-01 9.99709516e-01 9.99307988e-01\n 9.99369741e-01 9.98436558e-01 9.96696680e-01 9.97175273e-01\n 9.93500935e-01 9.92065411e-01 9.87014308e-01 9.78063401e-01\n 9.73418094e-01 9.62660997e-01 9.35786376e-01 9.38341544e-01\n 8.80844360e-01 8.51951426e-01 7.48057194e-01 7.14219306e-01\n 6.86888770e-01 6.09041304e-01 5.48583282e-01 5.43845398e-01\n 4.20661328e-01 5.39065621e-01 5.42550514e-01 4.11239483e-01\n 2.91326203e-01 2.78960331e-01 3.09488651e-01 2.06049210e-01\n 1.21839379e-01 7.17254510e-02 7.43858021e-02 2.19242601e-01\n 1.53431908e-01 2.38203939e-01 1.57852805e-01 1.93707330e-01\n 1.70288014e-01 1.82158960e-01 1.95241283e-01 7.21370012e-02\n 1.05879522e-01 1.70656981e-01 4.61176224e-02 1.07300763e-01\n 1.99407338e-02 1.96060262e-01 1.04408573e-01 1.49435090e-01\n 3.04203619e-02 1.20247336e-01 1.31548830e-01 4.68303963e-02\n 9.85089652e-02 1.32283080e-01 1.65018375e-01 1.27381304e-01\n 7.77449102e-02 1.02380473e-01 1.02334831e-01 1.65680650e-01\n 2.01442408e-01 2.23292982e-01 1.45224932e-01 1.26769533e-01\n 2.26495184e-01 2.22157088e-01 1.80108688e-01 2.96425494e-01\n 2.19744499e-01 2.86807508e-01 2.14701951e-01 2.76058132e-01\n 2.73216832e-01 3.10255691e-01 3.58415217e-01 2.49166121e-01\n 2.16967653e-01 3.37241199e-01 2.56519560e-01 3.64038361e-01\n 3.85844708e-01 3.17362347e-01 3.19332236e-01 3.27962381e-01\n 3.96452282e-01 4.41595610e-01 4.38323754e-01 3.78867120e-01\n 4.95635203e-01 4.18725196e-01 4.09126919e-01 4.36837624e-01\n 4.78435347e-01 4.62083465e-01 4.71192478e-01 5.39675185e-01\n 4.93894593e-01 5.44106522e-01 5.20495477e-01 5.65095918e-01\n 5.78578416e-01 6.21907377e-01 5.93715298e-01 6.15727725e-01\n 5.98990449e-01 5.93980152e-01 6.44266801e-01 6.29737581e-01\n 6.98988945e-01 6.96419424e-01 6.38412058e-01 6.61541649e-01\n 6.99176355e-01 6.76686755e-01 6.77944498e-01 6.89083156e-01\n 6.84298758e-01 7.00260798e-01 6.87219301e-01 7.19867771e-01\n 7.18205543e-01 7.11654191e-01 7.29918327e-01 7.24150624e-01\n 7.13035518e-01 7.02874735e-01 6.77028336e-01 7.03347040e-01\n 7.30071530e-01 6.45488795e-01 7.01188208e-04 5.95121846e-02\n 4.14496051e-02 6.30216869e-02 5.11237214e-02 7.26783455e-02\n 1.74901993e-02 8.23655087e-02 2.41231434e-02 1.61109804e-02\n 6.64404902e-02 7.63653049e-03 1.26793970e-02 1.65431312e-02\n 7.88158256e-02 2.80858410e-02 3.79466572e-02 1.98152882e-02\n 3.08052691e-02 1.18838636e-01 2.22004872e-02 4.27441445e-02\n 1.89312248e-02 1.85072034e-03 9.33681368e-02 7.54526496e-02\n 3.71526167e-02 3.28522706e-02 1.59196318e-02 8.45748921e-02\n 6.47367534e-03 3.63096469e-02 6.73796005e-03 3.35265413e-03\n 1.10077666e-01 7.67211759e-02 8.44042372e-02 1.16294515e-01\n 1.78690329e-02 9.93607720e-03 2.44164097e-02 7.45146617e-02\n 1.27984307e-01 2.06756742e-01 3.31524008e-04 1.91664063e-01\n 2.42903381e-01 5.30852761e-02 4.87556173e-02 3.95270856e-02\n 1.57818925e-01 1.52522413e-01 5.29410687e-01 1.78464990e-01\n 1.00000000e+00]",
      "[1.00000000e+00 8.21091220e-01 2.03506050e-01 2.30209075e-01\n 1.37176872e-01 7.38968834e-02 1.12165219e-01 2.48342352e-02\n 8.81730597e-02 5.94742804e-02 1.62700083e-02 9.58541758e-02\n 3.55309415e-02 8.64522292e-02 2.27090958e-01 1.27082860e-01\n 6.07765721e-03 8.29047459e-02 1.56538358e-01 4.98391244e-03\n 6.25646927e-03 5.64297584e-03 2.76665224e-02 1.48781286e-01\n 8.20064084e-02 7.18262169e-02 8.10150359e-02 8.92481631e-03\n 2.57411039e-02 7.53290367e-02 5.55729713e-02 3.32059005e-02\n 1.70663916e-02 9.47403876e-02 2.30578902e-02 1.09422956e-01\n 1.70297106e-02 1.24372498e-01 3.39385786e-02 5.42032248e-02\n 3.62943091e-02 3.91585818e-03 3.58536871e-02 8.38324966e-02\n 1.17824273e-02 2.01985369e-02 3.12304050e-02 7.74382177e-02\n 8.75164930e-02 5.86513499e-02 5.53560448e-02 8.59896417e-02\n 2.42993537e-02 1.95331975e-02 2.25918307e-02 1.86953298e-02\n 2.40209518e-02 1.61489453e-02 3.93346653e-02 5.34130924e-02\n 1.68560590e-02 9.79024362e-02 3.30931967e-02 6.73764341e-03\n 2.30739966e-02 9.86329832e-03 4.18477215e-02 3.25628946e-02\n 2.13012274e-02 4.35385764e-02 8.73286388e-02 1.02929673e-01\n 1.32771363e-02 8.03922269e-02 1.52707812e-02 8.76307002e-02\n 5.73426465e-02 6.19323863e-02 4.62062975e-03 2.79484751e-02\n 9.46720789e-02 5.14364942e-02 1.91022611e-02 4.45382913e-02\n 5.04715596e-02 5.80249234e-02 2.19049370e-02 5.57049569e-02\n 5.01585910e-02 2.37512013e-02 3.92307296e-03 5.98825583e-02\n 1.25682782e-02 4.77602035e-02 3.75311747e-02 2.52887955e-02\n 1.03049860e-02 3.52270763e-02 8.70851900e-03 1.38193582e-02\n 4.40942441e-02 5.29855694e-03 6.57979986e-04 7.92578312e-02\n 1.73762099e-02 5.18437927e-02 1.52523213e-02 1.20783288e-02\n 4.67373677e-02 7.78049294e-02 4.92344990e-02 4.87530503e-02\n 5.23085959e-02 4.17342013e-03 1.86063047e-02 1.67754247e-02\n 3.77763803e-02 7.47871695e-02 2.99360676e-02 5.46463454e-03\n 9.10913251e-02 4.37327235e-02 1.00977705e-02 3.80692552e-02\n 1.33970117e-02 9.88272741e-03 5.61159328e-02 5.12215323e-04\n 1.34861360e-01 4.55187062e-02 3.04624676e-02 2.04109676e-02\n 1.65993490e-03 2.42287599e-02 4.40944286e-02 7.78933253e-02\n 1.53597560e-02 3.03070543e-02 8.82400855e-03 1.45306014e-02\n 1.31419236e-02 8.09611530e-02 5.08961673e-02 1.84196273e-02\n 7.90884224e-02 3.23473699e-02 1.87330539e-02 4.37236121e-02\n 1.90528146e-02 5.48139300e-03 4.59519991e-02 3.69842642e-02\n 9.90317367e-03 1.87954126e-02 4.47089113e-02 7.14804659e-03\n 2.59606584e-02 9.48298965e-02 2.94368493e-02 1.08148502e-01\n 4.69899177e-02 1.79822270e-01 1.11847576e-01 7.95414610e-02\n 7.30411100e-02 3.36607214e-02 8.99874568e-02 7.21838590e-02\n 4.03897686e-03 6.59059556e-02 6.64069699e-02 4.85103591e-02\n 2.13982546e-01 8.71480612e-02 2.89686308e-02 4.25229918e-02\n 1.35383789e-01 1.52184734e-01 4.86970046e-02 4.81324291e-02\n 2.32990813e-02 1.67897301e-01 8.16551548e-02 1.77401556e-01\n 1.23443496e-01 1.15848938e-01 3.32881235e-02 2.79439612e-02\n 1.00000000e+00]"
    ]
  },
  "baseline": {
    "mae": [
      0.3866050459896816,
      0.7932529279439079
    ],
    "mse": [
      0.23017945608627974,
      1.208753466141947
    ],
    "psnr": [
      54.51013801108397,
      47.30742628433008
    ],
    "ssim": [
      0.22877620749403868,
      0.5180468243101973
    ],
    "ms_ssim": [
      0.6512863481182005,
      0.31464832964167944
    ],
    "frc50": [
      "25",
      "6"
    ],