{
  "epochs": [
    0.0,
    1.0,
    2.0,
    3.0,
    4.0
  ],
  "metrics": {
    "intensity_scaler_inv_loss": [
      45.004920959472656,
      16.71514129638672,
      14.934774398803711,
      13.327281951904297,
      12.883939743041992
    ],
    "learning_rate": [
      0.0010000000474974513,
      0.0010000000474974513,
      0.0010000000474974513,
      0.0010000000474974513,
      0.0010000000474974513
    ],
    "loss": [
      -3814377.25,
      -3940487.0,
      -3945257.5,
      -3947983.25,
      -3948446.0
    ],
    "pred_intensity_loss": [
      -3809187.5,
      -3939626.5,
      -3977386.5,
      -3942342.5,
      -3945475.75
    ],
    "train_loss": [
      -3814377.25,
      -3940487.0,
      -3945257.5,
      -3947983.25,
      -3948446.0
    ],
    "trimmed_obj_loss": [
      0.0,
      0.0,
      0.0,
      0.0,
      0.0
    ],
    "val_intensity_scaler_inv_loss": [
      18.540372848510742,
      14.379697799682617,
      13.695497512817383,
      11.87419605255127,
      11.569801330566406
    ],
    "val_loss": [
      -4109741.75,
      -4115997.0,
      -4119779.0,
      -4121249.75,
      -4121403.0
    ],
    "val_pred_intensity_loss": [
      -4039120.75,
      -4046191.5,
      -4049601.5,
      -4051107.25,
      -4051242.0
    ],
    "val_trimmed_obj_loss": [
      0.0,
      0.0,
      0.0,
      0.0,
      0.0
    ]
  }
}