{
  "epochs": [
    0.0,
    1.0,
    2.0,
    3.0,
    4.0
  ],
  "metrics": {
    "intensity_scaler_inv_loss": [
      23.435237884521484,
      15.987671852111816,
      14.804502487182617,
      13.872434616088867,
      13.317312240600586
    ],
    "learning_rate": [
      0.0010000000474974513,
      0.0010000000474974513,
      0.0010000000474974513,
      0.0010000000474974513,
      0.0010000000474974513
    ],
    "loss": [
      -3907576.0,
      -3943013.25,
      -3944917.0,
      -3946550.25,
      -3947423.25
    ],
    "pred_intensity_loss": [
      -3914417.25,
      -3939162.5,
      -3946820.5,
      -3973701.75,
      -3969052.25
    ],
    "train_loss": [
      -3907576.0,
      -3943013.25,
      -3944917.0,
      -3946550.25,
      -3947423.25
    ],
    "trimmed_obj_loss": [
      0.0,
      0.0,
      0.0,
      0.0,
      0.0
    ],
    "val_intensity_scaler_inv_loss": [
      15.695034980773926,
      15.184953689575195,
      13.268716812133789,
      12.281635284423828,
      14.103010177612305
    ],
    "val_loss": [
      -4117275.0,
      -4118101.5,
      -4117929.25,
      -4120893.0,
      -4119511.5
    ],
    "val_pred_intensity_loss": [
      -4046956.25,
      -4047834.5,
      -4048007.5,
      -4050748.25,
      -4049405.0
    ],
    "val_trimmed_obj_loss": [
      0.0,
      0.0,
      0.0,
      0.0,
      0.0
    ]
  }
}