{
  "epochs": [
    0.0,
    1.0,
    2.0,
    3.0,
    4.0
  ],
  "metrics": {
    "intensity_scaler_inv_loss": [
      29.914390563964844,
      16.18639373779297,
      17.44052505493164,
      NaN,
      NaN
    ],
    "learning_rate": [
      0.0010000000474974513,
      0.0010000000474974513,
      0.0010000000474974513,
      0.0010000000474974513,
      0.0010000000474974513
    ],
    "loss": [
      -3863464.0,
      -3942532.75,
      -3938984.25,
      NaN,
      NaN
    ],
    "pred_intensity_loss": [
      -3887855.75,
      -3939153.0,
      -3943055.5,
      NaN,
      NaN
    ],
    "train_loss": [
      -3863464.0,
      -3942532.75,
      -3938984.25,
      NaN,
      NaN
    ],
    "trimmed_obj_loss": [
      0.0,
      0.0,
      0.0,
      0.0,
      0.0
    ],
    "val_intensity_scaler_inv_loss": [
      19.2071475982666,
      16.355113983154297,
      14.497241973876953,
      NaN,
      NaN
    ],
    "val_loss": [
      -4110556.5,
      -4109803.0,
      -4118608.25,
      NaN,
      NaN
    ],
    "val_pred_intensity_loss": [
      -4039934.0,
      -4040300.5,
      -4048324.5,
      NaN,
      NaN
    ],
    "val_trimmed_obj_loss": [
      0.0,
      0.0,
      0.0,
      0.0,
      0.0
    ]
  }
}