{
  "pinn": {
    "mae": [
      0.2298037903861343,
      0.19362626074389522
    ],
    "mse": [
      0.08084052352106096,
      0.05848987813191432
    ],
    "psnr": [
      59.054512443948596,
      60.45999644480301
    ],
    "ssim": [
      0.4236199054540314,
      0.8428799492254986
    ],
    "ms_ssim": [
      0.7807578001121753,
      0.07121387796567984
    ],
    "frc50": [
      "14",
      "1"
    ],
    "frc": [
      "[1.00000001e+00 9.90690118e-01 9.89128065e-01 9.86470631e-01\n 9.90351489e-01 9.72039662e-01 9.64124837e-01 9.58127599e-01\n 9.69430866e-01 9.48985031e-01 9.15292058e-01 8.44241834e-01\n 7.87845100e-01 6.68702679e-01 3.10383448e-01 3.98954033e-01\n 1.72608531e-01 2.40561007e-02 4.01499998e-03 1.92946369e-02\n 9.00219329e-02 1.57555777e-02 1.96424874e-03 7.97384341e-02\n 1.84775701e-01 2.66232903e-02 1.52935399e-01 3.68728500e-02\n 1.24042284e-01 4.73080438e-02 1.99459418e-01 6.32575954e-02\n 2.04826214e-01 2.62498611e-01 2.02680830e-01 1.25933167e-01\n 2.04899980e-01 8.64542791e-02 1.95875276e-01 1.60591586e-01\n 1.34579394e-01 1.42814654e-01 1.14801687e-01 1.69951086e-01\n 8.43440128e-02 2.58016950e-01 1.62726511e-01 2.41685754e-01\n 6.29114153e-03 2.62441304e-01 1.76417934e-01 1.61521495e-01\n 2.24175277e-01 2.73294924e-02 1.67301219e-01 7.05037614e-03\n 9.68072033e-02 1.54023040e-01 2.01744592e-01 1.29071005e-01\n 1.53839642e-01 1.85105048e-01 1.69437364e-01 3.02417437e-01\n 1.38997860e-01 1.94500910e-01 1.84942235e-01 2.90591885e-01\n 2.52320289e-01 2.10388240e-01 2.41899863e-01 1.85582089e-01\n 2.11320153e-01 2.49886634e-01 2.72708331e-01 2.01683077e-01\n 1.66460772e-01 1.39411859e-01 2.26166423e-01 1.96090073e-01\n 8.12030053e-02 3.76301786e-01 2.47777193e-01 1.86781158e-01\n 2.30235527e-01 2.35176243e-01 2.61097931e-01 3.39317999e-01\n 3.78148524e-01 4.01759242e-01 3.99836145e-01 3.49586377e-01\n 4.44180344e-01 4.69962799e-01 4.73561745e-01 4.02819689e-01\n 3.99542923e-01 4.13999072e-01 4.57831176e-01 4.97218927e-01\n 5.13123711e-01 5.77533295e-01 4.59137399e-01 5.17082404e-01\n 5.51322655e-01 3.53701312e-01 3.35964711e-01 3.91985704e-01\n 6.49942905e-01 4.41237350e-01 5.41886967e-01 5.78021298e-01\n 5.88676244e-01 5.13450671e-01 5.66621833e-01 6.42292812e-01\n 5.52267425e-01 5.96896585e-01 5.98402960e-01 5.85634525e-01\n 5.96858921e-01 6.21938978e-01 5.12188550e-01 5.04185878e-01\n 5.65519543e-01 4.19133137e-01 3.32526507e-01 4.90298855e-01\n 4.86413545e-01 3.67033238e-01 4.45854929e-01 7.12689486e-01\n 4.06829281e-01 5.61287657e-01 6.54638222e-02 2.78585668e-02\n 1.71688180e-01 2.94653043e-02 3.54892566e-02 6.91550868e-02\n 4.33410713e-02 5.78667354e-02 4.76474138e-02 4.66515178e-02\n 3.45244098e-02 1.01881904e-02 4.11422866e-02 2.83343271e-02\n 1.70718923e-01 1.04141397e-02 1.36525950e-03 6.31740113e-02\n 5.26062282e-02 6.70019982e-02 3.37920132e-02 8.27649037e-02\n 2.95302484e-03 8.94910333e-02 3.42360482e-05 1.50895601e-01\n 1.04514105e-01 5.21657935e-03 3.73691248e-02 5.40397331e-02\n 2.99614231e-03 1.06923865e-01 9.30700717e-02 5.94273497e-02\n 8.36036016e-02 1.16900679e-01 1.17422595e-01 1.30007975e-01\n 7.77073933e-02 8.80149963e-02 1.38739398e-01 5.51537926e-02\n 1.44511225e-02 1.58162280e-01 8.05835243e-02 1.22775355e-01\n 1.10313824e-01 6.36808329e-02 9.40662319e-02 3.26383217e-02\n 6.70440019e-02 1.13096433e-01 1.19979608e-01 3.91759326e-02\n 1.00000000e+00]",
      "[1.00000000e+00 5.37489578e-02 2.12487471e-01 3.49790904e-01\n 3.97046121e-02 1.67892962e-02 3.88626103e-01 5.27643832e-02\n 9.16277942e-02 1.31247690e-01 7.21651289e-02 1.13180948e-01\n 1.03008667e-01 5.77860706e-02 1.33615935e-01 4.26024180e-02\n 7.16918866e-02 1.57386437e-01 7.41560209e-02 1.19875701e-01\n 5.53975528e-02 9.04117201e-02 8.58633329e-02 1.80340258e-01\n 6.81164195e-02 2.36882795e-01 9.09914333e-02 1.06596550e-01\n 6.17401561e-02 3.21341224e-02 9.91479094e-02 6.18443194e-02\n 7.38640271e-02 1.45995925e-02 1.69766018e-02 1.19584723e-03\n 1.82541169e-02 2.15402326e-02 7.74573596e-03 6.62967833e-02\n 2.06931965e-02 2.99109573e-02 9.03743143e-03 2.54206734e-02\n 3.06072116e-02 9.45470377e-03 1.02491961e-01 4.16026245e-02\n 1.98265177e-02 6.62569500e-02 1.53572789e-02 8.73407147e-02\n 8.51719162e-04 1.39772759e-02 6.61819477e-02 4.48299312e-03\n 1.71244057e-02 3.17044226e-02 1.52608373e-02 3.74909639e-02\n 8.52786517e-02 5.51828144e-02 4.10308856e-02 6.32315941e-02\n 3.47030141e-04 2.76868640e-03 7.12948354e-03 4.82708174e-02\n 2.62438541e-02 1.35284256e-02 4.21922389e-02 1.45347465e-03\n 9.35046111e-03 9.53165556e-03 3.42488527e-02 5.23877979e-02\n 5.90951656e-02 1.85150219e-02 1.25139768e-02 9.49439716e-03\n 5.71595732e-02 2.28293027e-02 4.19967630e-02 1.05058652e-02\n 3.68057119e-02 7.02220345e-03 4.35803375e-02 7.09752476e-02\n 3.28356299e-02 1.67534531e-03 1.49276861e-02 4.57675314e-02\n 2.55358948e-02 4.74658490e-02 3.86749492e-02 2.90386045e-02\n 2.30615455e-03 4.08674434e-02 3.80452523e-02 1.75048403e-02\n 1.54495920e-02 7.57405318e-03 3.96155738e-02 4.90221321e-02\n 4.84596985e-02 1.98394705e-02 2.81998834e-03 2.38907896e-02\n 1.91813537e-02 4.27659047e-02 4.24310666e-02 3.90939507e-03\n 4.93689868e-02 3.23887276e-02 3.25710404e-02 2.46200515e-02\n 3.85802771e-02 2.21662571e-02 4.13345998e-02 3.41667135e-02\n 1.72042266e-02 3.23146301e-02 2.10250498e-02 3.11752856e-02\n 2.47635743e-02 2.67824384e-02 3.71501236e-02 1.95241601e-02\n 3.83910496e-02 3.07324249e-02 2.52465619e-02 2.80216038e-02\n 3.52372286e-02 3.90990450e-02 3.94420372e-03 2.91980774e-02\n 4.95447921e-03 4.70173301e-02 6.00379493e-02 2.93723036e-02\n 1.13690110e-03 1.64488903e-02 2.58567479e-03 3.90072870e-02\n 1.02613607e-01 1.31640208e-01 1.13490067e-01 1.18001183e-01\n 3.24787121e-02 9.85237187e-02 2.39226104e-02 4.96859409e-02\n 8.37230075e-02 3.44308771e-02 3.09818036e-02 7.52532378e-03\n 2.82790081e-02 1.18260432e-02 7.37997070e-02 2.18919093e-02\n 2.67955635e-02 2.51230225e-02 1.02328003e-01 1.01824505e-02\n 8.99345068e-02 6.20921354e-02 1.02545033e-02 7.89362710e-02\n 3.83705455e-02 5.88230357e-02 1.69984548e-01 1.37036589e-01\n 3.53682576e-02 8.54102889e-02 3.14362082e-02 7.45325376e-02\n 1.06473687e-01 3.81199673e-02 9.89233825e-02 1.80695716e-02\n 8.76690258e-02 1.57433245e-01 5.36705748e-02 1.16243131e-01\n 7.21143838e-02 5.44954220e-02 4.91024127e-01 7.21165026e-02\n 1.00000000e+00]"
    ]
  },
  "baseline": {
    "mae": [
      0.20748599738777634,
      0.20655309197655433
    ],
    "mse": [
      0.06499056158390268,
      0.06668123627450137
    ],
    "psnr": [
      60.00230073821282,
      59.89076717879673
    ],
    "ssim": [
      0.4125899357243543,
      0.8356393786287317
    ],
    "ms_ssim": [
      0.8003596086820004,
      0.0009373769510205933
    ],
    "frc50": [
      "17",
      "14"
    ],