{
  "amplitude": {
    "max": 4.622491836547852,
    "mean": 0.40188953280448914,
    "min": 0.0,
    "nan_count": 0,
    "std": 1.0084086656570435
  },
  "fits_canvas": true,
  "offsets": {
    "axis_max_abs": [
      376.3193180156394,
      373.3114293734376
    ],
    "max_abs": 376.3193180156394
  },
  "padded_size": 822,
  "phase": {
    "max": 1.1716549396514893,
    "mean": 0.12050911039113998,
    "min": 0.0,
    "nan_count": 0,
    "std": 0.30201563239097595
  },
  "prediction_scale": {
    "applied": true,
    "least_squares": {
      "denominator": 56082.834568063794,
      "finite_count": 153664,
      "numerator": 100773.88796981989
    },
    "mode": "least_squares",
    "recorded_scale": 988.211669921875,
    "source": "least_squares",
    "value": 1.7968757953472858
  },
  "required_canvas": 817
}