{
  "pinn": {
    "mae": [
      0.09941938013200648,
      0.10342765962909774
    ],
    "mse": [
      0.015276941896922755,
      0.05151170355590366
    ],
    "psnr": [
      66.29043934194993,
      61.011744470980965
    ],
    "ssim": [
      0.8101922135882705,
      0.8351135413860935
    ],
    "ms_ssim": [
      0.9662865944488978,
      0.6901864590487764
    ],
    "frc50": [
      "42",
      NaN
    ],
    "frc": [
      "[1.         0.99999112 0.99996193 0.99976768 0.99984474 0.99982189\n 0.99937536 0.99895139 0.99878488 0.99794898 0.99740338 0.99655029\n 0.99372636 0.99410848 0.99333883 0.98872233 0.98928256 0.98585165\n 0.98450894 0.98475697 0.98045213 0.98365628 0.98241262 0.97336195\n 0.97466396 0.97486914 0.9649167  0.95978166 0.96061496 0.9351226\n 0.95667974 0.91622907 0.89676253 0.86189399 0.83465104 0.83077242\n 0.81497643 0.77868192 0.72999399 0.6524783  0.64152386 0.61206636\n 0.49861105 0.6558721  0.6595543  0.56957386 0.53501805 0.51464765\n 0.67560362 0.7289984  0.76148157 0.76575791 0.779482   0.80949509\n 0.80694174 0.8425587  0.81261211 0.82987862 0.82495804 0.80564394\n 0.77922913 0.78252033 0.77038141 0.80316945 0.73571392 0.63741281\n 0.71709464 0.63485697 0.66812618 0.61559935 0.55292386 0.55347861\n 0.49989172 0.41920163 0.45288361 0.49727663 0.47774426 0.42526356\n 0.41309804 0.40085224 0.31524802 0.36827043 0.44118215 0.38474966\n 0.41948625 0.38817618 0.42607653 0.36388322 0.41745055 0.43081295\n 0.39523399 0.43716626 0.4391668  0.36441047 0.43596156 0.45616195\n 0.47149534 0.44498893 0.32629783 0.49712754 0.48990125 0.44179311\n 0.44136103 0.42347429 0.54266791 0.51572882 0.52016503 0.5906226\n 0.58795882 0.60593797 0.56073307 0.60450763 0.63970977 0.60418887\n 0.63818342 0.65033614 0.66209426 0.6846351  0.65411542 0.6747064\n 0.70922738 0.70448354 0.71019671 0.73144327 0.74089716 0.77053607\n 0.74148155 0.74941135 0.77059887 0.79545346 0.74133432 0.73905867\n 0.79628702 0.77062612 0.67191871 0.77910149 0.82883422 0.84360486\n 0.83867761 0.8317606  0.85441896 0.85191653 0.85692991 0.86851569\n 0.86924956 0.84523059 0.8547883  0.87558487 0.8708199  0.87148879\n 0.87102587 0.88124759 0.87776622 0.89279155 0.88983797 0.88028606\n 0.90214763 0.89792699 0.90209473 0.89338769 0.89613817 0.88554693\n 0.89391127 0.73347908 0.36162493 0.23970015 0.02869093 0.21635404\n 0.15871411 0.27939652 0.22873364 0.20216838 0.2103279  0.18790864\n 0.16632393 0.17849166 0.20382704 0.25112394 0.18301046 0.22733418\n 0.21911316 0.24876918 0.2583579  0.21860364 0.21436624 0.22093969\n 0.28375745 0.20714759 0.24019603 0.30342003 0.19640852 0.27509113\n 0.37822486 0.24210387 0.31099177 0.29676611 0.40724888 0.34816064\n 0.26198897 0.35391709 0.33311746 0.29087492 0.34274466 0.32351824\n 0.31941108 0.36957073 0.34133713 0.28105358 0.31197181 0.18833355\n 0.25150591 0.22595774 0.25740816 0.33740115 0.22424187 0.36815252\n 0.33796261 0.23926141 0.35876078 0.40690368 0.55751816 0.33700891\n 0.46122536 0.43407339 0.41033369 0.45246435 0.54388263 0.69298573\n 0.636142   0.83380877 0.60486263 1.00000001]",
      null
    ]
  },
  "baseline": {
    "mae": [
      0.3910547107155797,
      4.922051467977774e-12
    ],
    "mse": [
      0.2651457779976176,
      2.992734400026051e-22
    ],
    "psnr": [
      53.8959564593348,
      263.3700103598614
    ],
    "ssim": [
      0.23509124390365013,
      1.0000000000001967
    ],
    "ms_ssim": [
      0.675805914771939,
      0.05243908586502188
    ],
    "frc50": [
      "32",
      NaN
    ],
    "frc": [
      "[1.         0.99985199 0.9996886  0.99926155 0.99958797 0.99963187\n 0.99896446 0.9986852  0.9986652  0.99790056 0.99742698 0.99679816\n 0.99325177 0.99596416 0.9931903  0.99029153 0.98811215 0.9817018\n 0.98419891 0.96934014 0.97608029 0.96807246 0.95723571 0.93258462\n 0.93577737 0.89231074 0.868873   0.82835465 0.76991402 0.64203686\n 0.62252395 0.50141976 0.08331372 0.05935452 0.22242382 0.5193294\n 0.46209172 0.45574535 0.49172409 0.45191481 0.46973792 0.43422251\n 0.19147034 0.20423272 0.20882054 0.12634143 0.06478419 0.00230272\n 0.08472682 0.12430762 0.16740363 0.18103583 0.15742711 0.15687991\n 0.0637529  0.25355195 0.26208663 0.13414253 0.18334611 0.1926993\n 0.10759641 0.2203983  0.07228215 0.14097521 0.16499029 0.07627776\n 0.0250336  0.08039437 0.09826425 0.17435107 0.01851354 0.16240339\n 0.1139138  0.08463625 0.13518839 0.07052017 0.13508372 0.19758062\n 0.18925538 0.20592284 0.13234073 0.21813274 0.15916956 0.15609034\n 0.20587513 0.23385015 0.15449501 0.10917889 0.22678082 0.20926464\n 0.141009   0.14803172 0.11602226 0.10811356 0.11687533 0.12039472\n 0.13010052 0.04023697 0.03431508 0.10183017 0.10527962 0.11718284\n 0.09018068 0.07035072 0.11212497 0.21166434 0.26609668 0.33352204\n 0.35341429 0.40443148 0.39889799 0.42224354 0.440869   0.38249945\n 0.41913901 0.4320212  0.41408314 0.26661177 0.09013442 0.3966196\n 0.37728515 0.44195131 0.35422213 0.37987849 0.32006042 0.35681745\n 0.24133583 0.27236001 0.27816779 0.14959386 0.03875907 0.02536119\n 0.07683975 0.13486474 0.07516853 0.14337079 0.25581289 0.36878442\n 0.33941963 0.24660459 0.55283702 0.59768477 0.6200316  0.6729062\n 0.63170483 0.43448806 0.51527005 0.71117661 0.72764087 0.76465708\n 0.78059529 0.77904725 0.79260486 0.78643217 0.79511311 0.74365179\n 0.74771882 0.72582116 0.71865829 0.63297236 0.56359337 0.5724247\n 0.49892282 0.03281102 0.03609199 0.14091693 0.02257607 0.04373313\n 0.10449666 0.08500244 0.08600783 0.02047397 0.00502383 0.07213846\n 0.08510614 0.04477802 0.10328414 0.05397276 0.19810732 0.20932149\n 0.11039848 0.15693892 0.09897876 0.14036845 0.04775369 0.03694646\n 0.09491095 0.04652796 0.10963946 0.06358408 0.06513277 0.08506884\n 0.19944458 0.18074894 0.30715272 0.29511618 0.25609566 0.27651605\n 0.40920078 0.34249746 0.36425564 0.30200023 0.26656422 0.24806134\n 0.16638063 0.26740374 0.3059554  0.23376577 0.07996292 0.09941536\n 0.20857878 0.25080789 0.31963417 0.29406963 0.26396249 0.37674756\n 0.23716268 0.29181814 0.42183121 0.3705001  0.37874147 0.38568817\n 0.2969104  0.43990178 0.45925786 0.2480297  0.32660862 0.21337766\n 0.40055059 0.01027084 0.89225432 1.00000001]",
      null
    ]
  }
}