{
  "train_loss": [
    0.21108846366405487,
    0.09230376780033112,
    0.07956219464540482,
    0.06954740732908249,
    0.07104533910751343,
    0.06329608708620071,
    0.06216922774910927,
    0.054490480571985245,
    0.05340658128261566,
    0.05501726269721985
  ],
  "val_loss": [
    2.62652587890625,
    0.0894962027668953,
    0.12741222977638245,
    0.06197366863489151,
    0.06875554472208023,
    0.059731852263212204,
    0.05289372429251671,
    0.05965558812022209,
    0.04698284715414047,
    0.06188662722706795,
    0.04163031280040741
  ]
}