{
  "pinn": {
    "mae": [
      0.1442755309297157,
      0.24250519458094907
    ],
    "mse": [
      0.031431052883673274,
      0.09582716286455523
    ],
    "psnr": [
      63.15721432678436,
      58.315917305325875
    ],
    "ssim": [
      0.6397551125572847,
      0.545342922165935
    ],
    "ms_ssim": [
      0.9133768146786814,
      0.0660792590022828
    ],
    "frc50": [
      "32",
      NaN
    ],
    "frc": [
      "[1.         0.99982985 0.9994783  0.99704496 0.99808107 0.99839107\n 0.99524466 0.99121818 0.99319908 0.99162154 0.98782034 0.98569273\n 0.97739248 0.98353691 0.97935715 0.97446436 0.977384   0.9604873\n 0.95235603 0.95691088 0.93199823 0.93114746 0.90502284 0.87374553\n 0.84790562 0.8813942  0.74962023 0.76759338 0.78565235 0.58262228\n 0.77890713 0.56268725 0.2980357  0.28627728 0.34104273 0.4550913\n 0.46971613 0.43179294 0.35296669 0.26369472 0.31539064 0.31900654\n 0.08333719 0.26554862 0.2482838  0.21542675 0.1841569  0.1608567\n 0.21047527 0.28735554 0.29485208 0.14850115 0.20013226 0.28929669\n 0.17183612 0.26456055 0.29967103 0.22129245 0.23215632 0.2485006\n 0.21809269 0.29465254 0.17673129 0.29660437 0.25953744 0.13266971\n 0.28735711 0.19212433 0.33402892 0.26823298 0.18979188 0.30103206\n 0.27895224 0.28831319 0.26576787 0.34019105 0.28126374 0.33537562\n 0.25245073 0.33262489 0.26189819 0.28560352 0.3475617  0.33620569\n 0.36798971 0.346395   0.38534536 0.29073517 0.39135556 0.40247994\n 0.34441154 0.4061012  0.41809635 0.35349476 0.39018899 0.40867317\n 0.4559585  0.40143022 0.28748925 0.49690009 0.50198491 0.42867703\n 0.4368228  0.42671824 0.52725379 0.50232819 0.53130599 0.58531012\n 0.60145202 0.57870083 0.57104513 0.55945196 0.64814228 0.60894455\n 0.61733884 0.64944862 0.66600135 0.68229204 0.65732152 0.67455488\n 0.67946397 0.70269932 0.7092977  0.74101741 0.71765729 0.76910629\n 0.74702862 0.73274056 0.76625186 0.77109899 0.6039855  0.69783431\n 0.75812826 0.76886854 0.70044131 0.78032099 0.82362083 0.83095874\n 0.83923823 0.81498987 0.84465467 0.84769638 0.83724214 0.85360441\n 0.80088788 0.82178406 0.82231042 0.84484442 0.83998686 0.83626947\n 0.83529758 0.82169156 0.85593541 0.85147531 0.84499017 0.85517091\n 0.83118564 0.8149142  0.78395448 0.8447366  0.811949   0.85023974\n 0.86222869 0.58775304 0.21231121 0.19092834 0.03224331 0.21738549\n 0.21047565 0.16227256 0.22209595 0.20920873 0.15916615 0.18592136\n 0.23378255 0.09139185 0.26490245 0.26592534 0.26341476 0.21403144\n 0.35797642 0.30499794 0.31965041 0.28542694 0.2062073  0.17838032\n 0.40087842 0.3714944  0.45883129 0.43157555 0.1563027  0.43223498\n 0.43779188 0.40377054 0.43775649 0.49770922 0.46372742 0.39526906\n 0.45569674 0.42269809 0.46912693 0.43920419 0.36409572 0.37534971\n 0.34291765 0.43615329 0.37190891 0.36891122 0.32577151 0.10862894\n 0.33236537 0.49854548 0.44011554 0.52094882 0.50945177 0.53611008\n 0.49883618 0.4536294  0.59809193 0.41658708 0.49011794 0.52860724\n 0.41349338 0.51016134 0.40064318 0.34079287 0.47590215 0.46213326\n 0.4828288  0.3070593  0.10656028 1.00000001]",
      null
    ]
  },
  "baseline": {
    "mae": [
      0.4036239783588481,
      3.1809252135885983e-06
    ],
    "mse": [
      0.27727497023635495,
      1.613673270947696e-11
    ],
    "psnr": [
      53.70169693283185,
      156.05264755499462
    ],
    "ssim": [
      0.16908975863752645,
      0.9999999996227024
    ],
    "ms_ssim": [
      0.6057336066960111,
      0.06409135563595762
    ],
    "frc50": [
      "25",
      NaN
    ],
    "frc": [
      "[1.         0.99986234 0.99928195 0.998856   0.99897718 0.99914954\n 0.99835371 0.99753408 0.99683175 0.99562339 0.99513805 0.99290056\n 0.99167477 0.98896037 0.98133675 0.97946508 0.96547962 0.93813119\n 0.92882906 0.8810029  0.86255112 0.8147071  0.74908883 0.60604105\n 0.54185738 0.48088993 0.30250435 0.24608014 0.2234271  0.05247954\n 0.13775512 0.14246048 0.03127817 0.01767853 0.04487403 0.22195829\n 0.06584298 0.08465099 0.06271345 0.02938154 0.13301177 0.14416041\n 0.048867   0.04644674 0.06593531 0.07574294 0.04156748 0.01762706\n 0.06779047 0.10970371 0.16021929 0.12045257 0.13701998 0.14239954\n 0.05042882 0.25921927 0.22319582 0.0890279  0.19768221 0.17358333\n 0.04752624 0.18395048 0.02386519 0.08590442 0.1040114  0.04720583\n 0.01437188 0.0659366  0.10692125 0.12605767 0.00376092 0.14649773\n 0.05741388 0.0610782  0.05504126 0.10386157 0.12621412 0.14684774\n 0.15781572 0.18977035 0.11177557 0.19774126 0.16468147 0.18959987\n 0.18219639 0.21114201 0.18159768 0.12238642 0.21279667 0.20949834\n 0.1520362  0.23403444 0.18940983 0.10845489 0.10399611 0.10850657\n 0.13801697 0.03687516 0.03870352 0.10325281 0.13225042 0.11956047\n 0.12997135 0.07407166 0.16768635 0.27542709 0.3292474  0.42644498\n 0.42305233 0.41586466 0.44489732 0.40747709 0.4595791  0.42953517\n 0.47921309 0.49028334 0.51000944 0.44401197 0.31072679 0.50605417\n 0.44615332 0.5049777  0.41325634 0.40525479 0.3927596  0.4118953\n 0.27460489 0.3145178  0.32434602 0.19274803 0.06495997 0.00189898\n 0.04636349 0.14021866 0.08994468 0.18784916 0.2887874  0.45037113\n 0.4186675  0.45860835 0.56192763 0.67214648 0.67939435 0.7017384\n 0.67249182 0.55969256 0.61361823 0.73616457 0.77344202 0.78652232\n 0.78312492 0.79842063 0.82017818 0.78375194 0.82462441 0.76790864\n 0.73712359 0.70432072 0.69489851 0.59811369 0.49319103 0.50810285\n 0.47078143 0.098377   0.00674511 0.15876426 0.00652392 0.02855651\n 0.09387405 0.10896903 0.0917915  0.02045393 0.12368804 0.16144542\n 0.14009917 0.10810696 0.17329393 0.12306782 0.20083922 0.17039434\n 0.11945552 0.21454502 0.14026715 0.09105856 0.05887345 0.04287032\n 0.11976416 0.12955452 0.07095343 0.10321443 0.04843775 0.23655821\n 0.22359572 0.29806808 0.34758016 0.26324565 0.44837226 0.34745433\n 0.37791686 0.37243156 0.29140772 0.34409128 0.27351178 0.35087962\n 0.21289282 0.33114453 0.18156878 0.15187204 0.09888629 0.23405467\n 0.35441611 0.39084181 0.46499926 0.42077924 0.52790555 0.44235373\n 0.46232419 0.43237274 0.61821042 0.47459768 0.52352178 0.40252438\n 0.41297812 0.45332638 0.368958   0.41182899 0.31852733 0.58134645\n 0.29576831 0.36860551 0.33430471 1.00000001]",
      null
    ]
  }
}