{
  "mae": [
    "0.513058",
    1.3480942308741662e-15
  ],
  "mse": [
    "0.4111674",
    2.739761351537361e-30
  ],
  "psnr": [
    51.99061718520853,
    342.6602824476363
  ],
  "ssim": [
    0.2771137893998457,
    1.0000000000002238
  ],
  "ms_ssim": [
    0.10228907417169902,
    0.005901005618424116
  ],
  "frc50": [
    "2",
    NaN
  ],
  "frc": [
    "[1.         0.76383413 0.15907912 0.11700857 0.05955865 0.21308327\n 0.15496264 0.0714763  0.17464462 0.02918579 0.08453561 0.07299492\n 0.06845303 0.13935958 0.22317889 0.25448648 0.04292403 0.09680618\n 0.11771453 0.02979295 0.02094102 0.10060801 0.05367453 0.14611383\n 0.08338318 0.05975544 0.02273086 0.09857491 0.20162302 0.01948149\n 0.04913201 0.07729001 0.08296487 0.02318801 0.08995226 0.06788732\n 0.06151864 0.07227563 0.0478633  0.10371469 0.03946756 0.1842616\n 0.0815722  0.07395495 0.11824731 0.02804799 0.02874845 0.11764796\n 0.03340498 0.01533404 0.03240616 0.07656464 0.03716444 0.10223691\n 0.01372626 0.07077825 0.05044708 0.02318251 0.01480213 0.01454651\n 0.03216074 0.093161   0.04774577 0.07321516 0.11033801 0.01185915\n 0.09470427 0.1028076  0.07252825 0.02683727 0.00590803 0.04297549\n 0.10080148 0.0624296  0.06113964 0.13353531 0.11749529 0.09959696\n 0.0614716  0.02883733 0.00636467 0.03099465 0.08330889 0.06459715\n 0.08884953 0.11167525 0.16872307 0.0209713  0.07636647 0.08410422\n 0.04378147 0.01731977 0.07891111 0.0890705  0.09782207 0.17454652\n 0.10118539 0.0504926  0.0606041  0.02217999 0.03518279 0.03938607\n 0.06209293 0.05025231 0.15568548 0.22740469 0.03416547 0.1249931\n 0.06612772 0.09262289 0.04591487 0.03491311 0.12867487 0.15125736\n 0.14993038 0.13244374 0.12478961 0.0748474  0.07224788 0.10700077\n 0.0500864  0.13724991 0.01297996 0.1523055  0.15156939 0.20323776\n 0.02141419 0.21926019 0.17572337 0.17291908 0.17722386 0.02373667\n 0.03720212 0.04898156 0.18174122 0.1577418  0.13237386 0.19100942\n 0.19222822 0.14902636 0.11605326 0.14114891 0.15122368 0.16166577\n 0.0299884  0.20969772 0.10109426 0.14439376 0.11023767 0.22710054\n 0.20441326 0.14541823 0.07840537 0.20193699 0.15205404 0.22302783\n 0.12695204 0.23175841 0.12864593 0.21271633 0.14563325 0.21815069\n 0.19293462 0.16055247        inf        inf        inf        inf\n        inf        inf        inf        inf        inf        inf\n        inf        inf        inf        inf        inf        inf\n        inf        inf        inf        inf        inf        inf\n        inf        inf        inf        inf        inf        inf\n        inf        inf        inf        inf        inf        inf\n        inf        inf        inf        inf        inf        inf\n        inf        inf        inf        inf        inf        inf\n        inf        inf        inf        inf        inf        inf\n        inf        inf        inf        inf        inf        inf\n        inf        inf        inf        inf        inf        inf\n        inf        inf        inf        inf]",
    null
  ]
}