{
  "train_loss": [
    0.08167029172182083,
    0.04890986531972885,
    0.04042169451713562,
    0.03544805943965912,
    0.03180425614118576,
    0.031040890142321587,
    0.02937600016593933,
    0.028357679024338722,
    0.026638219133019447,
    0.026121051982045174,
    0.0236510019749403,
    0.024158433079719543,
    0.022662919014692307,
    0.021459778770804405,
    0.023025576025247574,
    0.022413505241274834,
    0.01963929831981659,
    0.01954544335603714,
    0.02065384015440941,
    0.020115884020924568
  ],
  "val_loss": [
    0.8841739892959595,
    0.09620866924524307,
    0.09822049736976624,
    0.06539127975702286,
    0.03991034999489784,
    0.041050106287002563,
    0.029729722067713737,
    0.033509206026792526,
    0.06276503950357437,
    0.04189206287264824,
    0.04094376787543297,
    0.06456457823514938,
    0.043614257127046585,
    0.025569047778844833,
    0.08347378671169281,
    0.05749145895242691,
    0.032793331891298294,
    0.031465090811252594,
    0.021374359726905823,
    0.03730176389217377,
    0.02326122298836708
  ]
}