{
  "mae": [
    "0.073108",
    0.014841016010907978
  ],
  "mse": [
    "0.008336053",
    0.0003583847336438364
  ],
  "psnr": [
    68.92119904960654,
    82.58730859475085
  ],
  "ssim": [
    0.9027882517536636,
    0.9931301990800374
  ],
  "ms_ssim": [
    0.9843999196145574,
    0.16245635875652145
  ],
  "frc50": [
    "73",
    NaN
  ],
  "frc": [
    "[1.         0.99999072 0.99998238 0.99994771 0.99995976 0.99996606\n 0.99992611 0.99984467 0.99985965 0.99974297 0.99961294 0.99950751\n 0.99940973 0.99945123 0.99876486 0.9981309  0.99841017 0.99775813\n 0.99735666 0.99499916 0.99612765 0.99476899 0.9932508  0.99124238\n 0.99071169 0.9888677  0.98352354 0.98540442 0.98126129 0.96837015\n 0.96941772 0.94292184 0.85628051 0.7993484  0.89277658 0.91906734\n 0.92812571 0.91258619 0.90549891 0.86033958 0.86468547 0.84000271\n 0.79199003 0.81744119 0.85800645 0.81155449 0.77059351 0.79295594\n 0.89025868 0.90894821 0.88904124 0.92155913 0.93712436 0.94614987\n 0.94285516 0.92588765 0.94488035 0.92833503 0.90963818 0.92147994\n 0.89874617 0.90553693 0.89720845 0.90394967 0.87501433 0.60323494\n 0.86646766 0.87310986 0.85070488 0.82160492 0.79246352 0.7852997\n 0.60614438 0.49819333 0.73093232 0.73981235 0.7313706  0.69155851\n 0.71861883 0.71485107 0.71271257 0.68237079 0.73267566 0.68150609\n 0.70376905 0.74286771 0.72330248 0.66393707 0.69259077 0.68405978\n 0.70401749 0.65720279 0.49450953 0.54902537 0.62476859 0.64354697\n 0.62063016 0.64941853 0.4093822  0.64020021 0.60230997 0.54985243\n 0.57946012 0.44264598 0.63247843 0.59886011 0.58255418 0.64431871\n 0.60086032 0.6439674  0.62303593 0.61672966 0.69878995 0.66458098\n 0.68161718 0.66669058 0.66964805 0.65242112 0.51664824 0.6636034\n 0.70001995 0.6777508  0.70125269 0.70434053 0.71162208 0.71920131\n 0.69906681 0.74648926 0.74602921 0.74732339 0.61296641 0.60321563\n 0.76499359 0.76878164 0.73712733 0.76929316 0.7885296  0.79671187\n 0.80807656 0.79663084 0.82537438 0.80264745 0.81843839 0.83144968\n 0.83020927 0.79066912 0.82017435 0.86125161 0.85471198 0.838209\n 0.8520447  0.85126027 0.86777845 0.88040026 0.86150473 0.85795467\n 0.85873537 0.86387047 0.85389543 0.8517859  0.84928005 0.84664026\n 0.83299213 0.64212861 0.35895632 0.30709699 0.17586363 0.32759342\n 0.31758905 0.31196328 0.24792335 0.22869607 0.2731488  0.31005628\n 0.11810192 0.05074977 0.24059478 0.25935259 0.18595837 0.30144708\n 0.35706966 0.32209081 0.29445793 0.2483731  0.24423031 0.27801542\n 0.26956657 0.21959897 0.32205779 0.37571255 0.13590544 0.26158963\n 0.40574186 0.20274713 0.3613994  0.42686355 0.31311837 0.39318721\n 0.42479224 0.38328827 0.54638188 0.3900144  0.36799458 0.41811659\n 0.37095082 0.28378877 0.43341555 0.37401951 0.28536967 0.22980037\n 0.35267592 0.37205959 0.46422459 0.42681186 0.47307696 0.47791674\n 0.46412152 0.36723479 0.44877056 0.43407363 0.35267261 0.36169215\n 0.59383287 0.31118549 0.31374344 0.29300512 0.3282188  0.0475216\n 0.4634729  0.08824336 0.34734207 1.        ]",
    null
  ]
}