{
  "architecture": "ffno",
  "eval_image_mae_norm": 0.43687811493873596,
  "eval_relative_physics": 0.8309299349784851,
  "final_loss_breakdown": {
    "image": 0.439687043428421,
    "physics": 0.0036280974745750427,
    "positivity": 0.0,
    "relative_physics": 0.8276391625404358,
    "total": 0.5228137969970703,
    "tv": 5.127523036208004e-05
  },
  "final_loss_total": 0.5228137969970703,
  "note": "fast_dev_run sanity execution",
  "parameter_count": 27538,
  "row_id": "ffno",
  "row_status": "feasibility_only",
  "train_steps": 1
}
