{
  "architecture": "ffno",
  "eval_image_mae_norm": 0.477170467376709,
  "eval_relative_physics": 0.7906044721603394,
  "final_loss_breakdown": {
    "image": 0.479798823595047,
    "physics": 0.003744141897186637,
    "positivity": 0.0,
    "relative_physics": 0.7895881533622742,
    "total": 0.5591320395469666,
    "tv": 0.0002610223018564284
  },
  "final_loss_total": 0.5591320395469666,
  "note": "fast_dev_run sanity execution",
  "parameter_count": 27538,
  "row_id": "ffno",
  "row_status": "feasibility_only",
  "train_steps": 1
}
