{
  "pinn": {
    "mae": [
      "0.04017562",
      0.04515778660870372
    ],
    "mse": [
      "0.0032384878",
      0.022861035478501306
    ],
    "psnr": [
      73.02738131121986,
      64.53984463548784
    ],
    "ssim": [
      0.9676794432886527,
      0.9657573259843129
    ],
    "ms_ssim": [
      0.9938325024585519,
      0.7488545989308988
    ],
    "frc50": [
      "166",
      NaN
    ],
    "frc": [
      "[1.         0.99997642 0.9999639  0.99978446 0.99993056 0.99989614\n 0.99967395 0.99951011 0.99946311 0.9991522  0.99870918 0.99843881\n 0.99652339 0.9960016  0.9953738  0.9943261  0.9926289  0.99020103\n 0.99102506 0.98961052 0.98753042 0.98917201 0.98843971 0.98295278\n 0.98667218 0.98919994 0.98455949 0.99083867 0.98589495 0.98248111\n 0.98536197 0.98424946 0.97563955 0.98355225 0.97844009 0.97885813\n 0.98265954 0.98015057 0.9804935  0.96836844 0.97562916 0.97293342\n 0.97425861 0.97091797 0.97083653 0.96573806 0.96169546 0.96136498\n 0.96948104 0.96987529 0.97641902 0.97610613 0.97496621 0.97832681\n 0.97964052 0.97610277 0.97912789 0.97914792 0.97727575 0.97898554\n 0.97537015 0.97321536 0.97255145 0.96987478 0.96999574 0.9594255\n 0.95693214 0.96062779 0.94928551 0.95292277 0.94418847 0.94585288\n 0.92583122 0.9179448  0.9301908  0.90908635 0.90995507 0.89401486\n 0.92275657 0.91072953 0.89630358 0.9048508  0.8860102  0.90443561\n 0.8805887  0.85899813 0.86299524 0.86932751 0.84463108 0.82592802\n 0.8277426  0.81887409 0.81470304 0.81923928 0.79811631 0.80307488\n 0.77541423 0.78095928 0.74354159 0.77549917 0.76944143 0.78724452\n 0.78270014 0.73462107 0.80456816 0.77794172 0.7792382  0.7415459\n 0.75036638 0.79251499 0.773983   0.78434578 0.77754679 0.78443809\n 0.7889295  0.79997153 0.79036924 0.79227884 0.78904139 0.80273414\n 0.80847956 0.80897429 0.81456046 0.82857083 0.83719298 0.84540867\n 0.83760865 0.8599146  0.83875113 0.87005512 0.86001094 0.85590588\n 0.85060024 0.8729214  0.87037231 0.88192235 0.88534608 0.89326143\n 0.9029509  0.89410343 0.90162371 0.90409713 0.90226638 0.91010475\n 0.91224554 0.90684301 0.91705404 0.92012688 0.92047585 0.92329752\n 0.92038549 0.92467701 0.92784949 0.93402393 0.93009012 0.92946544\n 0.93427162 0.93862355 0.93202577 0.94261253 0.93804185 0.93430057\n 0.93797118 0.89440841 0.64284525 0.53560282 0.47128158 0.42360281\n 0.4605754  0.44256434 0.39279796 0.33182285 0.31354789 0.3689465\n 0.38006928 0.29425862 0.30438266 0.28466417 0.30530384 0.29257568\n 0.3494099  0.40398731 0.44165192 0.33200331 0.3483106  0.3419797\n 0.30161315 0.37995153 0.37928984 0.35177513 0.33604908 0.38517018\n 0.41465326 0.38392634 0.43073795 0.45461229 0.47472842 0.41973852\n 0.36515633 0.34063309 0.32216757 0.43947749 0.47839575 0.43053312\n 0.41408324 0.40736848 0.39159248 0.40728431 0.45395794 0.25465944\n 0.4302637  0.48095275 0.46670396 0.39444985 0.36800149 0.48100426\n 0.42373806 0.4142597  0.47593116 0.39584533 0.48586615 0.45900003\n 0.33163878 0.37928332 0.31160306 0.61300285 0.480741   0.61224052\n 0.50529268 0.35816395 0.732022   0.99999995]",
      null
    ]
  },
  "baseline": {
    "mae": [
      "0.43569463",
      2.745995294548534e-13
    ],
    "mse": [
      "0.32595685",
      1.0033377510281217e-24
    ],
    "psnr": [
      52.99920213750347,
      288.1144068526081
    ],
    "ssim": [
      0.16707629940698646,
      0.9999999999997629
    ],
    "ms_ssim": [
      0.6069493906153566,
      0.03871852050869052
    ],
    "frc50": [
      "26",
      NaN
    ],
    "frc": [
      "[1.         0.99858384 0.9959647  0.99309734 0.98952787 0.98230872\n 0.97849432 0.96696835 0.95639931 0.9585496  0.93536812 0.91314601\n 0.9014429  0.90406867 0.87091916 0.83938055 0.85259958 0.81192989\n 0.77412298 0.75372564 0.76760215 0.6623163  0.701312   0.64266319\n 0.62835861 0.64678195 0.46287242 0.47923303 0.41747842 0.32209861\n 0.3401008  0.07384769 0.10385064 0.05910229 0.16230893 0.2673141\n 0.21089382 0.21433545 0.23828481 0.16836118 0.13869554 0.12724704\n 0.1698598  0.0536662  0.11015315 0.05451236 0.02151423 0.02669705\n 0.01121161 0.0614224  0.00376291 0.09250145 0.14480937 0.05435503\n 0.11973662 0.12539563 0.17051909 0.08834052 0.18946297 0.16392224\n 0.26255512 0.24221338 0.1383595  0.28602642 0.18101527 0.03125316\n 0.00109666 0.11520246 0.11220713 0.14567635 0.07743622 0.11200994\n 0.0863845  0.01549725 0.05991027 0.06515714 0.01167062 0.07221802\n 0.09938979 0.04358227 0.06718217 0.08101047 0.09674989 0.21648738\n 0.11842403 0.127624   0.14414379 0.16946662 0.13062697 0.10113913\n 0.16958423 0.07909771 0.06499784 0.14096177 0.16020532 0.14397054\n 0.03654636 0.05516426 0.04818906 0.02298165 0.07495446 0.18638602\n 0.04839505 0.03999882 0.16947072 0.14485669 0.31766682 0.28022641\n 0.30188467 0.3125436  0.35984069 0.39413315 0.41343047 0.4142588\n 0.4166546  0.4098259  0.3342922  0.2236297  0.09688179 0.3537123\n 0.37841921 0.39026894 0.33719085 0.32453963 0.3204004  0.34286946\n 0.27550754 0.23200613 0.25324255 0.15723415 0.05817983 0.05020467\n 0.09041184 0.11774698 0.04358833 0.0950314  0.20778662 0.34805805\n 0.28957244 0.25649308 0.51605762 0.54428353 0.55187686 0.60620414\n 0.51066589 0.27344884 0.37317223 0.5859566  0.62908927 0.69453597\n 0.71592382 0.71336146 0.73818325 0.73471945 0.74809593 0.66297029\n 0.70398674 0.67981045 0.64754597 0.62763709 0.4897294  0.50536401\n 0.44720725 0.03158859 0.05239523 0.12994463 0.08575381 0.00844487\n 0.0402342  0.01386244 0.0871547  0.11603086 0.07947569 0.00574942\n 0.04794013 0.06053954 0.01252988 0.0946528  0.10775681 0.1612405\n 0.17558162 0.14331848 0.11699887 0.11155765 0.0187614  0.04018591\n 0.14763191 0.16999815 0.05104581 0.10377287 0.02992859 0.09664863\n 0.13312844 0.24896498 0.23281078 0.30413362 0.19393238 0.32902063\n 0.28656952 0.27851112 0.31103459 0.35752107 0.26990421 0.28996008\n 0.28291021 0.25040877 0.26476323 0.2878092  0.17623625 0.0465616\n 0.0303679  0.22126017 0.17784741 0.31185156 0.16647001 0.4024618\n 0.20230363 0.27358635 0.40689563 0.28910868 0.22389788 0.3077125\n 0.27116223 0.28807664 0.04481571 0.16925859 0.08229757 0.01744117\n 0.09580044 0.07289639 0.92321762 1.00000004]",
      null
    ]
  }
}