{
  "epochs": [
    0.0,
    1.0,
    2.0,
    3.0,
    4.0
  ],
  "metrics": {
    "intensity_scaler_inv_loss": [
      50.79717254638672,
      42.293846130371094,
      22.08411979675293,
      17.90252685546875,
      17.679655075073242
    ],
    "learning_rate": [
      0.0010000000474974513,
      0.0010000000474974513,
      0.0010000000474974513,
      0.0010000000474974513,
      0.0010000000474974513
    ],
    "loss": [
      -3824700.5,
      -3847629.0,
      -3909128.5,
      -3919788.5,
      -3920486.5
    ],
    "pred_intensity_loss": [
      -3838410.75,
      -3857459.25,
      -3906730.0,
      -3885509.75,
      -3886979.75
    ],
    "train_loss": [
      -3824700.5,
      -3847629.0,
      -3909128.5,
      -3919788.5,
      -3920486.5
    ],
    "trimmed_obj_loss": [
      0.0,
      0.0,
      0.0,
      0.0,
      0.0
    ],
    "val_intensity_scaler_inv_loss": [
      48.69824981689453,
      36.265586853027344,
      18.857200622558594,
      16.730243682861328,
      16.867202758789062
    ],
    "val_loss": [
      -4350171.0,
      -4374053.5,
      -4425207.0,
      -4436220.0,
      -4432675.0
    ],
    "val_pred_intensity_loss": [
      -4237991.5,
      -4261303.0,
      -4314112.0,
      -4323642.5,
      -4321020.5
    ],
    "val_trimmed_obj_loss": [
      0.0,
      0.0,
      0.0,
      0.0,
      0.0
    ]
  }
}