{
  "epochs": [
    0.0,
    1.0,
    2.0,
    3.0,
    4.0
  ],
  "metrics": {
    "intensity_scaler_inv_loss": [
      25.877140045166016,
      19.264371871948242,
      17.564863204956055,
      16.222278594970703,
      16.247201919555664
    ],
    "learning_rate": [
      0.0010000000474974513,
      0.0010000000474974513,
      0.0010000000474974513,
      0.0010000000474974513,
      0.0010000000474974513
    ],
    "loss": [
      -3886826.5,
      -3917492.75,
      -3920887.5,
      -3923994.0,
      -3923536.25
    ],
    "pred_intensity_loss": [
      -3854558.75,
      -3894558.0,
      -3918078.0,
      -3894409.25,
      -3892771.5
    ],
    "train_loss": [
      -3886826.5,
      -3917492.75,
      -3920887.5,
      -3923994.0,
      -3923536.25
    ],
    "trimmed_obj_loss": [
      0.0,
      0.0,
      0.0,
      0.0,
      0.0
    ],
    "val_intensity_scaler_inv_loss": [
      18.95539093017578,
      20.789276123046875,
      15.727270126342773,
      15.262866973876953,
      18.24460792541504
    ],
    "val_loss": [
      -4430667.5,
      -4418959.0,
      -4438149.0,
      -4439232.5,
      -4426811.5
    ],
    "val_pred_intensity_loss": [
      -4319027.5,
      -4308278.5,
      -4325855.0,
      -4326701.0,
      -4315475.5
    ],
    "val_trimmed_obj_loss": [
      0.0,
      0.0,
      0.0,
      0.0,
      0.0
    ]
  }
}