{
  "mae": [
    "0.13817066",
    0.032329836521676814
  ],
  "mse": [
    "0.02850324",
    0.0016477143964868548
  ],
  "psnr": [
    63.58186149337133,
    75.96198424474436
  ],
  "ssim": [
    0.7141364049823832,
    0.966048417366223
  ],
  "ms_ssim": [
    0.937878691190765,
    0.07633406539107113
  ],
  "frc50": [
    "42",
    NaN
  ],
  "frc": [
    "[1.         0.99996815 0.99991109 0.9995378  0.99985376 0.99979553\n 0.99951726 0.99944849 0.99925364 0.99877227 0.99775625 0.99775178\n 0.9968723  0.99687408 0.99480448 0.9901229  0.99260263 0.98739653\n 0.9866299  0.97322259 0.97504039 0.96909866 0.97116467 0.95724784\n 0.94773438 0.93376654 0.89312612 0.90859147 0.91533355 0.83534111\n 0.8801841  0.83483028 0.61063556 0.52074855 0.70302313 0.6908883\n 0.71578974 0.64550247 0.66207802 0.60722149 0.55752474 0.50229448\n 0.35047241 0.43634846 0.36066896 0.3550876  0.34961205 0.22170203\n 0.40546528 0.47101456 0.37988486 0.42500017 0.42269481 0.47067245\n 0.45272549 0.48296589 0.4702158  0.47220622 0.46213316 0.55059997\n 0.56031415 0.56849873 0.5523063  0.6068325  0.46477835 0.19921765\n 0.45597291 0.51923504 0.53911388 0.50047306 0.39843972 0.44381544\n 0.28720617 0.27452698 0.46981268 0.44577424 0.34035244 0.32818634\n 0.29629289 0.27660426 0.19694225 0.20954882 0.27772017 0.24411984\n 0.19847684 0.21742382 0.24512862 0.19701917 0.24769202 0.24248956\n 0.23000079 0.26229675 0.16034079 0.233909   0.28113743 0.39304783\n 0.34147917 0.3571419  0.12134185 0.43053095 0.36416144 0.34121138\n 0.34153064 0.17899199 0.42059343 0.39705277 0.4394469  0.46394578\n 0.43286004 0.46566588 0.45622087 0.41767683 0.52388927 0.49852633\n 0.53257609 0.54135746 0.53553293 0.50165859 0.35507784 0.52161868\n 0.5539791  0.60072812 0.59485538 0.62959575 0.65195631 0.61306608\n 0.65058598 0.64568821 0.64248758 0.60563538 0.34218147 0.21525498\n 0.51234913 0.53401417 0.39465578 0.55876149 0.65434718 0.67627411\n 0.66423715 0.67029434 0.68110991 0.68906242 0.71811483 0.69822098\n 0.65211698 0.55717621 0.62819792 0.69507851 0.70537678 0.69802124\n 0.74015141 0.7142259  0.72599703 0.76596028 0.75441027 0.74811034\n 0.77448194 0.77945223 0.76553501 0.75043251 0.74967434 0.72926164\n 0.74666411 0.37374155 0.16973392 0.08187822 0.00644989 0.11845599\n 0.18171147 0.1985379  0.06298657 0.13762567 0.0943376  0.17690518\n 0.12109441 0.05726364 0.07716022 0.1049455  0.13147136 0.12932608\n 0.23322229 0.05616171 0.27238583 0.16726294 0.05742195 0.16409073\n 0.23959577 0.11083195 0.16107522 0.20000102 0.12319259 0.16013745\n 0.23981448 0.28010677 0.21558763 0.23427159 0.26272926 0.18846013\n 0.2954078  0.20069643 0.28361554 0.29649743 0.19524031 0.35506426\n 0.16290208 0.41572732 0.25746297 0.25590066 0.1580922  0.00750252\n 0.12633279 0.14966634 0.22462722 0.17870518 0.2643482  0.22584076\n 0.28362433 0.07154872 0.36068859 0.24231118 0.14185801 0.20700471\n 0.23251792 0.3087447  0.1571851  0.29876015 0.17923288 0.66754909\n 0.3266337  0.26878778 0.33952536 0.99999997]",
    null
  ]
}