{
  "pinn_stable_hybrid": {
    "mae": [
      "0.513058",
      1.2050971010189666e-17
    ],
    "mse": [
      "0.41116735",
      2.1800797425460536e-34
    ],
    "psnr": [
      51.990617185204975,
      360.6428139286956
    ],
    "ssim": [
      0.27711380952892795,
      1.0
    ],
    "ms_ssim": [
      0.10228902799707836,
      0.0
    ],
    "frc50": [
      "2",
      NaN
    ],
    "frc": [
      "[0.99999996 0.75809807 0.01791024 0.05337782 0.12683399 0.24846273\n 0.20486864 0.03707653 0.2126228  0.08168472 0.05435618 0.09072292\n 0.20279076 0.1558263  0.14898844 0.2513758  0.08173541 0.05066652\n 0.05128738 0.02371425 0.04867525 0.06827887 0.02128877 0.14651194\n 0.12817307 0.02140827 0.01555325 0.05063634 0.15579523 0.02530464\n 0.01787408 0.06779153 0.10622062 0.0549914  0.02389507 0.03191898\n 0.04511084 0.02970589 0.01665369 0.0330979  0.01195137 0.0916962\n 0.05395652 0.08347925 0.04177363 0.03948816 0.02593388 0.10079456\n 0.06319102 0.00505401 0.01408599 0.06370173 0.03080501 0.08703964\n 0.04855466 0.03676527 0.06662898 0.05773652 0.02405437 0.03513942\n 0.06779846 0.08784584 0.05988484 0.04285183 0.10157229 0.03836197\n 0.06914484 0.07070897 0.06027561 0.05715709 0.01354963 0.08168132\n 0.1547737  0.07054907 0.1251105  0.06569008 0.05518059 0.09369232\n 0.02240504 0.03177061 0.00753123 0.04112274 0.07319747 0.07795924\n 0.04857757 0.10961701 0.06005338 0.04430971 0.07684084 0.01205243\n 0.05073039 0.0295219  0.08867549 0.10619182 0.03177475 0.13973567\n 0.16361119 0.12162281 0.04172486 0.09212068 0.04714623 0.07154047\n 0.07661283 0.03206752 0.10353182 0.07462001 0.14426746 0.17307056\n 0.06938904 0.07855409 0.02402628 0.05692932 0.1197503  0.16583682\n 0.1645129  0.16175925 0.17995847 0.17858741 0.08441633 0.12739026\n 0.1026022  0.08118113 0.08045544 0.17818637 0.18026503 0.15215832\n 0.21400593 0.15168744 0.13820525 0.08777536 0.18807326 0.12081984\n 0.10932353 0.13382751 0.07360558 0.0844733  0.20392238 0.2366951\n 0.15395935 0.18300985 0.09746179 0.19960826 0.20709557 0.16427467\n 0.13194115 0.12768759 0.09580976 0.16528315 0.1211636  0.19392513\n 0.13931294 0.11093996 0.13853683 0.20689566 0.18652451 0.21280319\n 0.22538412 0.2285211  0.22419511 0.23186152 0.1203203  0.15125507\n 0.21257561 0.20177648        inf        inf        inf        inf\n        inf        inf        inf        inf        inf        inf\n        inf        inf        inf        inf        inf        inf\n        inf        inf        inf        inf        inf        inf\n        inf        inf        inf        inf        inf        inf\n        inf        inf        inf        inf        inf        inf\n        inf        inf        inf        inf        inf        inf\n        inf        inf        inf        inf        inf        inf\n        inf        inf        inf        inf        inf        inf\n        inf        inf        inf        inf        inf        inf\n        inf        inf        inf        inf        inf        inf\n        inf        inf        inf        inf]",
      null
    ]
  }
}