{
  "train_loss": [
    0.15345321595668793,
    0.07135823369026184,
    0.05145798623561859,
    0.04369739815592766,
    0.03879083693027496,
    0.038346510380506516,
    0.032935477793216705,
    0.031348612159490585,
    0.028548086062073708,
    0.029442930594086647,
    0.027984047308564186,
    0.027454156428575516,
    0.02378423698246479,
    0.029169823974370956,
    0.023439044132828712,
    0.023369014263153076,
    0.0213637612760067,
    0.022116603329777718,
    2133.8408203125,
    0.09227336198091507
  ],
  "val_loss": [
    3.352053642272949,
    0.11285202950239182,
    0.16600053012371063,
    0.07007445394992828,
    0.0454753041267395,
    0.06313299387693405,
    0.06151174381375313,
    0.06882859021425247,
    0.031770721077919006,
    0.07644394785165787,
    0.07761875540018082,
    0.05239132046699524,
    0.027567818760871887,
    0.07430388033390045,
    0.02962922677397728,
    0.0237231757491827,
    0.028833044692873955,
    0.04431163892149925,
    0.14105117321014404,
    0.13287831842899323,
    0.12386707961559296
  ]
}