{
  "mae": [
    "0.16801964",
    0.2067927611608925
  ],
  "mse": [
    "0.045218796",
    0.06693386893116127
  ],
  "psnr": [
    61.57761361471615,
    59.87434431835236
  ],
  "ssim": [
    0.5993201914638877,
    0.5558484883687089
  ],
  "ms_ssim": [
    0.9119826566199797,
    0.3398132009054174
  ],
  "frc50": [
    "32",
    "30"
  ],
  "frc": [
    "[1.         0.99980293 0.9997631  0.99795497 0.99931548 0.99913991\n 0.99732236 0.9974013  0.9967809  0.99490242 0.99100035 0.98970583\n 0.98440562 0.98397221 0.97739589 0.97186385 0.96669237 0.95209864\n 0.95668672 0.93951621 0.92708475 0.9116695  0.90145223 0.86130482\n 0.8747425  0.84009666 0.74516325 0.77034264 0.77906804 0.60045132\n 0.70543415 0.64811236 0.27701407 0.28014614 0.5557041  0.58009548\n 0.64177273 0.59066286 0.65605619 0.55260933 0.59854341 0.53105693\n 0.48735669 0.39125161 0.33659178 0.22724279 0.18669075 0.00836553\n 0.18951697 0.19820234 0.08868306 0.03371093 0.04246772 0.05074449\n 0.01058968 0.03316173 0.03441712 0.05336666 0.07639099 0.08225521\n 0.11649589 0.12537206 0.07250894 0.08814369 0.01975849 0.06434261\n 0.08868495 0.06825894 0.10236512 0.10755924 0.0634257  0.04313138\n 0.00429252 0.0467824  0.12083299 0.08419616 0.10642332 0.15824166\n 0.1221495  0.25960371 0.13104853 0.18281407 0.23064395 0.22903979\n 0.2936016  0.21238945 0.30000645 0.21453848 0.2372701  0.19100058\n 0.20234402 0.2303112  0.1548567  0.27803308 0.2423103  0.27681637\n 0.32067317 0.26526108 0.06488815 0.31829233 0.31852292 0.16956995\n 0.19708495 0.09854902 0.26066776 0.265829   0.31288883 0.32934103\n 0.28637221 0.34689567 0.34489079 0.29511577 0.46617085 0.36928303\n 0.4175805  0.47284341 0.36618022 0.3816115  0.20945563 0.45715443\n 0.45894095 0.47821516 0.43303204 0.51370254 0.47545072 0.44218681\n 0.45880914 0.46424792 0.51445367 0.46975402 0.3473939  0.23207037\n 0.43578146 0.38471645 0.20636077 0.32621226 0.50406109 0.46890264\n 0.49582938 0.45086666 0.53634789 0.52742902 0.52309508 0.55111265\n 0.44582237 0.36771143 0.38326607 0.48261685 0.57745263 0.51090035\n 0.55571502 0.51452965 0.60326364 0.62150333 0.66718855 0.5742612\n 0.62052831 0.62615353 0.55225212 0.53147247 0.50333222 0.54666276\n 0.45927362 0.31865574 0.00125615 0.04513598 0.01469157 0.1579573\n 0.11282691 0.12667226 0.08990358 0.13535051 0.10479819 0.11577394\n 0.02482442 0.02842969 0.11412407 0.22139358 0.1510237  0.03855638\n 0.16035806 0.04879354 0.13384881 0.10038552 0.02849103 0.02540258\n 0.11467151 0.1325772  0.13648498 0.20807034 0.04691081 0.00736253\n 0.11346595 0.06357304 0.14190154 0.22382195 0.19725442 0.13814019\n 0.20276882 0.19603172 0.17197126 0.28537744 0.17268178 0.08258362\n 0.18568511 0.19794597 0.02790051 0.2391781  0.15794413 0.11452684\n 0.11921882 0.07905272 0.05246322 0.12329941 0.05105975 0.08232463\n 0.05571162 0.10365145 0.25514359 0.09493597 0.00324405 0.08604665\n 0.09844908 0.14881906 0.02503578 0.12233566 0.05211743 0.00224098\n 0.16980879 0.06219594 0.94097792 1.00000002]",
    "[1.         0.98521274 0.96782929 0.93979411 0.90832248 0.92635908\n 0.80334764 0.8228627  0.89461557 0.78970142 0.77402538 0.73798627\n 0.71323179 0.78264874 0.67380389 0.66539919 0.69136499 0.64591806\n 0.62282229 0.53912003 0.59000597 0.65057237 0.6233139  0.62649475\n 0.61584368 0.55571546 0.61906665 0.55227203 0.58324315 0.52799702\n 0.42651381 0.34436719 0.00643043 0.19972637 0.27041503 0.3757125\n 0.28731253 0.36923184 0.32250641 0.28770757 0.31823282 0.29001695\n 0.25164356 0.28889027 0.27109065 0.2397384  0.11220554 0.10766797\n 0.20185122 0.20899979 0.13195928 0.14962015 0.14157581 0.13748434\n 0.08110127 0.04703318 0.05762276 0.0017359  0.00306947 0.05443934\n 0.04680549 0.04350322 0.11599359 0.08739257 0.21177263 0.11023596\n 0.12379381 0.0842252  0.03518948 0.03747888 0.08689657 0.04044421\n 0.02037923 0.0173537  0.1234905  0.17267877 0.02343483 0.05731038\n 0.05376828 0.07378797 0.0381219  0.02494265 0.07353145 0.14355837\n 0.16220171 0.13327932 0.13366324 0.08772741 0.08437834 0.02240713\n 0.01047772 0.01406437 0.03754519 0.02061009 0.10437951 0.18761939\n 0.13753259 0.14105941 0.12448653 0.03106206 0.00438607 0.03920399\n 0.08851989 0.02642921 0.06675784 0.08028626 0.15792972 0.10610635\n 0.16779154 0.04097876 0.03341497 0.05701742 0.15276648 0.08034991\n 0.12443082 0.18887091 0.12991979 0.18173701 0.17054364 0.16656973\n 0.08445892 0.12686936 0.10202167 0.13567061 0.15343317 0.25598909\n 0.12988956 0.24768692 0.2361098  0.18219938 0.16303679 0.14487859\n 0.11277388 0.1153922  0.12110881 0.03423606 0.11824719 0.02778908\n 0.02639727 0.04641449 0.00451022 0.12064882 0.05955091 0.00489914\n 0.03960618 0.0618321  0.03369137 0.03995239 0.05232424 0.01489067\n 0.09363974 0.14416898 0.15060302 0.07690211 0.14085317 0.06434714\n 0.05781434 0.01048097 0.22638698 0.02588346 0.12892125 0.16185849\n 0.09195746 0.18022826 0.00336164 0.03653658 0.05384895 0.04842952\n 0.10181382 0.09801215 0.06382178 0.05285928 0.02324707 0.11642791\n 0.00413318 0.07154379 0.09958286 0.05076245 0.01125798 0.0352916\n 0.02198009 0.00687036 0.07163678 0.06732087 0.06373171 0.03425386\n 0.04784105 0.00128095 0.00328397 0.00825305 0.04316428 0.05655931\n 0.02629743 0.14168052 0.19012573 0.00257043 0.00216047 0.0255205\n 0.05359994 0.0228343  0.04018349 0.01288774 0.1157446  0.01351869\n 0.14610668 0.10673387 0.07369698 0.08268677 0.10397423 0.07589672\n 0.05006594 0.05891473 0.00971785 0.01345967 0.15463375 0.1576057\n 0.2344023  0.10519934 0.08673408 0.0101624  0.08727381 0.08596627\n 0.01558463 0.0246142  0.0567872  0.13713324 0.16848592 0.09007409\n 0.19455584 0.26758779 0.93260396 1.        ]"
  ]
}