{
  "train_loss": [
    0.24877099692821503,
    0.34559282660484314,
    0.19297289848327637,
    0.1330024152994156,
    0.1134825199842453,
    0.11111392080783844,
    0.12782904505729675,
    0.10494377464056015,
    0.1066310927271843,
    0.09994784742593765,
    0.09364369511604309,
    0.09056607633829117,
    0.0903007909655571,
    0.08891624957323074,
    0.08833801746368408,
    0.22035600244998932,
    0.10305993258953094,
    0.09696704894304276,
    0.09000210464000702,
    0.09020793437957764,
    0.08849488198757172,
    0.08976861834526062,
    0.08963682502508163,
    0.08803391456604004,
    0.08559924364089966,
    0.08302003145217896,
    0.08338224142789841,
    0.09895001351833344,
    0.08319936692714691,
    0.09195523709058762,
    0.08412669599056244,
    0.08316013216972351,
    0.08531878143548965,
    0.08157724887132645,
    0.083977609872818,
    0.08348450809717178,
    0.08744462579488754,
    0.0843849778175354,
    0.07958725839853287,
    0.0796763151884079,
    0.08262143284082413,
    0.08149370551109314,
    0.0809287577867508,
    0.08175405859947205,
    0.0803716778755188,
    0.08257430046796799,
    0.07864337414503098,
    0.07783065736293793,
    0.1082276701927185,
    0.0816420465707779
  ],
  "val_loss": [
    3.728976249694824,
    0.18132339417934418,
    4.064526081085205,
    0.1166197881102562,
    0.1350242644548416,
    0.12176869809627533,
    0.10455445945262909,
    0.11079216003417969,
    0.09974196553230286,
    0.11810771375894547,
    0.09375277161598206,
    0.09379009157419205,
    0.09263519942760468,
    0.09160709381103516,
    0.08948007225990295,
    0.08859308063983917,
    0.10135126113891602,
    0.11926500499248505,
    0.11106609553098679,
    0.09663945436477661,
    0.09863871335983276,
    0.09555462002754211,
    0.10795017331838608,
    0.09036000818014145,
    0.0951882004737854,
    0.08450738340616226,
    0.08645652234554291,
    0.142509326338768,
    0.0841757282614708,
    0.10118509829044342,
    0.08408498764038086,
    0.09146050363779068,
    0.08329067379236221,
    0.08671440929174423,
    0.09353165328502655,
    0.09186147153377533,
    0.08299124240875244,
    0.11678683757781982,
    0.08564921468496323,
    0.08312185853719711,
    0.08327368646860123,
    0.10140420496463776,
    0.0989343598484993,
    0.08784281462430954,
    0.0919552743434906,
    0.09680886566638947,
    0.0796603336930275,
    0.08043914288282394,
    0.07974882423877716,
    0.08907540887594223,
    0.08350392431020737
  ]
}