{
  "mae": [
    "0.1735187",
    0.0962195140500461
  ],
  "mse": [
    "0.045486826",
    0.01419303159842803
  ],
  "psnr": [
    61.551947529037534,
    66.61005191235185
  ],
  "ssim": [
    0.5536451956364966,
    0.9019037359420965
  ],
  "ms_ssim": [
    0.8678789122013423,
    0.7929171063916518
  ],
  "frc50": [
    "18",
    "23"
  ],
  "frc": [
    "[1.         0.99987484 0.99953985 0.99940208 0.99937787 0.99897062\n 0.99505327 0.99558769 0.98991365 0.98697857 0.97093414 0.96040115\n 0.95463152 0.91191905 0.87933986 0.88134144 0.71800447 0.73587923\n 0.46684023 0.41891007 0.36980765 0.47309525 0.69092984 0.55665432\n 0.69519151 0.60310549 0.43564038 0.37908631 0.57211262 0.55436682\n 0.61099326 0.49193358 0.54490865 0.45681511 0.2261855  0.27333597\n 0.24469856 0.25921862 0.32672286 0.36467703 0.27755818 0.13664716\n 0.12650664 0.02655212 0.18207583 0.00738944 0.09004104 0.11808768\n 0.13788805 0.25134645 0.27907377 0.35182953 0.2091464  0.00535021\n 0.16276529 0.09937729 0.09844198 0.10088199 0.09485675 0.0966501\n 0.12640135 0.12410263 0.23067814 0.29181708 0.2471707  0.21187158\n 0.18852436 0.28880058 0.26560915 0.2299965  0.25183401 0.29178344\n 0.22476387 0.3230605  0.27044657 0.24278075 0.1972184  0.26972408\n 0.31500186 0.20973535 0.07763436 0.34265487 0.25765024 0.20414988\n 0.15217782 0.33621011 0.32985468 0.36469103 0.38146846 0.47441003\n 0.43399796 0.49314765 0.46690388 0.53994369 0.51142225 0.48594655\n 0.4693746  0.50988206 0.51553278 0.56505111 0.54946951 0.54758754\n 0.56656584 0.47327342 0.57370718 0.43378553 0.44712323 0.20069021\n 0.36248815 0.24068028 0.41696932 0.49260572 0.55633426 0.63303118\n 0.63885207 0.65064069 0.68538732 0.67957586 0.72442619 0.52808663\n 0.70581751 0.72076932 0.71432118 0.7359338  0.7545856  0.7178378\n 0.72834922 0.74526825 0.67393867 0.6837756  0.50189769 0.5557616\n 0.40831107 0.49952608 0.06803145 0.01529437 0.11048492 0.1323779\n 0.01829835 0.04041509 0.05740894 0.05080898 0.12361911 0.03325857\n 0.01846744 0.04024413 0.05378552 0.07205069 0.08526133 0.01932743\n 0.01935251 0.00864141 0.05748885 0.0726632  0.01517987 0.01899101\n 0.09514    0.04112752 0.03117316 0.0560643  0.02113756 0.08784537\n 0.15904588 0.01064009 0.00622127 0.06331923 0.08985333 0.10999343\n 0.05155496 0.03221752 0.10831561 0.17083151 0.04512043 0.03664772\n 0.05071417 0.13911058 0.15146676 0.1044266  0.13122614 0.01377915\n 0.00860544 0.26801404 0.06181109 0.4177765  0.36815103 0.10384662\n 0.61361172 0.40637937 0.99999999]",
    "[1.         0.99692115 0.98861582 0.99599796 0.98117244 0.97199187\n 0.9566951  0.95350505 0.9587993  0.94754649 0.92868801 0.95427911\n 0.95748353 0.96826224 0.96384704 0.96214654 0.94016419 0.93891992\n 0.88045205 0.85170755 0.77258091 0.64539266 0.57403382 0.47876893\n 0.46564595 0.38450039 0.4603364  0.33289442 0.57358741 0.59546636\n 0.64608224 0.54769464 0.47094252 0.44679332 0.19477396 0.26133031\n 0.15702494 0.1601894  0.12944268 0.29614882 0.23467225 0.04981089\n 0.15226726 0.05851014 0.01538419 0.03347515 0.02563685 0.11109004\n 0.24778925 0.38572032 0.38216253 0.41657205 0.25984327 0.11195287\n 0.02421444 0.09278068 0.00746489 0.08874345 0.0394856  0.06623918\n 0.13636459 0.22614869 0.19129185 0.24572394 0.13436863 0.2123816\n 0.08368098 0.12177554 0.23722166 0.15056736 0.21910714 0.21273678\n 0.1974062  0.17009532 0.17116641 0.27941553 0.23829883 0.24295147\n 0.19904028 0.14607937 0.14378091 0.27395627 0.2342036  0.29181457\n 0.08581857 0.30391276 0.27369664 0.28713344 0.28564099 0.35013392\n 0.37004204 0.34432976 0.42206861 0.40723744 0.38598069 0.44160531\n 0.34325699 0.37407893 0.43189486 0.43322466 0.41530105 0.37735171\n 0.44214738 0.30207362 0.41506183 0.28059131 0.05442964 0.38023329\n 0.41864162 0.18855851 0.29872911 0.4407016  0.59807289 0.48609027\n 0.55289748 0.47308188 0.50126949 0.55637572 0.55296189 0.42588789\n 0.58118762 0.56705069 0.58672237 0.5788178  0.5820246  0.63614175\n 0.64218214 0.65880289 0.57843003 0.61705782 0.45253305 0.59231573\n 0.59435665 0.02228414 0.15570493 0.01742226 0.19870723 0.03457008\n 0.00146805 0.0403224  0.03222388 0.00448273 0.01446058 0.02210938\n 0.07550435 0.11853726 0.10927458 0.15322555 0.06843744 0.04211995\n 0.01690954 0.11309016 0.00650602 0.03464159 0.0135313  0.00231895\n 0.00602821 0.01279962 0.06754493 0.08061999 0.01416127 0.04980982\n 0.03206652 0.03453166 0.01518906 0.00906431 0.14011533 0.08968685\n 0.09385545 0.09581679 0.01768389 0.18096491 0.07844144 0.09293884\n 0.02144087 0.06671683 0.03731088 0.00315246 0.10740295 0.1070736\n 0.03887113 0.11928993 0.17792792 0.26581793 0.33311779 0.4150059\n 0.24866031 0.04969044 1.        ]"
  ]
}