{
  "train_loss": [
    0.1822185516357422,
    0.0981125608086586,
    0.08316148072481155,
    0.07489170134067535,
    0.07096390426158905,
    0.06859803944826126,
    0.058477919548749924,
    0.06499183923006058,
    0.05406034365296364,
    0.05361552536487579,
    0.05176345631480217,
    0.05006638914346695,
    227.0805206298828,
    2.2978549003601074,
    1.2884515523910522,
    1.0992186069488525,
    0.6091464161872864,
    0.4383108913898468,
    0.45693135261535645,
    0.24316871166229248,
    0.21056745946407318,
    0.15726137161254883,
    0.1422983705997467,
    0.142691507935524,
    0.144998237490654,
    0.1287052035331726,
    0.12415612488985062,
    0.11698459833860397,
    0.11798293143510818,
    0.11956648528575897,
    0.11205879598855972,
    0.11068609356880188,
    0.11047540605068207,
    0.109612375497818,
    0.10826528072357178,
    0.11068503558635712,
    0.10467581450939178,
    0.10666266083717346,
    0.10879357159137726,
    0.1063694879412651,
    0.1052117645740509,
    0.10602694749832153,
    0.10607331991195679,
    0.10413378477096558,
    0.10886877775192261,
    0.10476310551166534,
    0.10521937161684036,
    0.10558350384235382,
    0.09929412603378296,
    0.10490473359823227
  ],
  "val_loss": [
    3.728976249694824,
    0.343539297580719,
    0.2267039716243744,
    0.14990462362766266,
    0.21649153530597687,
    0.08966235816478729,
    0.06918131560087204,
    0.11141578108072281,
    0.07273530960083008,
    0.08838960528373718,
    0.08715973794460297,
    0.0641554668545723,
    0.0959373414516449,
    0.6505550742149353,
    1.6976226568222046,
    1.9155725240707397,
    1.1628111600875854,
    0.5179575085639954,
    0.30722934007644653,
    0.6059566736221313,
    0.3507488965988159,
    0.19152480363845825,
    0.13905057311058044,
    0.3217472732067108,
    0.2611719071865082,
    0.13950054347515106,
    0.28155168890953064,
    0.1153016909956932,
    0.1329975575208664,
    0.19749382138252258,
    0.18202970921993256,
    0.15739424526691437,
    0.17574302852153778,
    0.1984540969133377,
    0.1551596075296402,
    0.16450928151607513,
    0.13887375593185425,
    0.20939001441001892,
    0.2814432978630066,
    0.21453003585338593,
    0.20733974874019623,
    0.14535832405090332,
    0.19419659674167633,
    0.19094301760196686,
    0.20899944007396698,
    0.1871887743473053,
    0.19915157556533813,
    0.18958871066570282,
    0.15336346626281738,
    0.20737001299858093,
    0.1492730975151062
  ]
}