{
  "amplitude": {
    "bias_summary": {
      "mean": -2.2869130528172397,
      "median": -2.5243802070617676,
      "p05": -3.7023458957672117,
      "p95": 0.263575375080109
    },
    "color_range": [
      -4.85612678527832,
      4.85612678527832
    ],
    "count": 153664,
    "mae": 2.3639986175172547,
    "max_abs": 4.7676825523376465,
    "pearson_r": 0.10220699590984338,
    "pred_stats": {
      "max": 4.153540134429932,
      "mean": 0.4213344156742096,
      "min": 0.0,
      "nan_count": 0,
      "std": 1.0149139165878296
    },
    "rmse": 2.5569418284750665,
    "truth_stats": {
      "max": 4.85612678527832,
      "mean": 2.708247423171997,
      "min": 0.6128976941108704,
      "nan_count": 0,
      "std": 0.6410303115844727
    }
  },
  "phase": {
    "bias_summary": {
      "mean": -0.12359065942288605,
      "median": 0.0,
      "p05": -0.8739423632621766,
      "p95": 0.0
    },
    "color_range": [
      -3.141592653589793,
      3.141592653589793
    ],
    "count": 153664,
    "mae": 0.1235906594139646,
    "max_abs": 1.1081428527832031,
    "pearson_r": null,
    "pred_stats": {
      "max": 0.0,
      "mean": -0.12359066307544708,
      "min": -1.1081428527832031,
      "nan_count": 0,
      "std": 0.298485666513443
    },
    "rmse": 0.323060879689286,
    "truth_stats": {
      "max": 0.0,
      "mean": 0.0,
      "min": 0.0,
      "nan_count": 0,
      "std": 0.0
    }
  }
}