{
  "amplitude": {
    "max": 2.076554536819458,
    "mean": 0.2410559356212616,
    "min": 0.0,
    "nan_count": 0,
    "std": 0.5631843209266663
  },
  "fits_canvas": true,
  "offsets": {
    "axis_max_abs": [
      371.50293477219736,
      376.98367255098844
    ],
    "max_abs": 376.98367255098844
  },
  "padded_size": 828,
  "phase": {
    "max": 0.0,
    "mean": -0.13247159123420715,
    "min": -1.0689035654067993,
    "nan_count": 0,
    "std": 0.3098871111869812
  },
  "required_canvas": 818
}