{
  "epochs": [
    0.0,
    1.0,
    2.0,
    3.0,
    4.0
  ],
  "metrics": {
    "intensity_scaler_inv_loss": [
      44.17631530761719,
      45.12002944946289,
      44.52790451049805,
      44.804908752441406,
      41.566497802734375
    ],
    "learning_rate": [
      0.0010000000474974513,
      0.0010000000474974513,
      0.0010000000474974513,
      0.0010000000474974513,
      0.0010000000474974513
    ],
    "loss": [
      -3833409.5,
      -3870648.75,
      -3871887.5,
      -3870722.0,
      -3872802.0
    ],
    "pred_intensity_loss": [
      -3868629.5,
      -3854527.0,
      -3839075.0,
      -3817099.25,
      -3865740.25
    ],
    "train_loss": [
      -3833409.5,
      -3870648.75,
      -3871887.5,
      -3870722.0,
      -3872802.0
    ],
    "trimmed_obj_loss": [
      0.0,
      0.0,
      0.0,
      0.0,
      0.0
    ],
    "val_intensity_scaler_inv_loss": [
      39.12694549560547,
      39.08222198486328,
      37.82883071899414,
      38.85887145996094,
      24.117630004882812
    ],
    "val_loss": [
      -4396351.0,
      -4395172.0,
      -4404194.5,
      -4394701.5,
      -4419087.0
    ],
    "val_pred_intensity_loss": [
      -4287133.0,
      -4286297.5,
      -4294458.0,
      -4286133.5,
      -4309213.5
    ],
    "val_trimmed_obj_loss": [
      0.0,
      0.0,
      0.0,
      0.0,
      0.0
    ]
  }
}