{
  "epochs": [
    0.0,
    1.0,
    2.0,
    3.0,
    4.0
  ],
  "metrics": {
    "intensity_scaler_inv_loss": [
      32.04967498779297,
      22.70591163635254,
      19.083520889282227,
      17.64407730102539,
      17.782299041748047
    ],
    "learning_rate": [
      0.0010000000474974513,
      0.0010000000474974513,
      0.0010000000474974513,
      0.0010000000474974513,
      0.0010000000474974513
    ],
    "loss": [
      -3859133.5,
      -3908586.75,
      -3917716.25,
      -3920958.0,
      -3919569.25
    ],
    "pred_intensity_loss": [
      -3839282.0,
      -3905339.25,
      -3884895.75,
      -3929472.75,
      -3902399.0
    ],
    "train_loss": [
      -3859133.5,
      -3908586.75,
      -3917716.25,
      -3920958.0,
      -3919569.25
    ],
    "trimmed_obj_loss": [
      0.0,
      0.0,
      0.0,
      0.0,
      0.0
    ],
    "val_intensity_scaler_inv_loss": [
      28.382740020751953,
      20.06424331665039,
      17.28296661376953,
      18.114852905273438,
      17.020004272460938
    ],
    "val_loss": [
      -4413332.0,
      -4426780.0,
      -4435537.5,
      -4434622.5,
      -4433302.5
    ],
    "val_pred_intensity_loss": [
      -4300672.0,
      -4315953.0,
      -4323431.5,
      -4321814.0,
      -4321619.0
    ],
    "val_trimmed_obj_loss": [
      0.0,
      0.0,
      0.0,
      0.0,
      0.0
    ]
  }
}