{
  "epochs": [
    0.0,
    1.0,
    2.0,
    3.0,
    4.0
  ],
  "metrics": {
    "intensity_scaler_inv_loss": [
      27.817073822021484,
      18.944847106933594,
      18.073570251464844,
      17.090333938598633,
      16.754106521606445
    ],
    "learning_rate": [
      0.0010000000474974513,
      0.0010000000474974513,
      0.0010000000474974513,
      0.0010000000474974513,
      0.0005000000237487257
    ],
    "loss": [
      -3887179.0,
      -3919456.25,
      -3920694.25,
      -3922946.75,
      -3923681.0
    ],
    "pred_intensity_loss": [
      -3934217.0,
      -3944651.75,
      -3933258.0,
      -3908302.5,
      -3907712.0
    ],
    "train_loss": [
      -3887179.0,
      -3919456.25,
      -3920694.25,
      -3922946.75,
      -3923681.0
    ],
    "trimmed_obj_loss": [
      0.0,
      0.0,
      0.0,
      0.0,
      0.0
    ],
    "val_intensity_scaler_inv_loss": [
      24.33120346069336,
      17.121017456054688,
      17.50758171081543,
      23.108779907226562,
      16.290864944458008
    ],
    "val_loss": [
      -4420736.0,
      -4436642.5,
      -4432509.0,
      -4409550.0,
      -4436135.5
    ],
    "val_pred_intensity_loss": [
      -4307413.0,
      -4324372.5,
      -4320786.5,
      -4299234.0,
      -4323950.0
    ],
    "val_trimmed_obj_loss": [
      0.0,
      0.0,
      0.0,
      0.0,
      0.0
    ]
  }
}