{
  "train_loss": [
    0.10821506381034851,
    0.05905555188655853,
    0.040368229150772095,
    0.036039698868989944,
    0.03400678560137749
  ],
  "val_loss": [
    4.620003700256348,
    0.14586596190929413,
    0.16799719631671906,
    0.11405909061431885,
    0.05783994868397713,
    0.03906918317079544
  ]
}