{
  "mae": [
    "0.09539319",
    0.11352918386289419
  ],
  "mse": [
    "0.014398222",
    0.02245438840838244
  ],
  "psnr": [
    66.54771510689456,
    64.61779130264449
  ],
  "ssim": [
    0.8558880149191828,
    0.9565008234102453
  ],
  "ms_ssim": [
    0.9730268341832391,
    0.2114782685147317
  ],
  "frc50": [
    "47",
    NaN
  ],
  "frc": [
    "[1.         0.99971235 0.99959284 0.99836571 0.99899808 0.99890558\n 0.99662949 0.99646406 0.99658111 0.99635238 0.99605666 0.99473205\n 0.99407003 0.99480777 0.99349497 0.99396549 0.99317339 0.99029738\n 0.99057145 0.98408286 0.98722671 0.98332152 0.98116025 0.9751831\n 0.96906291 0.96669284 0.94880386 0.95019905 0.94223576 0.90494776\n 0.92455751 0.90003148 0.82878015 0.79487994 0.86281886 0.82015919\n 0.85856584 0.82011527 0.81812714 0.71908318 0.77206605 0.74052563\n 0.61826888 0.68112484 0.72906435 0.58877002 0.5443057  0.46488824\n 0.81651047 0.87229314 0.87007262 0.90293023 0.89547667 0.92393712\n 0.94291319 0.92114155 0.94250778 0.93992861 0.93891887 0.93934897\n 0.93539322 0.92383731 0.9235303  0.92749237 0.91238302 0.76818853\n 0.86803506 0.86927697 0.85029539 0.81641844 0.79869328 0.7719684\n 0.60499921 0.43790037 0.56742333 0.59277186 0.52362762 0.43952746\n 0.34835115 0.37946882 0.2647358  0.30919823 0.32488074 0.24681055\n 0.26193411 0.24705538 0.30645991 0.18095642 0.28648475 0.30667375\n 0.28733986 0.35212081 0.33567171 0.28244363 0.35671365 0.38408115\n 0.4049882  0.3647295  0.22821458 0.38372911 0.39129742 0.34448528\n 0.35475542 0.24903122 0.47071492 0.45045807 0.41576055 0.53165226\n 0.48585334 0.55919237 0.52993893 0.50597111 0.5815368  0.52890422\n 0.59938103 0.57224662 0.56767604 0.54802875 0.36697792 0.59757661\n 0.63648505 0.65987711 0.66046775 0.66512143 0.66671976 0.73638841\n 0.688382   0.67931485 0.69709462 0.70475051 0.46564836 0.47012633\n 0.61840313 0.67054535 0.56258911 0.66807317 0.71432483 0.7177633\n 0.72811449 0.6181829  0.77118714 0.76813794 0.73847308 0.78790769\n 0.73692118 0.63209344 0.69373615 0.76403706 0.76653634 0.78399839\n 0.79970006 0.79260156 0.78662486 0.78298529 0.80563643 0.7734152\n 0.76873554 0.75326517 0.75909155 0.74492489 0.75554737 0.7287428\n 0.75860843 0.58628586 0.23448531 0.26523547 0.05078202 0.20431238\n 0.21752197 0.2362219  0.22815282 0.22165837 0.19106312 0.12039746\n 0.18517001 0.06858677 0.00145137 0.02989284 0.07962988 0.13668873\n 0.18102465 0.19036988 0.1364761  0.07910837 0.13426498 0.09491175\n 0.1347353  0.04711297 0.05096842 0.16983754 0.130337   0.11921987\n 0.14168357 0.20118673 0.20631693 0.20853593 0.18381384 0.1647799\n 0.16811072 0.20966221 0.17645768 0.14208648 0.10192009 0.20147726\n 0.04561102 0.1957551  0.02055706 0.0801426  0.08748231 0.18022999\n 0.22509088 0.25488165 0.14911532 0.15449771 0.22950562 0.17634116\n 0.19428494 0.00460799 0.25137447 0.10340012 0.34203088 0.06690901\n 0.16486553 0.15278172 0.38274542 0.07012044 0.41290976 0.22250422\n 0.37696882 0.25066499 0.97428082 1.        ]",
    null
  ]
}