{
  "amplitude": {
    "max": 4.02294921875,
    "mean": 0.4093348979949951,
    "min": 0.0,
    "nan_count": 0,
    "std": 1.0146851539611816
  },
  "fits_canvas": true,
  "offsets": {
    "axis_max_abs": [
      376.3193180156394,
      373.3114293734376
    ],
    "max_abs": 376.3193180156394
  },
  "padded_size": 822,
  "phase": {
    "max": 1.0725619792938232,
    "mean": 0.1321258246898651,
    "min": 0.0,
    "nan_count": 0,
    "std": 0.3258187472820282
  },
  "prediction_scale": {
    "applied": true,
    "least_squares": {
      "denominator": 40114.59531403046,
      "finite_count": 153664,
      "numerator": 85903.31614946094
    },
    "mode": "least_squares",
    "recorded_scale": 494.1046142578125,
    "source": "least_squares",
    "value": 2.141447906353811
  },
  "required_canvas": 817
}