{
  "epochs": [
    0.0,
    1.0,
    2.0,
    3.0,
    4.0
  ],
  "metrics": {
    "intensity_scaler_inv_loss": [
      12.221375465393066,
      5.786506175994873,
      5.1825852394104,
      4.893772125244141,
      4.926994800567627
    ],
    "learning_rate": [
      0.0010000000474974513,
      0.0010000000474974513,
      0.0010000000474974513,
      0.0010000000474974513,
      0.0010000000474974513
    ],
    "loss": [
      -245504.34375,
      -251513.03125,
      -252007.3125,
      -252244.46875,
      -252199.296875
    ],
    "pred_intensity_loss": [
      -243842.640625,
      -250679.765625,
      -252535.890625,
      -254404.296875,
      -251269.421875
    ],
    "train_loss": [
      -245504.34375,
      -251513.03125,
      -252007.3125,
      -252244.46875,
      -252199.296875
    ],
    "trimmed_obj_loss": [
      0.0,
      0.0,
      0.0,
      0.0,
      0.0
    ],
    "val_intensity_scaler_inv_loss": [
      6.453702926635742,
      5.442302703857422,
      5.306443214416504,
      4.8105669021606445,
      5.151704788208008
    ],
    "val_loss": [
      -284694.09375,
      -284873.6875,
      -284938.28125,
      -285835.09375,
      -285026.5
    ],
    "val_pred_intensity_loss": [
      -277490.6875,
      -277686.875,
      -277748.625,
      -278489.0,
      -277829.71875
    ],
    "val_trimmed_obj_loss": [
      0.0,
      0.0,
      0.0,
      0.0,
      0.0
    ]
  }
}