{
  "amplitude": {
    "bias_summary": {
      "mean": -2.307349552391489,
      "median": -2.5305827856063843,
      "p05": -3.6955116152763368,
      "p95": 0.1649870991706853
    },
    "color_range": [
      -4.85612678527832,
      4.85612678527832
    ],
    "count": 153664,
    "mae": 2.37820471477606,
    "max_abs": 4.7676825523376465,
    "pearson_r": 0.14028973363080047,
    "pred_stats": {
      "max": 4.592179775238037,
      "mean": 0.40089794993400574,
      "min": 0.0,
      "nan_count": 0,
      "std": 1.0077908039093018
    },
    "rmse": 2.563037834285113,
    "truth_stats": {
      "max": 4.85612678527832,
      "mean": 2.708247423171997,
      "min": 0.6128976941108704,
      "nan_count": 0,
      "std": 0.6410303115844727
    }
  },
  "phase": {
    "bias_summary": {
      "mean": -0.12495051501245114,
      "median": 0.0,
      "p05": -0.9341519176959991,
      "p95": 0.0
    },
    "color_range": [
      -3.141592653589793,
      3.141592653589793
    ],
    "count": 153664,
    "mae": 0.12495051500779646,
    "max_abs": 1.1690396070480347,
    "pearson_r": null,
    "pred_stats": {
      "max": 0.0,
      "mean": -0.12495050579309464,
      "min": -1.1690396070480347,
      "nan_count": 0,
      "std": 0.3111063539981842
    },
    "rmse": 0.3352607746681715,
    "truth_stats": {
      "max": 0.0,
      "mean": 0.0,
      "min": 0.0,
      "nan_count": 0,
      "std": 0.0
    }
  }
}