{
  "train_loss": [
    0.11009174585342407,
    0.06815113127231598,
    0.05443146452307701,
    0.04736712574958801,
    0.043035171926021576,
    0.039972830563783646,
    0.037271205335855484,
    0.03645174577832222,
    0.03455403074622154,
    0.034819260239601135,
    0.03249505162239075,
    0.03175436705350876,
    0.029522689059376717,
    0.02942819707095623,
    0.027890002354979515,
    0.02807381935417652,
    0.027853652834892273,
    0.026358019560575485,
    0.02660398930311203,
    0.02727632224559784,
    0.02513834461569786,
    0.0246665608137846,
    0.025027072057127953,
    0.02500983513891697,
    0.023581864312291145,
    0.023591352626681328,
    0.02472618967294693,
    0.02365119382739067,
    0.022810770198702812,
    0.022379664704203606,
    0.023742375895380974,
    0.022030895575881004,
    0.021718518808484077,
    0.0226944200694561,
    0.023870866745710373,
    0.021102968603372574,
    0.02160072885453701,
    0.02160167135298252,
    0.021579114720225334,
    0.02114167995750904,
    0.02157444879412651,
    0.020534411072731018,
    0.02050168439745903,
    0.021188247948884964,
    0.02022659406065941,
    0.02043115347623825,
    0.020191486924886703,
    0.01990121230483055,
    0.019671492278575897,
    0.02021193318068981
  ],
  "val_loss": [
    1.0774712562561035,
    0.11251375824213028,
    0.10947559773921967,
    0.09307421743869781,
    0.07963655143976212,
    0.048753149807453156,
    0.06865609437227249,
    0.06659223884344101,
    0.05635460093617439,
    0.10572836548089981,
    0.04984438046813011,
    0.04367079958319664,
    0.05569753795862198,
    0.04663905128836632,
    0.04297647252678871,
    0.05000670626759529,
    0.04968000575900078,
    0.048699233680963516,
    0.03547973558306694,
    0.04758937656879425,
    0.04315498098731041,
    0.03461894392967224,
    0.0352027453482151,
    0.04112234339118004,
    0.03162447363138199,
    0.031599078327417374,
    0.05274919420480728,
    0.04247470200061798,
    0.0453743040561676,
    0.03501848503947258,
    0.030092166736721992,
    0.026747386902570724,
    0.024376822635531425,
    0.03296899050474167,
    0.0898154228925705,
    0.04624583572149277,
    0.03277172893285751,
    0.045003730803728104,
    0.033700231462717056,
    0.0381859727203846,
    0.036875929683446884,
    0.02981748804450035,
    0.02682911418378353,
    0.033663030713796616,
    0.03057135082781315,
    0.046836066991090775,
    0.032930128276348114,
    0.03317701071500778,
    0.0323311872780323,
    0.034970447421073914,
    0.030454259365797043
  ]
}