{
  "mae": [
    "0.06203978",
    0.1095461421848399
  ],
  "mse": [
    "0.0060282825",
    0.01925976539341729
  ],
  "psnr": [
    70.32886788826045,
    65.28429368037584
  ],
  "ssim": [
    0.9304327663592994,
    0.97003593753665
  ],
  "ms_ssim": [
    0.9901111159032655,
    0.8400220992479265
  ],
  "frc50": [
    "103",
    "73"
  ],
  "frc": [
    "[1.         0.99999558 0.99999393 0.99994591 0.99994864 0.99994155\n 0.99980899 0.99987168 0.99982575 0.99967971 0.99950155 0.99929177\n 0.99908951 0.99926537 0.99881623 0.99837856 0.99820528 0.99758842\n 0.99697944 0.99612304 0.99592803 0.9964825  0.99569779 0.99485573\n 0.99474749 0.9945129  0.99149712 0.99184449 0.99109548 0.98749144\n 0.98876362 0.98594645 0.9640935  0.95347807 0.98012777 0.9672781\n 0.97586976 0.96264998 0.96403511 0.94995746 0.94134064 0.93462263\n 0.90827679 0.88785223 0.89271917 0.84210685 0.73538461 0.76351472\n 0.83927714 0.85781463 0.80478096 0.83734386 0.84911207 0.89578064\n 0.88874208 0.86790698 0.9062178  0.91845819 0.91541747 0.93177801\n 0.90902719 0.91247892 0.90339743 0.91377982 0.89715375 0.79320031\n 0.91067769 0.90389078 0.89251512 0.89288358 0.87628291 0.88637753\n 0.84993283 0.82737607 0.86105372 0.84608333 0.85405578 0.79366709\n 0.82745061 0.8112224  0.82303302 0.80478422 0.81527587 0.78697581\n 0.79085057 0.79613206 0.79357912 0.73716398 0.80855631 0.77068195\n 0.76470667 0.77314743 0.78002449 0.76850648 0.78942587 0.75783219\n 0.74322024 0.73775075 0.62697953 0.72057816 0.71144981 0.65992219\n 0.6564482  0.49051189 0.67992684 0.68399738 0.66738969 0.6858894\n 0.66848441 0.68409261 0.66395765 0.64983827 0.68539495 0.6715904\n 0.71242113 0.70686389 0.74302296 0.69598629 0.64156573 0.67054476\n 0.72998316 0.7188314  0.68580751 0.72473052 0.69792275 0.74150163\n 0.74566434 0.73846668 0.75292172 0.73192877 0.65581826 0.70157294\n 0.75201963 0.74393715 0.71283737 0.73569055 0.76138192 0.78849492\n 0.78862178 0.77706883 0.8266736  0.81506617 0.82174427 0.82725399\n 0.84708954 0.82636176 0.85599113 0.85373738 0.85389195 0.8502902\n 0.85166171 0.85772696 0.86361753 0.8781466  0.86770824 0.85514957\n 0.85054456 0.84644454 0.84757289 0.86380753 0.84222027 0.84242318\n 0.85806202 0.67912662 0.32464673 0.36304371 0.2160396  0.27335887\n 0.25486476 0.22739879 0.25553459 0.2860294  0.24379929 0.16557515\n 0.25580619 0.12178025 0.27168136 0.2406217  0.19147008 0.26104453\n 0.3307698  0.26129802 0.30136872 0.25834706 0.22792902 0.21779437\n 0.36458934 0.30773684 0.27485111 0.27300917 0.1968372  0.31110459\n 0.32975653 0.30551399 0.31289182 0.35408402 0.41492593 0.43484436\n 0.34795246 0.3397409  0.39650495 0.3854363  0.38039792 0.46187648\n 0.37942475 0.32858805 0.38522517 0.38156138 0.11410952 0.31464015\n 0.37596186 0.40726365 0.47813626 0.42913659 0.5281855  0.31562086\n 0.38505547 0.40237491 0.38122957 0.54880648 0.4537327  0.44686552\n 0.22785833 0.38521997 0.37794    0.03249361 0.46741425 0.36596339\n 0.42324674 0.11875311 0.85571917 0.99999997]",
    "[1.         0.99880077 0.99706007 0.99240868 0.99483455 0.99546715\n 0.98676142 0.98196036 0.98920367 0.98727726 0.98452492 0.98183208\n 0.97013537 0.98195156 0.97823423 0.97331137 0.97902436 0.97516357\n 0.96974272 0.96101015 0.96643337 0.97071242 0.96033955 0.94854302\n 0.93739212 0.94285737 0.91220491 0.92881723 0.91918597 0.92841768\n 0.95084675 0.94325033 0.92318312 0.92433916 0.94868523 0.92430615\n 0.92520924 0.9289197  0.9209426  0.9203454  0.9258726  0.94299113\n 0.93857306 0.94119753 0.94112858 0.89317305 0.86313239 0.80312827\n 0.90229599 0.90821167 0.88734344 0.90330052 0.89446349 0.89378654\n 0.89337884 0.89250544 0.8822468  0.8965275  0.88736979 0.87101747\n 0.86092962 0.83701933 0.861823   0.86707228 0.85126335 0.58109379\n 0.78726066 0.84698779 0.8315429  0.8038955  0.83543484 0.81107884\n 0.59355946 0.43720454 0.75781916 0.80131414 0.77477123 0.70860692\n 0.74936909 0.75120731 0.77637783 0.74700452 0.77934926 0.76810887\n 0.78330352 0.78959231 0.77971255 0.75038905 0.77022763 0.75009502\n 0.72510046 0.73841384 0.63681804 0.65340833 0.65061509 0.67824371\n 0.66442367 0.62523001 0.56333366 0.49610077 0.56671732 0.50685677\n 0.48871468 0.29965009 0.44906158 0.51437922 0.4523034  0.47087192\n 0.54280243 0.52497861 0.49548026 0.50728827 0.51371411 0.51289773\n 0.47609683 0.51292733 0.54403641 0.49199877 0.36843535 0.40795794\n 0.46791428 0.46371026 0.46416619 0.47972433 0.48092814 0.47527842\n 0.50505117 0.37035455 0.4364321  0.5346425  0.39292662 0.44324156\n 0.23102154 0.27353019 0.19403702 0.13487449 0.3003606  0.29210391\n 0.33519926 0.27269109 0.43418793 0.46777652 0.52840719 0.48860694\n 0.49769715 0.3068131  0.41460788 0.50303912 0.48955305 0.51872939\n 0.51668026 0.52410239 0.48458762 0.48111398 0.38800608 0.44362297\n 0.42545003 0.462741   0.38878934 0.52577087 0.50011131 0.46139144\n 0.65322009 0.32155501 0.265956   0.35424702 0.0783873  0.02852782\n 0.09475403 0.14230311 0.11318101 0.19622559 0.10662553 0.03013848\n 0.15913761 0.0496493  0.01875389 0.04143395 0.10228752 0.10474586\n 0.15792505 0.06645216 0.05783426 0.11383292 0.04567374 0.06578206\n 0.13884367 0.09376645 0.01181968 0.04311955 0.06493691 0.05290182\n 0.07062724 0.13139992 0.13802259 0.05456573 0.14890966 0.18163994\n 0.00440771 0.01598573 0.03442816 0.08975422 0.19170349 0.17816344\n 0.03642661 0.06795881 0.01203506 0.08275084 0.12376377 0.17754565\n 0.22119793 0.17697089 0.25332396 0.11765997 0.24204669 0.1266601\n 0.19671934 0.19437654 0.14042996 0.16155943 0.09989617 0.06233582\n 0.22522411 0.18201661 0.14000141 0.35189241 0.01852522 0.20237441\n 0.03759528 0.45117915 0.69166267 1.        ]"
  ]
}