{
  "train_loss": [
    0.2742660343647003,
    0.08416004478931427,
    0.05162789300084114,
    0.04187554121017456,
    0.03887612000107765,
    0.034000519663095474,
    0.033728521317243576,
    0.031704723834991455,
    0.032576583325862885,
    0.03126824274659157,
    0.02789551578462124,
    0.027815334498882294,
    0.03124953992664814,
    0.02730008400976658,
    0.026103263720870018,
    0.025738298892974854,
    0.026935206726193428,
    0.024397941306233406,
    0.026850644499063492,
    0.024137480184435844
  ],
  "val_loss": [
    13.441598892211914,
    0.07518705725669861,
    0.07444421201944351,
    0.038805484771728516,
    0.04009202867746353,
    0.07646676898002625,
    0.09065599739551544,
    0.03863926976919174,
    0.07936643809080124,
    0.0726202204823494,
    0.026425031945109367,
    0.02778170444071293,
    0.023824280127882957,
    0.05511130020022392,
    0.025485387071967125,
    0.025059055536985397,
    0.02681521326303482,
    0.02414035238325596,
    0.029866542667150497,
    0.05468739941716194,
    0.019820837303996086
  ]
}