{
  "mae": [
    "0.048795413",
    0.004401647728905216
  ],
  "mse": [
    "0.0037820644",
    3.0526442585759544e-05
  ],
  "psnr": [
    72.35351439073891,
    93.28404164325958
  ],
  "ssim": [
    0.9569301326916321,
    0.9998706532964168
  ],
  "ms_ssim": [
    0.9935849127418983,
    0.0911866556495335
  ],
  "frc50": [
    "165",
    NaN
  ],
  "frc": [
    "[1.         0.99998607 0.99998621 0.99990917 0.99992489 0.99989237\n 0.99983509 0.99972226 0.99981233 0.99965072 0.99953328 0.99957945\n 0.99946209 0.99934207 0.99932658 0.99911425 0.99893631 0.99851047\n 0.99802306 0.99760155 0.99748312 0.99748423 0.99674585 0.99549796\n 0.9950405  0.99468812 0.99144521 0.9931472  0.99270532 0.98605314\n 0.98973642 0.98044736 0.97479022 0.97942046 0.96819847 0.96835461\n 0.97364858 0.96189066 0.96089185 0.94320107 0.9480849  0.94456159\n 0.92334196 0.93966135 0.94623875 0.93737522 0.92439272 0.92354919\n 0.94875269 0.95801693 0.95493395 0.96154338 0.95934242 0.96098702\n 0.96039263 0.95052244 0.95488119 0.96562363 0.95016253 0.95953087\n 0.95733592 0.95009705 0.95483053 0.96159265 0.94950633 0.92190648\n 0.94521346 0.9451219  0.930541   0.93161718 0.91058905 0.91439098\n 0.87447442 0.82730837 0.88844208 0.88010341 0.90370402 0.88360179\n 0.8964138  0.90748165 0.89835807 0.89544948 0.89613481 0.87754973\n 0.8908042  0.88920552 0.88382327 0.84460459 0.87113439 0.84795963\n 0.84962395 0.83854784 0.83435634 0.78721443 0.7795792  0.76494573\n 0.74719586 0.71643689 0.57698893 0.66356354 0.62806893 0.58696945\n 0.5982772  0.58473128 0.65151843 0.59800327 0.58885187 0.63084631\n 0.62579922 0.6253629  0.62700769 0.60566673 0.66600615 0.66247041\n 0.69055161 0.67122077 0.70685081 0.69646566 0.68736346 0.69421778\n 0.72807091 0.73675631 0.71839248 0.74664207 0.73944223 0.77765317\n 0.74714142 0.77961349 0.78899536 0.81251208 0.77875231 0.7879477\n 0.8074459  0.83245498 0.79356827 0.82700915 0.84241369 0.84373488\n 0.8561532  0.85411621 0.87475867 0.86170853 0.86927713 0.88304447\n 0.87953694 0.87268342 0.86621081 0.89234726 0.89208078 0.87572359\n 0.88600114 0.89298756 0.88833624 0.89938536 0.89860664 0.90046153\n 0.90625246 0.90445429 0.90569269 0.90647619 0.90959247 0.90187408\n 0.9091362  0.78666889 0.52577557 0.47653918 0.31150354 0.35148857\n 0.33393741 0.3891049  0.25549205 0.30257796 0.37858274 0.32420359\n 0.22627413 0.20548944 0.2771437  0.30104893 0.34394623 0.33424846\n 0.36018533 0.28322904 0.40689392 0.27715947 0.28824662 0.34492739\n 0.39223626 0.27555353 0.41299955 0.4204619  0.32137624 0.429314\n 0.37995571 0.37214107 0.43748493 0.39617603 0.36168542 0.40560653\n 0.47780139 0.34551376 0.37229098 0.41849866 0.33220982 0.42284968\n 0.42204204 0.45996078 0.38622597 0.47063248 0.33244088 0.22259219\n 0.51797101 0.39378235 0.45915912 0.44494415 0.49527769 0.36161173\n 0.5030147  0.4241408  0.51170172 0.42072615 0.47693098 0.38986616\n 0.43472348 0.50077737 0.37145736 0.31577173 0.36256103 0.70674683\n 0.44622664 0.26763227 0.7363218  0.99999997]",
    null
  ]
}