{
  "patch_amplitude": {
    "mean": 1228.732421875,
    "std": 2277.8603515625,
    "min": 0.0,
    "max": 7030.1806640625,
    "var_zero_mean": 5188101.0
  },
  "canvas_amplitude": {
    "mean": 80.76187896728516,
    "std": 654.3450927734375,
    "min": 0.0,
    "max": 7000.0810546875
  }
}