{
  "patch_amplitude": {
    "mean": 1080.2608642578125,
    "std": 1997.3345947265625,
    "min": 0.0,
    "max": 6066.1708984375,
    "var_zero_mean": 3988775.75
  },
  "canvas_amplitude": {
    "mean": 71.54402160644531,
    "std": 576.571533203125,
    "min": 0.0,
    "max": 5959.57763671875
  }
}