{
  "patch_amplitude": {
    "mean": 3018.191650390625,
    "std": 5785.078125,
    "min": 0.0,
    "max": 19158.068359375,
    "var_zero_mean": 33463700.0
  },
  "canvas_amplitude": {
    "mean": 201.00668334960938,
    "std": 1669.663818359375,
    "min": 0.0,
    "max": 18976.701171875
  }
}