{
  "patch_amplitude": {
    "mean": 2010.46435546875,
    "std": 3683.0341796875,
    "min": 0.0,
    "max": 11073.455078125,
    "var_zero_mean": 13562567.0
  },
  "canvas_amplitude": {
    "mean": 132.01942443847656,
    "std": 1055.49365234375,
    "min": 0.0,
    "max": 10771.0087890625
  }
}