{
  "patch_amplitude": {
    "mean": 1673.3392333984375,
    "std": 3004.63427734375,
    "min": 0.0,
    "max": 10900.525390625,
    "var_zero_mean": 9025851.0
  },
  "canvas_amplitude": {
    "mean": 108.88223266601562,
    "std": 850.593994140625,
    "min": 0.0,
    "max": 8761.2548828125
  }
}