{
  "patch_amplitude": {
    "mean": 4.318400442571146e-06,
    "std": 0.00012663856614381075,
    "min": 0.0,
    "max": 0.01637825183570385,
    "var_zero_mean": 1.603203614308768e-08
  },
  "canvas_amplitude": {
    "mean": 2.7645455702440813e-07,
    "std": 1.8648112018126994e-05,
    "min": 0.0,
    "max": 0.002517366549000144
  }
}