{
  "patch_amplitude": {
    "mean": 765.819580078125,
    "std": 1397.8045654296875,
    "min": 0.0,
    "max": 6032.5986328125,
    "var_zero_mean": 1953578.875
  },
  "canvas_amplitude": {
    "mean": 50.58019256591797,
    "std": 399.0831604003906,
    "min": 0.0,
    "max": 4985.5830078125
  }
}