{
  "patch_amplitude": {
    "mean": 895.1534423828125,
    "std": 1573.9422607421875,
    "min": 0.0,
    "max": 5215.88134765625,
    "var_zero_mean": 2477056.25
  },
  "canvas_amplitude": {
    "mean": 56.35072708129883,
    "std": 435.4174499511719,
    "min": 0.0,
    "max": 4548.1611328125
  }
}