{
  "patch_amplitude": {
    "mean": 1276.0723876953125,
    "std": 2333.516845703125,
    "min": 0.0,
    "max": 11432.24609375,
    "var_zero_mean": 5443323.5
  },
  "canvas_amplitude": {
    "mean": 85.90007781982422,
    "std": 684.0079956054688,
    "min": 0.0,
    "max": 10037.9189453125
  }
}