{
  "train_loss": [
    0.1717970222234726,
    0.08829166740179062,
    0.07360409945249557,
    0.06585537642240524,
    0.059635959565639496,
    0.06267647445201874,
    0.05243995785713196,
    0.04713574796915054,
    0.04480712115764618,
    0.04517247900366783
  ],
  "val_loss": [
    1.4947199821472168,
    0.1615549474954605,
    0.06580851227045059,
    0.11569755524396896,
    0.048949118703603745,
    0.07575401663780212,
    0.040450457483530045,
    0.05573086440563202,
    0.06663736701011658,
    0.05222270265221596,
    0.04004378244280815
  ]
}