{
  "train_loss": [
    1.0928305387496948,
    0.10256899893283844,
    0.08078263700008392,
    0.09402337670326233,
    0.06432629376649857,
    0.06023251637816429,
    0.060813263058662415,
    0.05253089591860771,
    0.04701264202594757,
    0.046247877180576324,
    0.0505693219602108,
    0.042339473962783813,
    0.04544432833790779,
    0.03955068439245224,
    0.05282163247466087,
    0.041662707924842834,
    0.03987743332982063,
    0.04088592901825905,
    0.04201232269406319,
    0.0361429862678051
  ],
  "val_loss": [
    3.233597755432129,
    0.17917495965957642,
    0.12740150094032288,
    0.18317177891731262,
    0.0991782546043396,
    0.22769485414028168,
    0.2843444049358368,
    0.14901889860630035,
    0.07959354668855667,
    0.07443408668041229,
    0.058705054223537445,
    0.06947879493236542,
    0.12340985983610153,
    0.07123899459838867,
    0.11624356359243393,
    0.13985148072242737,
    0.13486476242542267,
    0.08495523035526276,
    0.07904727756977081,
    0.046619515866041183,
    0.0758623480796814
  ]
}