{
  "mae": [
    "0.11139266",
    0.025074388623336247
  ],
  "mse": [
    "0.019263323",
    0.001019631781835601
  ],
  "psnr": [
    65.28349141322191,
    78.04636996970062
  ],
  "ssim": [
    0.7794724598946141,
    0.9804920810730638
  ],
  "ms_ssim": [
    0.9583211207599185,
    0.1337297102190332
  ],
  "frc50": [
    "33",
    NaN
  ],
  "frc": [
    "[1.         0.99998106 0.99996428 0.99982849 0.99978601 0.99968048\n 0.99972539 0.99939186 0.99946018 0.99880725 0.99870304 0.99837936\n 0.99808209 0.99794964 0.99622841 0.99500902 0.99558361 0.99291612\n 0.98868609 0.98537116 0.98108928 0.98138246 0.98119793 0.96813368\n 0.95785836 0.95561974 0.93162508 0.93681748 0.93343258 0.88961382\n 0.89165802 0.87436301 0.54679097 0.38545746 0.70184013 0.72729778\n 0.76098528 0.71067913 0.72649144 0.63294803 0.5972303  0.58020449\n 0.43122384 0.56452806 0.49334668 0.52889036 0.4957731  0.42697065\n 0.58467848 0.64379487 0.5992442  0.64198663 0.67261812 0.66593334\n 0.66721026 0.68567891 0.72382842 0.69648976 0.69919582 0.70189246\n 0.73419525 0.74741089 0.70138812 0.73755254 0.65532781 0.36534069\n 0.65476504 0.7025873  0.67983404 0.67688198 0.62146866 0.58659776\n 0.47253827 0.46237486 0.60723657 0.60637991 0.57887075 0.4947103\n 0.53062059 0.55022555 0.51959758 0.51298553 0.61666279 0.51796284\n 0.47379902 0.5489574  0.54484222 0.48202532 0.45142699 0.48647412\n 0.53580589 0.45682941 0.29529124 0.37895526 0.45082491 0.53159008\n 0.43831086 0.53874033 0.26973845 0.49078732 0.42584845 0.37098928\n 0.36676838 0.17212762 0.41442314 0.41933059 0.38851989 0.45296547\n 0.4241089  0.52158721 0.47420449 0.45431521 0.53255785 0.51065682\n 0.54989985 0.5430448  0.5232619  0.48378212 0.32361207 0.53967366\n 0.55985367 0.57501129 0.58719458 0.64280004 0.61793944 0.61093546\n 0.63419099 0.62851201 0.65744983 0.62742909 0.42009306 0.34792089\n 0.59143788 0.61896696 0.41943008 0.57010504 0.64814905 0.65255781\n 0.6395214  0.5939509  0.67438767 0.68604297 0.72299021 0.72005665\n 0.69031296 0.50317402 0.61405477 0.74583337 0.75409302 0.75321095\n 0.76739227 0.75494023 0.75938962 0.79738085 0.78085926 0.76452546\n 0.78387158 0.79773197 0.76785044 0.75372603 0.74609074 0.73119041\n 0.73702397 0.4501963  0.15801397 0.13747606 0.01490426 0.13872621\n 0.14233243 0.2384559  0.11909781 0.13382156 0.15827297 0.21868352\n 0.10218926 0.04923294 0.11264501 0.29323508 0.12950881 0.15582957\n 0.22253161 0.20064957 0.31032834 0.08376248 0.10254997 0.14096918\n 0.16571342 0.11485453 0.24514951 0.31950555 0.0199879  0.08477785\n 0.30256628 0.14713326 0.18741502 0.28231348 0.26892403 0.29622512\n 0.32813998 0.32427109 0.40515314 0.28667016 0.27233354 0.3314338\n 0.20943671 0.29631334 0.30674807 0.15778318 0.16611916 0.04743655\n 0.12031053 0.1556163  0.24603955 0.15311557 0.23842163 0.29731098\n 0.2375591  0.15976524 0.23606167 0.27678198 0.16532733 0.30848349\n 0.58077824 0.21861761 0.26463908 0.41587807 0.25386933 0.26446622\n 0.26333181 0.12202665 0.49649358 1.00000002]",
    null
  ]
}