{
  "patch_amplitude": {
    "mean": 1.6859439191940773e-12,
    "std": 3.084547894882661e-10,
    "min": 0.0,
    "max": 1.0392349736321194e-07,
    "var_zero_mean": 9.512401268479651e-20
  },
  "canvas_amplitude": {
    "mean": 7.578308911394133e-15,
    "std": 9.612822690630018e-13,
    "min": 0.0,
    "max": 1.457718390440732e-10
  }
}