{
  "train_loss": [
    0.18374262750148773,
    0.09906012564897537,
    0.07940025627613068,
    0.07649817317724228,
    0.06862080842256546,
    0.06810945272445679,
    0.06061570718884468,
    0.059799082577228546,
    0.05490742623806,
    0.055466774851083755,
    0.05262024328112602,
    0.05269099026918411,
    0.04975590109825134,
    0.04917658120393753,
    0.04813510552048683,
    0.04535507410764694,
    0.05483410879969597,
    0.044316038489341736,
    0.04420723021030426,
    0.04288054630160332,
    0.046412013471126556,
    0.04150813817977905,
    0.040612153708934784,
    0.04294922202825546,
    0.04383799806237221,
    0.04212868958711624,
    0.038330674171447754,
    0.0381394624710083,
    0.03948436677455902,
    0.03826301172375679,
    0.03958461433649063,
    35.62814712524414,
    0.1561170518398285,
    0.13998618721961975,
    0.1312982439994812,
    0.12589141726493835,
    0.12197278439998627,
    0.12009284645318985,
    0.1177857518196106,
    0.1161474660038948,
    0.11481568217277527,
    0.11250684410333633,
    0.11119192093610764,
    0.11031382530927658,
    0.10941027849912643,
    0.10579493641853333,
    0.10892234742641449,
    0.10553305596113205,
    0.10540907084941864,
    0.1025114506483078
  ],
  "val_loss": [
    3.728959560394287,
    0.318559855222702,
    0.10148429125547409,
    0.15493105351924896,
    0.10770212858915329,
    0.09854532778263092,
    0.06724072992801666,
    0.12265943735837936,
    0.08608666807413101,
    0.10666323453187943,
    0.0661657378077507,
    0.07510975003242493,
    0.08834284543991089,
    0.06847574561834335,
    0.07168742269277573,
    0.05489576980471611,
    0.1311609148979187,
    0.07319070398807526,
    0.07582492381334305,
    0.058505766093730927,
    0.1062212586402893,
    0.06890290230512619,
    0.05822421982884407,
    0.07645343244075775,
    0.08236470073461533,
    0.08306519687175751,
    0.05456738546490669,
    0.0518871545791626,
    0.07319178432226181,
    0.06953054666519165,
    0.09345199167728424,
    0.09252540022134781,
    0.16281266510486603,
    0.17929169535636902,
    0.15302824974060059,
    0.17601366341114044,
    0.15382826328277588,
    0.17390063405036926,
    0.15556907653808594,
    0.17832650244235992,
    0.18106290698051453,
    0.14752183854579926,
    0.14487430453300476,
    0.17576143145561218,
    0.15633194148540497,
    0.12101871520280838,
    0.22631773352622986,
    0.18523763120174408,
    0.18666645884513855,
    0.14227800071239471,
    0.18380877375602722
  ]
}