{
  "mae": [
    "0.1668529",
    0.08542262056025476
  ],
  "mse": [
    "0.044834066",
    0.011775755788117558
  ],
  "psnr": [
    61.61472198906526,
    67.4209157050507
  ],
  "ssim": [
    0.5728805128363574,
    0.8879551153490323
  ],
  "ms_ssim": [
    0.887003527658388,
    0.7359043130225753
  ],
  "frc50": [
    "22",
    "22"
  ],
  "frc": [
    "[1.00000000e+00 9.98450891e-01 9.92769694e-01 9.90273071e-01\n 9.95146982e-01 9.83668770e-01 9.78177958e-01 9.78583163e-01\n 9.79569058e-01 9.80334997e-01 9.51950431e-01 9.48591927e-01\n 9.53782349e-01 9.44554925e-01 9.24897216e-01 9.37912724e-01\n 8.93163070e-01 8.90392965e-01 8.01047392e-01 7.27143509e-01\n 6.98010439e-01 6.19089942e-01 4.88656511e-01 3.54607005e-01\n 2.14305121e-01 2.55476616e-01 4.10811449e-01 2.70800172e-01\n 6.90609191e-02 2.24650661e-01 3.08601103e-01 3.01902799e-01\n 1.54146562e-01 2.35448834e-01 4.76739817e-02 2.11769244e-01\n 1.65639631e-01 1.52779435e-01 2.95853842e-01 2.00269056e-01\n 3.65079972e-01 3.35657362e-01 3.29631435e-01 2.63184281e-01\n 3.83543129e-01 2.84265294e-01 2.52534727e-01 1.74002214e-01\n 3.14046295e-02 7.84602309e-02 2.58984235e-02 3.30890165e-02\n 8.29163890e-02 1.24064501e-01 2.20127232e-01 2.77433858e-01\n 2.54459654e-01 1.66366347e-01 2.02651019e-01 9.99063779e-02\n 8.74374816e-02 3.68908335e-03 1.39269611e-01 2.11790143e-01\n 1.03983910e-01 2.09346446e-01 2.23483307e-01 2.84930427e-01\n 2.46659336e-01 2.39989663e-01 2.77512468e-01 2.79690053e-01\n 2.36221251e-01 2.61516295e-01 2.62761685e-01 1.76195836e-01\n 1.57944356e-01 2.85120969e-01 2.98717617e-01 1.73315231e-01\n 1.46208355e-01 3.38409554e-01 2.26116196e-01 2.54243308e-01\n 1.59885692e-01 2.87442723e-01 3.17259495e-01 3.25276914e-01\n 3.27070281e-01 4.33121503e-01 3.96851683e-01 4.55209124e-01\n 4.67403484e-01 5.24577792e-01 5.01944255e-01 4.79873892e-01\n 3.69506288e-01 4.59148294e-01 5.18962960e-01 5.09287849e-01\n 5.04569995e-01 5.29653973e-01 5.87528056e-01 4.95818230e-01\n 5.82790051e-01 4.34566928e-01 1.91001333e-01 4.14515010e-01\n 5.01245903e-01 2.45199250e-01 4.39902019e-01 5.00346111e-01\n 6.12096328e-01 5.70069038e-01 5.92998904e-01 5.37666811e-01\n 6.02348589e-01 6.54385271e-01 6.90650648e-01 5.30140008e-01\n 6.92132720e-01 6.67107341e-01 6.80111785e-01 6.22397509e-01\n 6.33251506e-01 6.09335212e-01 5.84328692e-01 6.20008240e-01\n 4.17072305e-01 6.16322734e-01 4.11696561e-01 5.45474262e-01\n 3.50144761e-01 8.27893350e-02 3.59681709e-02 2.16223502e-02\n 9.05739586e-02 3.50490299e-02 1.03642282e-01 3.02837060e-02\n 4.55981194e-02 6.28753782e-02 6.15404744e-02 2.53383221e-02\n 7.84768871e-02 7.62786878e-02 7.46053738e-02 5.99129811e-02\n 1.15426416e-01 5.19946356e-02 4.59785340e-02 5.03673716e-02\n 3.46361095e-02 1.15704104e-01 5.16760649e-02 3.67723606e-03\n 3.02897178e-02 7.90950318e-03 5.41013489e-02 3.28516767e-02\n 1.49024190e-02 1.65117990e-04 1.94604668e-01 2.94999014e-02\n 3.76087763e-02 7.29366738e-02 1.01793162e-01 1.06430149e-02\n 6.87024975e-02 5.91137997e-02 9.76399938e-02 1.73929999e-01\n 7.25294225e-02 1.00697058e-01 1.27882331e-02 6.91654727e-03\n 1.68846285e-01 9.54171934e-03 1.82249607e-01 3.56406896e-02\n 1.27228140e-01 4.37054851e-02 5.58245054e-02 2.69032968e-01\n 4.09208480e-02 1.01058171e-01 1.11381534e-01 4.40756935e-01\n 9.99999992e-01]",
    "[1.         0.99691581 0.98548844 0.98570126 0.9876148  0.95675322\n 0.94826779 0.96304694 0.95530113 0.97121519 0.95764932 0.97230666\n 0.95127789 0.9377585  0.92210047 0.93551791 0.88790246 0.90723967\n 0.85575861 0.82392888 0.76254642 0.63036114 0.47570737 0.29323627\n 0.2550406  0.20711171 0.12963575 0.17397511 0.10545766 0.39444634\n 0.40642344 0.28436012 0.28094329 0.17597246 0.17713048 0.20008565\n 0.08443947 0.06230979 0.04922913 0.22525223 0.23157551 0.20831249\n 0.31089042 0.27201306 0.39963392 0.30187993 0.24385451 0.25744606\n 0.09897375 0.01034786 0.08825321 0.07858743 0.01354955 0.05206807\n 0.15986872 0.24558289 0.26616763 0.19232328 0.21999348 0.13261509\n 0.10057331 0.06794477 0.14279184 0.16093203 0.1005412  0.19825177\n 0.21839634 0.26191578 0.28601489 0.21962489 0.22452745 0.27513413\n 0.21951236 0.20849121 0.31732994 0.31807734 0.24849034 0.30370683\n 0.27270081 0.24010067 0.0089626  0.30702751 0.22683311 0.31231464\n 0.10493608 0.30944137 0.36386768 0.32374412 0.35727839 0.40520315\n 0.39153615 0.47229257 0.50961676 0.53715402 0.5095659  0.49950538\n 0.48859811 0.47622764 0.47422634 0.54419091 0.50366219 0.54908715\n 0.56324189 0.54975388 0.56099011 0.47458087 0.32500008 0.13586938\n 0.38078984 0.22985377 0.25528979 0.32014289 0.578724   0.6450176\n 0.56311479 0.58825889 0.57767404 0.65941502 0.70240671 0.61231125\n 0.72650176 0.70771286 0.65753138 0.62056482 0.70251558 0.63997803\n 0.57563282 0.72156367 0.51054844 0.59011744 0.27029645 0.50336326\n 0.28557755 0.29852609 0.05170067 0.03275083 0.18630465 0.04027019\n 0.08749206 0.09928326 0.09957691 0.00673011 0.13285636 0.09191992\n 0.05987548 0.05995819 0.07507823 0.03383875 0.07184892 0.00781645\n 0.06095866 0.0201815  0.03674691 0.0651095  0.07323771 0.07778986\n 0.07067876 0.04926593 0.06307144 0.07109326 0.03267689 0.10247022\n 0.02055833 0.00710574 0.01412591 0.032991   0.06876527 0.15636599\n 0.037894   0.07989586 0.01360043 0.1888757  0.05691271 0.02520349\n 0.01737387 0.06849761 0.11333379 0.03475157 0.15484235 0.05432571\n 0.17591531 0.11192448 0.04249738 0.20260598 0.0870508  0.23088745\n 0.0317195  0.05637709 1.        ]"
  ]
}