{
  "train_loss": [
    0.17370140552520752,
    0.12357987463474274,
    0.10055334866046906,
    0.09604185074567795,
    0.08683300018310547,
    0.09452244639396667,
    0.08973449468612671,
    0.08662687987089157,
    0.08601198345422745,
    0.09014255553483963,
    0.08114317059516907,
    0.08015169948339462,
    0.07795581966638565,
    0.0836242213845253,
    0.07745344936847687,
    0.07699443399906158,
    0.0742906779050827,
    0.07707709074020386,
    0.0760025903582573,
    0.0769105851650238,
    0.07408377528190613,
    0.07240978628396988,
    0.07134423404932022,
    0.07031138986349106,
    0.07452696561813354,
    0.07163374125957489,
    0.07224979251623154,
    0.07080209255218506,
    0.06925754249095917,
    0.06694920361042023,
    0.06685218960046768,
    0.06686805933713913,
    0.07111237943172455,
    0.07175648212432861,
    0.07049787789583206,
    0.06969340145587921,
    0.067716084420681,
    0.0671309307217598,
    0.06750548630952835,
    0.06488171964883804,
    0.06810005754232407,
    0.06857700645923615,
    0.06865954399108887,
    0.06460298597812653,
    0.06431882083415985,
    0.06598003953695297,
    0.06385422497987747,
    0.0672810822725296,
    0.06741783022880554,
    0.06547180563211441
  ],
  "val_loss": [
    1.3909275531768799,
    0.1770118772983551,
    0.17362909018993378,
    0.10278255492448807,
    0.09104286134243011,
    0.08873111754655838,
    0.09456513077020645,
    0.09294459968805313,
    0.09927110373973846,
    0.08474936336278915,
    0.10594873130321503,
    0.08545513451099396,
    0.08057717233896255,
    0.0849837139248848,
    0.08140246570110321,
    0.08020831644535065,
    0.07864049822092056,
    0.08589345216751099,
    0.07783441245555878,
    0.08862948417663574,
    0.08609168231487274,
    0.07704653590917587,
    0.08113105595111847,
    0.07320062816143036,
    0.07612459361553192,
    0.08440332114696503,
    0.07169578224420547,
    0.08402623236179352,
    0.07593857496976852,
    0.07111616432666779,
    0.07074544578790665,
    0.07098482549190521,
    0.07116209715604782,
    0.09133024513721466,
    0.07185916602611542,
    0.07245220243930817,
    0.07175075262784958,
    0.06931082904338837,
    0.07386074960231781,
    0.07070603966712952,
    0.0704551562666893,
    0.07653481513261795,
    0.06993547827005386,
    0.0711766704916954,
    0.069253109395504,
    0.07246410101652145,
    0.06911525130271912,
    0.06878239661455154,
    0.07200488448143005,
    0.07199737429618835,
    0.07121606171131134
  ]
}