{
  "mae": [
    "0.15681231",
    0.10364313399806724
  ],
  "mse": [
    "0.038363602",
    0.016470495259754993
  ],
  "psnr": [
    62.29160948296986,
    65.96373702642272
  ],
  "ssim": [
    0.670391487129626,
    0.917511558615129
  ],
  "ms_ssim": [
    0.892996741242117,
    0.8075927289427475
  ],
  "frc50": [
    "16",
    "40"
  ],
  "frc": [
    "[1.         0.99992997 0.99973957 0.99940626 0.99957207 0.99816178\n 0.99489657 0.99375818 0.98616948 0.97189984 0.93950702 0.9138565\n 0.86346005 0.77151436 0.68203561 0.70709733 0.39414158 0.50731485\n 0.13229113 0.29344555 0.31554838 0.67776873 0.75544646 0.83337107\n 0.90724207 0.85927677 0.83377046 0.71848971 0.82245367 0.85157213\n 0.88955051 0.81690931 0.76817391 0.76438754 0.79379279 0.78160362\n 0.7979587  0.78833354 0.75484577 0.70380585 0.66675048 0.51044732\n 0.57508088 0.48461007 0.39363041 0.35588305 0.22645953 0.10169019\n 0.08779698 0.1396049  0.12183417 0.10374014 0.14039074 0.10218032\n 0.30310519 0.38455608 0.39033046 0.37357713 0.2952135  0.17617195\n 0.20873428 0.23621459 0.14928056 0.16657575 0.06669064 0.12487292\n 0.10222321 0.29348087 0.27057062 0.33102913 0.28577063 0.29551702\n 0.2172761  0.27624057 0.25433494 0.24475504 0.26937916 0.31258947\n 0.24287409 0.26834244 0.11878393 0.35870459 0.26203381 0.26511912\n 0.23367461 0.32634439 0.3172462  0.3525369  0.31154196 0.37632361\n 0.39732969 0.43235675 0.37864978 0.43244468 0.45238338 0.38726164\n 0.38686472 0.42424879 0.48646515 0.48796863 0.46956319 0.502028\n 0.48427422 0.54444206 0.61743579 0.44230669 0.52788592 0.49706326\n 0.52580137 0.374104   0.46210751 0.56798301 0.58591413 0.55949209\n 0.57810992 0.5548921  0.57152604 0.58112575 0.65659007 0.51210423\n 0.60732634 0.63072783 0.62553672 0.65313828 0.681753   0.67195248\n 0.68364309 0.69985789 0.67603274 0.62414789 0.57674659 0.69893204\n 0.51989264 0.55564476 0.11504662 0.15409192 0.1215531  0.03724449\n 0.00333251 0.00263504 0.07353686 0.14785947 0.05664865 0.06106514\n 0.01163259 0.04024018 0.05729701 0.01589009 0.08573532 0.03764763\n 0.00301148 0.01325503 0.02956427 0.03766059 0.03458703 0.0496617\n 0.00782835 0.01366636 0.06419065 0.04578278 0.09093154 0.06234005\n 0.05678064 0.10762323 0.10157176 0.01090592 0.13234865 0.06518405\n 0.09661786 0.11994824 0.06504392 0.20203157 0.07004245 0.12811459\n 0.05853827 0.05737225 0.07674486 0.19743941 0.11703984 0.37070786\n 0.14284998 0.05294333 0.19732471 0.27912395 0.17394382 0.20881668\n 0.12561521 0.11586412 1.        ]",
    "[1.00000000e+00 9.96931026e-01 9.90768134e-01 9.87322764e-01\n 9.76280837e-01 9.69546325e-01 9.44786037e-01 9.39651294e-01\n 9.45891076e-01 9.27422481e-01 9.19111790e-01 9.35304184e-01\n 9.37974498e-01 9.46259168e-01 9.57556537e-01 9.49567637e-01\n 9.58850573e-01 9.32643465e-01 8.64390569e-01 8.63662571e-01\n 7.85659611e-01 6.34743335e-01 6.75137357e-01 6.96189047e-01\n 7.86959142e-01 7.42340518e-01 6.79309356e-01 5.54797397e-01\n 7.81067058e-01 8.43547624e-01 8.61707803e-01 8.45256408e-01\n 7.23154949e-01 7.22064689e-01 7.00684680e-01 7.14146536e-01\n 6.19499947e-01 5.73531984e-01 5.99143875e-01 6.09442727e-01\n 4.91153739e-01 2.94061202e-01 3.88061251e-01 3.62855158e-01\n 2.58230452e-01 2.63432748e-01 2.04774534e-01 1.49080288e-01\n 2.15263247e-01 3.19955417e-01 3.49117183e-01 3.34614336e-01\n 3.74737141e-01 2.02399517e-01 3.44728425e-01 3.51089528e-01\n 3.19261312e-01 2.64791607e-01 2.08223202e-01 1.46712981e-01\n 2.06437091e-01 2.48017314e-01 8.82645581e-03 1.39827145e-01\n 9.56971464e-02 1.24575224e-01 1.41428456e-01 2.16956801e-01\n 2.26529732e-01 2.79105711e-01 2.15101637e-01 1.41726500e-01\n 1.32853597e-01 1.71415724e-01 1.63886631e-01 1.78291716e-01\n 1.47797997e-01 2.34772558e-01 1.15825149e-01 8.65094808e-02\n 1.16306716e-01 2.60689888e-01 1.38730354e-01 2.43346289e-01\n 1.75207702e-01 1.90006923e-01 1.82659650e-01 3.06115240e-01\n 2.73195063e-01 2.98864150e-01 3.11824543e-01 3.51699866e-01\n 2.71970369e-01 3.41524377e-01 3.53390458e-01 3.20397488e-01\n 2.58077919e-01 3.44592396e-01 3.76945690e-01 3.75356848e-01\n 3.45431877e-01 3.96062436e-01 3.16127546e-01 2.29303302e-01\n 3.61053737e-01 8.62006749e-02 9.69481045e-03 2.76259098e-01\n 3.87673293e-01 2.05642594e-01 3.71867132e-01 4.23329663e-01\n 4.56628251e-01 3.85961362e-01 5.23402664e-01 4.67413047e-01\n 4.39172029e-01 4.88338476e-01 5.04477212e-01 3.36339004e-01\n 4.46001874e-01 5.23673767e-01 5.27492605e-01 5.33105844e-01\n 5.92456611e-01 5.81877580e-01 5.18340103e-01 5.41936248e-01\n 5.75335058e-01 5.70518263e-01 3.84947340e-01 5.92513943e-01\n 4.19332671e-01 1.55421710e-02 1.83674013e-01 1.49449882e-01\n 3.08029218e-02 2.71925614e-02 1.08552301e-02 4.12275864e-03\n 6.00858007e-02 1.21869538e-01 2.09122941e-02 5.51155892e-02\n 1.80719591e-02 1.38862327e-02 8.72370934e-02 7.54925522e-02\n 9.34907626e-02 2.34193872e-02 2.05378488e-02 3.73813743e-02\n 1.37489675e-02 8.16606832e-02 4.18727602e-02 4.52467609e-02\n 1.94185135e-02 1.05976762e-02 8.64829547e-02 4.92214402e-02\n 5.08538371e-02 1.56092962e-01 5.73295832e-02 6.09630025e-02\n 8.59878845e-02 2.19505900e-02 1.11818196e-01 5.00312057e-02\n 5.35367102e-03 8.59065804e-02 1.36641136e-01 1.90101362e-02\n 3.55889620e-02 4.27396816e-02 1.15063910e-01 1.08608332e-02\n 1.18749327e-03 1.18936285e-01 2.51697062e-04 2.83026842e-01\n 1.25443329e-01 9.39166753e-02 2.23251016e-01 1.62280869e-01\n 2.52589016e-01 1.72354795e-01 8.36063404e-02 3.13603025e-01\n 1.00000000e+00]"
  ]
}