{
  "amplitude": {
    "max": 1.9842296838760376,
    "mean": 0.2080177664756775,
    "min": 0.0,
    "nan_count": 0,
    "std": 0.5243954658508301
  },
  "fits_canvas": true,
  "offsets": {
    "axis_max_abs": [
      376.3193180156394,
      373.3114293734376
    ],
    "max_abs": 376.3193180156394
  },
  "padded_size": 822,
  "phase": {
    "max": 1.0427485704421997,
    "mean": 0.11612562090158463,
    "min": 0.0,
    "nan_count": 0,
    "std": 0.29274457693099976
  },
  "required_canvas": 817
}