{
  "amplitude": {
    "max": 2.75085711479187,
    "mean": 0.1950087547302246,
    "min": 0.0,
    "nan_count": 0,
    "std": 0.4963931143283844
  },
  "fits_canvas": true,
  "offsets": {
    "axis_max_abs": [
      376.3193180156394,
      373.3114293734376
    ],
    "max_abs": 376.3193180156394
  },
  "padded_size": 822,
  "phase": {
    "max": 0.15980806946754456,
    "mean": -0.1550750881433487,
    "min": -1.3966598510742188,
    "nan_count": 0,
    "std": 0.3916437327861786
  },
  "required_canvas": 817
}