{
  "train_loss": [
    0.1593841314315796,
    0.055893465876579285,
    0.047943443059921265,
    0.04518315941095352,
    0.04091974347829819,
    0.034294214099645615,
    0.03200031444430351,
    0.030200880020856857,
    0.03151232376694679,
    0.027639444917440414,
    0.026881210505962372,
    0.025818390771746635,
    0.02432955987751484,
    0.02487693354487419,
    0.023296788334846497,
    0.022275883704423904,
    0.0206119567155838,
    0.023877711966633797,
    0.020210735499858856,
    0.020845463499426842
  ],
  "val_loss": [
    3.0531258583068848,
    0.07306435704231262,
    0.17635320127010345,
    0.1207110732793808,
    0.09967072308063507,
    0.10228797048330307,
    0.11538881808519363,
    0.060189034789800644,
    0.08370194584131241,
    0.05821646749973297,
    0.04500384256243706,
    0.035930413752794266,
    0.0492386594414711,
    0.060564544051885605,
    0.07919926196336746,
    0.035549670457839966,
    0.04001079127192497,
    0.027797309681773186,
    0.02694547176361084,
    0.03870714455842972,
    0.04036056622862816
  ]
}