{
  "pinn_hybrid": {
    "mae": [
      "0.1557306",
      0.09970218840797355
    ],
    "mse": [
      "0.036841426",
      0.015322559259293475
    ],
    "psnr": [
      62.467439371685536,
      66.27749051270709
    ],
    "ssim": [
      0.6090412587058618,
      0.8990101127197369
    ],
    "ms_ssim": [
      0.8974023613922919,
      0.785741631985263
    ],
    "frc50": [
      "18",
      "22"
    ],
    "frc": [
      "[1.00000000e+00 9.99911770e-01 9.99164834e-01 9.99140424e-01\n 9.98979691e-01 9.98311946e-01 9.96792030e-01 9.95530071e-01\n 9.92772130e-01 9.88761747e-01 9.73333993e-01 9.62099971e-01\n 9.51772526e-01 9.04188632e-01 8.71509261e-01 8.73842946e-01\n 7.19108143e-01 7.63417426e-01 4.90829448e-01 4.70679486e-01\n 4.05569120e-01 5.94896761e-01 7.73733483e-01 7.19507454e-01\n 7.93470181e-01 7.33213352e-01 6.55586104e-01 5.71202037e-01\n 7.67895205e-01 8.19568898e-01 8.15675460e-01 7.04619017e-01\n 6.53814931e-01 5.51076902e-01 2.40312453e-01 3.52710771e-01\n 2.81981067e-01 3.26481774e-01 3.45438434e-01 3.20870552e-01\n 3.32033975e-01 1.56912024e-01 1.83415376e-01 3.10204444e-02\n 1.44844177e-01 1.59636992e-02 3.89183052e-02 8.48942710e-02\n 1.70858202e-01 2.30027931e-01 1.81659432e-01 2.80331874e-01\n 1.61043897e-01 1.00686942e-02 1.34622074e-01 5.69542534e-02\n 1.27739963e-01 1.12917987e-01 5.17552506e-02 1.20761477e-02\n 4.94638411e-02 7.97290504e-02 2.72989451e-01 3.26222356e-01\n 1.98956131e-01 2.25565168e-01 1.49563094e-01 2.78916633e-01\n 2.49834179e-01 2.22288934e-01 2.37951388e-01 2.58113539e-01\n 2.00012453e-01 2.75347884e-01 2.87787126e-01 2.64393681e-01\n 2.35744170e-01 2.84901270e-01 3.11976927e-01 2.31614907e-01\n 2.02406223e-01 3.09118122e-01 2.80967770e-01 2.04134827e-01\n 1.95048128e-01 3.23492474e-01 3.11951860e-01 3.74499316e-01\n 3.80247410e-01 4.72163079e-01 3.74101722e-01 4.40211954e-01\n 4.75707004e-01 5.14452622e-01 4.58153026e-01 4.72783075e-01\n 3.75680913e-01 5.08515461e-01 5.18501814e-01 5.39900023e-01\n 5.22565741e-01 4.62751567e-01 5.60719515e-01 4.39480795e-01\n 5.88267567e-01 4.40309464e-01 3.63055075e-01 2.51086747e-01\n 3.60853144e-01 2.88534184e-01 4.32910992e-01 4.67511747e-01\n 5.86806529e-01 6.12849456e-01 6.20227927e-01 6.41272671e-01\n 6.45994401e-01 6.73640528e-01 6.87030956e-01 4.95411843e-01\n 6.93082329e-01 6.88667933e-01 7.02525804e-01 7.09707492e-01\n 7.46362636e-01 7.06491987e-01 7.07979704e-01 7.19777809e-01\n 5.58222624e-01 6.68156094e-01 5.92866081e-01 6.36014911e-01\n 5.40361905e-01 2.86637085e-01 8.48494929e-02 5.42871162e-03\n 1.94258549e-01 7.89537904e-02 4.59147201e-02 4.98841112e-02\n 9.68856984e-02 3.65773416e-02 4.20219966e-02 7.36501206e-02\n 6.95061912e-02 5.96879827e-02 4.19570926e-02 6.43518490e-02\n 5.37133906e-02 4.13544308e-02 1.40858007e-02 1.36424969e-02\n 4.72181766e-02 1.54654843e-01 9.40959515e-03 1.09252097e-01\n 5.19989764e-02 2.46004439e-02 8.24788826e-02 3.18088304e-02\n 9.15963973e-02 5.56818673e-02 6.76044794e-02 4.65155790e-02\n 3.70734261e-02 1.75486608e-02 7.68995281e-02 9.86704915e-02\n 1.11240669e-01 3.78769975e-02 8.61330863e-02 1.36087324e-01\n 4.22511326e-02 2.41391944e-02 9.34435499e-04 2.35133585e-02\n 6.46407431e-02 5.32063731e-02 1.32111266e-01 4.66718312e-02\n 6.87737960e-02 1.71338931e-01 2.27062128e-02 5.28673866e-02\n 1.90735821e-01 1.94925230e-01 3.49250148e-01 5.59466491e-03\n 1.00000001e+00]",
      "[1.00000000e+00 9.90817221e-01 9.72969613e-01 9.90483427e-01\n 9.70096274e-01 9.53390976e-01 9.39529947e-01 9.39975926e-01\n 9.56229847e-01 9.53417166e-01 9.36975756e-01 9.51238968e-01\n 9.60251372e-01 9.63597316e-01 9.58307119e-01 9.53466840e-01\n 9.35242279e-01 9.10038466e-01 8.38461697e-01 7.94685007e-01\n 7.47904399e-01 5.74053728e-01 4.54565862e-01 4.77690089e-01\n 4.47715523e-01 4.58568061e-01 5.06344909e-01 3.38383790e-01\n 5.89327494e-01 6.38233253e-01 7.33126698e-01 7.13719397e-01\n 5.00925730e-01 4.41753097e-01 1.94919657e-01 2.34598671e-01\n 1.97380228e-02 9.51084152e-04 8.39690167e-02 1.66658447e-02\n 1.00777576e-01 7.14109791e-02 1.87908018e-01 2.79744524e-01\n 1.62014183e-01 2.42802541e-01 3.40680401e-01 3.12786465e-01\n 2.61894060e-01 3.73354405e-01 2.87871661e-01 2.87899418e-01\n 1.65082553e-01 5.71037814e-02 2.44457126e-02 3.29279181e-02\n 5.33247908e-02 1.48768354e-02 7.80291810e-02 7.52576154e-02\n 1.12856440e-01 2.34045140e-01 1.57774482e-01 2.43725492e-01\n 1.45672254e-01 2.23826540e-01 8.50706259e-02 1.09135804e-01\n 1.80177363e-01 1.73210771e-01 2.21951474e-01 1.74490489e-01\n 1.11950665e-01 1.62885152e-01 2.17277295e-01 2.36489122e-01\n 2.16781913e-01 1.80545380e-01 1.52538949e-01 7.17595490e-02\n 8.36042518e-02 2.02671065e-01 2.06996854e-01 2.28291358e-01\n 1.96694628e-01 3.05937541e-01 2.89393955e-01 2.85953599e-01\n 2.47433521e-01 3.34582849e-01 3.02110801e-01 3.47845630e-01\n 4.10795612e-01 3.81009430e-01 3.19372677e-01 4.04850734e-01\n 3.97134407e-01 3.37335731e-01 3.78795517e-01 3.83027297e-01\n 3.05868394e-01 3.58091840e-01 3.19521694e-01 3.20354913e-01\n 2.83285649e-01 1.07725614e-01 6.59873610e-02 2.98189553e-01\n 3.58638959e-01 2.94334735e-01 4.44989535e-01 4.73967428e-01\n 5.85731974e-01 5.51052648e-01 5.64808732e-01 4.47011539e-01\n 4.98157889e-01 5.22622471e-01 5.40112424e-01 5.06335847e-01\n 5.88546150e-01 5.48776024e-01 5.34764195e-01 5.73907101e-01\n 5.48124816e-01 6.26178979e-01 6.18717445e-01 5.95140888e-01\n 6.05669854e-01 5.63128090e-01 5.29654012e-01 5.69282090e-01\n 5.22737453e-01 5.30179656e-02 8.45795080e-02 1.51885923e-01\n 9.32791861e-02 8.57973571e-02 1.00757437e-01 3.91636108e-02\n 3.34121740e-02 1.23256782e-02 4.40282410e-02 8.92637567e-02\n 4.37844235e-02 5.51223949e-02 3.68856879e-02 4.82063806e-02\n 7.90606931e-02 3.56088760e-02 2.54423419e-02 5.90821839e-02\n 2.73840207e-02 3.39130214e-02 3.38274265e-02 1.55062283e-01\n 4.88117138e-02 2.52661975e-02 7.46042502e-02 1.07064680e-01\n 1.31224836e-01 1.56176530e-01 8.47777184e-02 2.39288511e-03\n 1.06898120e-01 3.50965017e-02 1.54687994e-01 1.12064717e-01\n 7.72840028e-02 8.81986403e-02 1.79735852e-02 3.49820654e-02\n 4.88897353e-02 6.90318816e-02 1.40743247e-01 2.24432254e-02\n 6.63263200e-03 1.69773926e-02 7.51265589e-06 8.93270296e-02\n 4.76638189e-02 8.45322300e-02 1.18971168e-01 2.81238611e-01\n 1.49028807e-01 8.54528581e-02 3.18926601e-01 3.74832590e-01\n 1.00000000e+00]"
    ]
  }
}