{
  "train_loss": [
    0.17723585665225983,
    0.1000121682882309,
    0.06546974182128906,
    0.06076059117913246,
    0.04942036792635918,
    0.05287366732954979,
    0.042664624750614166,
    0.044829320162534714,
    0.04146566614508629,
    0.038546860218048096
  ],
  "val_loss": [
    1.6995421648025513,
    0.09236583858728409,
    0.07644485682249069,
    0.05144977569580078,
    0.11789564043283463,
    0.05220312997698784,
    0.07145993411540985,
    0.04866175353527069,
    0.04672769829630852,
    0.047953274101018906,
    0.0495537668466568
  ]
}