{
  "train_loss": [
    0.3193276822566986,
    0.09481459110975266,
    0.08121969550848007,
    0.06751031428575516,
    0.07776027917861938,
    0.06326603144407272,
    0.05964730679988861,
    0.055253706872463226,
    0.04593458026647568,
    0.04504653811454773
  ],
  "val_loss": [
    2.046058177947998,
    0.1492626965045929,
    0.10574894398450851,
    0.06848412752151489,
    0.08304639905691147,
    0.15651161968708038,
    0.05445338040590286,
    0.08035077899694443,
    0.04337465763092041,
    0.05004718527197838,
    0.061115562915802
  ]
}