{
  "mae": [
    "0.12382112",
    0.037683917676931696
  ],
  "mse": [
    "0.023713794",
    0.0023012870796411057
  ],
  "psnr": [
    64.38079308698045,
    74.51109561760701
  ],
  "ssim": [
    0.7408937333777104,
    0.961200766511347
  ],
  "ms_ssim": [
    0.9545744313514879,
    0.07716262922005426
  ],
  "frc50": [
    "33",
    NaN
  ],
  "frc": [
    "[1.         0.99997956 0.99989454 0.99968907 0.99989374 0.99979624\n 0.99961016 0.99945594 0.99937702 0.99911241 0.9989311  0.99830587\n 0.99721506 0.99754973 0.99650584 0.99518095 0.99456949 0.99304746\n 0.9918294  0.98356596 0.98071504 0.97777367 0.97758132 0.96412735\n 0.95612209 0.95353438 0.9275962  0.93323416 0.9419036  0.88249437\n 0.89991646 0.87462848 0.53740468 0.46544926 0.75481474 0.74114929\n 0.78440375 0.74547774 0.72864629 0.65307771 0.60936987 0.58239041\n 0.49204681 0.60891413 0.53443096 0.51512906 0.39588776 0.35149442\n 0.55290968 0.55869937 0.54400648 0.56448007 0.59058119 0.60550312\n 0.60038195 0.5750233  0.60378451 0.55783357 0.59438208 0.63183134\n 0.67320676 0.68048638 0.62976558 0.69339604 0.58043441 0.19965857\n 0.39570654 0.55407598 0.56005634 0.59302975 0.50370456 0.50971039\n 0.28206178 0.28551458 0.48018945 0.44969115 0.41593216 0.37991561\n 0.34300246 0.35117953 0.27876859 0.32528689 0.34483234 0.30485149\n 0.30160548 0.27980832 0.31245396 0.26113356 0.28877247 0.30263717\n 0.24232099 0.30246696 0.10850445 0.198547   0.28820774 0.3707563\n 0.33343584 0.3003365  0.12186978 0.37005974 0.30743178 0.27525495\n 0.22848756 0.09817186 0.31700406 0.34542206 0.37697571 0.44412044\n 0.39681868 0.49507778 0.47340624 0.45532374 0.51535686 0.51570466\n 0.57198678 0.53684283 0.5490227  0.46949356 0.21825315 0.55233566\n 0.59371142 0.62370738 0.6102867  0.64810883 0.65660946 0.62690772\n 0.61164492 0.62654964 0.6380152  0.53279826 0.23987278 0.15580585\n 0.44134838 0.46815108 0.27752401 0.43580142 0.61646748 0.67511302\n 0.62975927 0.59919815 0.67892356 0.67976572 0.71300108 0.7447872\n 0.68487694 0.41546269 0.52630415 0.72968169 0.74476631 0.76484253\n 0.76298829 0.74852061 0.77474286 0.80798472 0.8049173  0.79709609\n 0.82948825 0.81911839 0.7764151  0.75011845 0.70916243 0.70659031\n 0.62517976 0.19588313 0.13822715 0.12520937 0.05456282 0.12228592\n 0.17416843 0.26544272 0.15572181 0.14396692 0.10552993 0.24159978\n 0.12553926 0.04685862 0.04638513 0.27195217 0.21966893 0.09985753\n 0.22585017 0.1512947  0.25355    0.1296748  0.10364528 0.13761251\n 0.2157026  0.10277238 0.1369382  0.25762756 0.00664615 0.01692618\n 0.25804135 0.14272637 0.1825496  0.35378731 0.16276257 0.16504727\n 0.28092523 0.19112457 0.30373179 0.24862924 0.22702357 0.3061508\n 0.19252555 0.26522538 0.22796197 0.21186817 0.12260987 0.06192576\n 0.00179975 0.05423249 0.00568963 0.02598918 0.08199974 0.06932983\n 0.0993421  0.08402692 0.11048248 0.12031923 0.02775194 0.13086089\n 0.11257029 0.12727607 0.06660282 0.0185217  0.19501528 0.00804023\n 0.18756873 0.08910752 0.07574569 1.00000001]",
    null
  ]
}