{
  "mae": [
    "0.124647975",
    0.03569173700224103
  ],
  "mse": [
    "0.023526277",
    0.0020272482177467674
  ],
  "psnr": [
    64.41527188178685,
    75.06173433619792
  ],
  "ssim": [
    0.7622397431616263,
    0.9746290525158077
  ],
  "ms_ssim": [
    0.948244426477285,
    0.09645475189178468
  ],
  "frc50": [
    "42",
    NaN
  ],
  "frc": [
    "[1.         0.99994758 0.99992129 0.99986787 0.9998139  0.99977783\n 0.99946804 0.99925656 0.99932038 0.99844472 0.99822737 0.997643\n 0.99621351 0.99669025 0.99483336 0.99120416 0.99214569 0.98731458\n 0.98555406 0.98121119 0.97656021 0.97072997 0.96836434 0.95277932\n 0.9365407  0.93134321 0.89013993 0.90234943 0.90295129 0.83228782\n 0.87232316 0.78460434 0.67952766 0.55535341 0.61394073 0.64780487\n 0.65378978 0.62214092 0.67089954 0.59528305 0.56796637 0.5243345\n 0.44503766 0.52440037 0.47834655 0.4952184  0.48936684 0.38324478\n 0.55239869 0.63275705 0.63017245 0.64363444 0.66812654 0.67107762\n 0.66361036 0.69268053 0.71037525 0.71227848 0.68136256 0.72464664\n 0.72356841 0.74756535 0.72789228 0.75125291 0.68050981 0.46093621\n 0.62310255 0.6683318  0.64911927 0.62542174 0.54327687 0.56033076\n 0.348888   0.3088682  0.54800025 0.55492754 0.54613632 0.47042146\n 0.50354946 0.47496161 0.47101145 0.48443384 0.57340007 0.48691659\n 0.45355263 0.52175829 0.51234527 0.43175669 0.45605192 0.53834831\n 0.54177819 0.47622472 0.35379377 0.40165823 0.45806076 0.47422911\n 0.41729959 0.33667964 0.29310736 0.4582789  0.39096711 0.3502044\n 0.4021478  0.34892681 0.46004645 0.4240161  0.41212617 0.45475898\n 0.46547541 0.50418489 0.48780577 0.46406547 0.53295929 0.53294374\n 0.56730772 0.57203659 0.54417284 0.53374251 0.41383892 0.56224341\n 0.59064839 0.62264866 0.59188597 0.62757352 0.6157981  0.61563628\n 0.57921762 0.59836268 0.60780523 0.58460451 0.17725151 0.48165972\n 0.64187042 0.60195648 0.363183   0.47788824 0.63811266 0.7031088\n 0.68938028 0.65581645 0.70393269 0.72446207 0.74312756 0.76965311\n 0.76363441 0.70012426 0.72922553 0.77687694 0.76752265 0.78041056\n 0.78401632 0.75907014 0.79170966 0.80428701 0.82674758 0.79546807\n 0.81871108 0.79781125 0.79214407 0.77145792 0.75055223 0.72632059\n 0.67927344 0.09694235 0.1212775  0.14889627 0.10826187 0.10901705\n 0.08122079 0.20488766 0.07344146 0.09828735 0.15295707 0.21148968\n 0.10909134 0.10656815 0.18884132 0.16396514 0.16204922 0.22322907\n 0.1833924  0.23416768 0.23659176 0.13782545 0.06471139 0.19314385\n 0.15616903 0.06369472 0.2051139  0.25198817 0.10164314 0.18052388\n 0.3289358  0.23071982 0.29463843 0.26368852 0.25217311 0.25183021\n 0.30747787 0.29631781 0.35704315 0.30297244 0.25641934 0.41930582\n 0.28043748 0.30410304 0.4078376  0.18169168 0.03279419 0.24388933\n 0.29215346 0.25868314 0.37271917 0.25470932 0.3497244  0.4219893\n 0.38818189 0.25358688 0.28172884 0.3712704  0.18675699 0.29973517\n 0.53784621 0.32625464 0.23794061 0.44617725 0.38675062 0.45414903\n 0.54437682 0.28722496 0.67956664 0.99999998]",
    null
  ]
}