{
  "train_loss": [
    0.18467850983142853,
    0.09537844359874725,
    0.08297667652368546,
    0.07451500743627548,
    0.07054170221090317
  ],
  "val_loss": [
    3.7289552688598633,
    0.2281501740217209,
    0.2035917192697525,
    0.1652931421995163,
    0.20821431279182434,
    0.08417452126741409
  ]
}