{
  "mae": [
    "0.17361046",
    0.10917058448088929
  ],
  "mse": [
    "0.04699659",
    0.01891218893784075
  ],
  "psnr": [
    61.41014008538467,
    65.36338562663863
  ],
  "ssim": [
    0.6512187508421797,
    0.9192325463447061
  ],
  "ms_ssim": [
    0.9138978578006721,
    0.7733066382057183
  ],
  "frc50": [
    "19",
    "50"
  ],
  "frc": [
    "[1.         0.99990642 0.99967537 0.99914806 0.99941103 0.99893861\n 0.99813823 0.99740769 0.99734391 0.99754855 0.99514877 0.99296504\n 0.98844791 0.98958287 0.97415972 0.96049838 0.86823292 0.75945251\n 0.59564486 0.34592403 0.53170202 0.75801849 0.81497348 0.85173265\n 0.87483571 0.77781075 0.54551513 0.41263002 0.7587268  0.72398937\n 0.80957803 0.79521998 0.82698871 0.87953168 0.85718177 0.81750971\n 0.82011029 0.53379757 0.60331591 0.66758847 0.78853885 0.80665561\n 0.85169514 0.84076654 0.81769213 0.81546204 0.85435188 0.80659155\n 0.75639919 0.66738482 0.60338692 0.56675432 0.42097618 0.11141612\n 0.12039671 0.0990466  0.10912722 0.08342716 0.11522444 0.01045452\n 0.03795906 0.11002252 0.23074025 0.29402726 0.19818854 0.26396621\n 0.24731109 0.27024611 0.26508042 0.22457929 0.27296663 0.30231524\n 0.31617789 0.27895699 0.14669927 0.04465294 0.06035133 0.26246193\n 0.26931615 0.17477763 0.11904927 0.31568976 0.22821432 0.2051525\n 0.10318845 0.24679107 0.32395408 0.35146271 0.39709573 0.41878184\n 0.3964362  0.41932804 0.41435251 0.38698091 0.34947063 0.16668401\n 0.08164792 0.19520733 0.36663776 0.47800071 0.45358498 0.50253634\n 0.47321827 0.47748488 0.49568689 0.33496043 0.07044112 0.32930673\n 0.47047243 0.14214113 0.33505948 0.50480047 0.42082866 0.28326623\n 0.58322574 0.6129222  0.64241719 0.63509735 0.58574526 0.20408868\n 0.51580662 0.66440183 0.6726599  0.70462877 0.72669123 0.71792264\n 0.75230421 0.70604635 0.68806261 0.67338826 0.63851081 0.69680511\n 0.55245295 0.05340585 0.09497579 0.11424004 0.17011122 0.01113332\n 0.0410757  0.10882151 0.01699932 0.07377146 0.04167002 0.03336373\n 0.08990648 0.01006293 0.0660789  0.09872649 0.00843401 0.05184417\n 0.00792927 0.03334631 0.05844441 0.19591845 0.10831384 0.03047583\n 0.00377357 0.04476971 0.12097709 0.02688749 0.06930562 0.08897949\n 0.0784108  0.01246491 0.12438258 0.02257493 0.04843668 0.07613586\n 0.12381396 0.09400583 0.11032075 0.16907624 0.00885482 0.05325569\n 0.03678632 0.18990627 0.07602601 0.22407639 0.02978011 0.30931322\n 0.11004789 0.1208291  0.04253872 0.23131726 0.02298021 0.09468028\n 0.16000197 0.35744173 1.00000001]",
    "[1.00000000e+00 9.98819438e-01 9.96866881e-01 9.96974943e-01\n 9.97458741e-01 9.93184724e-01 9.90468016e-01 9.90147811e-01\n 9.88318969e-01 9.82209567e-01 9.71694143e-01 9.76776400e-01\n 9.64992479e-01 9.82230233e-01 9.70691304e-01 9.53038656e-01\n 9.59722504e-01 9.60736044e-01 9.04793392e-01 9.03012799e-01\n 8.06500498e-01 6.15922528e-01 6.93201817e-01 6.97833273e-01\n 8.46965902e-01 8.80919336e-01 8.12601082e-01 7.73568358e-01\n 9.01231784e-01 9.02456678e-01 9.05443769e-01 8.75138537e-01\n 8.99651310e-01 9.00294346e-01 9.29795773e-01 9.19477371e-01\n 9.08200428e-01 8.80177014e-01 8.81473988e-01 8.96063881e-01\n 8.63192684e-01 8.48213694e-01 8.59019668e-01 8.58948362e-01\n 8.30467277e-01 7.55541920e-01 7.30439192e-01 6.83266545e-01\n 6.34723947e-01 6.05920127e-01 3.66406412e-01 4.09708315e-01\n 2.07111371e-01 7.25966348e-02 3.56515956e-02 5.24636986e-02\n 1.89184301e-02 9.17843913e-03 6.50404393e-02 2.84962605e-02\n 7.66808895e-03 4.17126696e-02 3.36763488e-02 1.90254489e-01\n 2.29087289e-02 1.82182457e-01 9.35239079e-02 8.95587076e-02\n 1.48241369e-01 1.55751816e-01 1.75705565e-01 7.89888268e-02\n 1.16268648e-01 1.19323874e-01 3.51461644e-02 4.51416003e-02\n 1.46256486e-02 1.40771945e-01 1.93116745e-01 1.35153284e-01\n 6.87288306e-03 2.41093524e-01 2.55295456e-02 1.04567252e-01\n 4.87660490e-02 1.43084881e-01 1.28245011e-01 2.11452779e-01\n 2.04102450e-01 1.96521722e-01 2.02061425e-01 2.32384539e-01\n 2.00565490e-01 1.90968015e-01 1.36818850e-01 1.42587894e-02\n 2.71751870e-04 7.71717127e-02 1.78676640e-01 1.98936614e-01\n 2.71630560e-01 1.94738897e-01 1.54181701e-01 7.35086515e-02\n 3.44778468e-01 1.89988147e-01 2.08285315e-01 1.63802684e-01\n 2.28302536e-01 4.01421170e-02 2.65891880e-01 1.93523705e-01\n 1.12263942e-01 6.54440015e-02 1.00834319e-01 1.66684737e-01\n 1.83503126e-01 2.10635127e-01 2.46095074e-01 6.66352675e-02\n 2.07450190e-01 2.77235910e-01 3.01438434e-01 2.33702015e-01\n 3.67217942e-01 3.27136113e-01 4.17572532e-01 3.61621098e-01\n 2.97594143e-01 3.28303326e-01 2.26515383e-01 3.30847449e-01\n 2.32799345e-01 4.19926748e-02 7.47384544e-02 6.73195044e-02\n 9.61310135e-02 9.21365363e-02 7.35699218e-02 5.58764182e-02\n 1.12268190e-02 2.50625943e-02 2.32324223e-02 1.33644402e-02\n 1.36192249e-01 4.32821238e-02 6.86083923e-02 8.16801509e-02\n 5.91477133e-02 6.80602117e-02 4.08611317e-03 6.11236409e-02\n 1.03991561e-02 4.68783411e-02 8.45633213e-02 1.00763896e-01\n 3.79135644e-03 3.38933369e-02 7.08768567e-02 5.11869823e-02\n 5.95817817e-03 9.10637410e-02 9.43371767e-03 4.18457436e-02\n 1.74312166e-02 1.62032501e-02 1.84339810e-02 1.52094001e-02\n 5.72081287e-02 8.21550338e-02 1.01574541e-01 1.29829046e-01\n 3.57565135e-02 4.96012236e-02 4.58843027e-02 1.54496526e-01\n 6.63461278e-02 1.35394189e-02 8.57457677e-03 1.38113686e-01\n 2.33526900e-02 3.08299237e-02 2.01054224e-02 1.36931094e-01\n 5.55082323e-02 8.03101822e-02 3.19449893e-01 1.05071062e-01\n 1.00000000e+00]"
  ]
}