{
  "train_loss": [
    0.11009174585342407,
    0.06815113127231598,
    0.05443146452307701,
    0.04736712574958801,
    0.043035171926021576,
    0.039972830563783646,
    0.037271205335855484,
    0.03645174577832222,
    0.03455403074622154,
    0.034819260239601135,
    0.03249505162239075,
    0.03175436705350876,
    0.029522689059376717,
    0.02942819707095623,
    0.027890002354979515,
    0.02807381935417652,
    0.027853652834892273,
    0.026358019560575485,
    0.02660398930311203,
    0.02727632224559784
  ],
  "val_loss": [
    1.0774712562561035,
    0.11251375824213028,
    0.10947559773921967,
    0.09307421743869781,
    0.07963655143976212,
    0.048753149807453156,
    0.06865609437227249,
    0.06659223884344101,
    0.05635460093617439,
    0.10572836548089981,
    0.04984438046813011,
    0.04367079958319664,
    0.05569753795862198,
    0.04663905128836632,
    0.04297647252678871,
    0.05000670626759529,
    0.04968000575900078,
    0.048699233680963516,
    0.03547973558306694,
    0.04758937656879425,
    0.04315498098731041
  ]
}