{
  "mae": [
    "0.07961839",
    0.14783856808260903
  ],
  "mse": [
    "0.009863262",
    0.0351551849128422
  ],
  "psnr": [
    68.19059771197936,
    62.67090974165249
  ],
  "ssim": [
    0.8885834143919056,
    0.951682478539529
  ],
  "ms_ssim": [
    0.9835935595077521,
    0.6875014150519809
  ],
  "frc50": [
    "98",
    "72"
  ],
  "frc": [
    "[1.         0.99999482 0.99996751 0.99985966 0.99988512 0.99987898\n 0.99976716 0.99977264 0.99975069 0.99926493 0.99929155 0.99907901\n 0.99853847 0.99863399 0.99793961 0.99780841 0.99697794 0.99574286\n 0.99415232 0.99273742 0.99101781 0.99319118 0.99058407 0.9903239\n 0.99182082 0.98808247 0.98030142 0.97945238 0.97908894 0.96745481\n 0.97607741 0.9679878  0.88463012 0.84632119 0.95972696 0.94559915\n 0.95529445 0.92906211 0.93767426 0.9064636  0.89047932 0.87646605\n 0.81358426 0.8022845  0.79347519 0.73217514 0.59815475 0.63043935\n 0.72580203 0.75034239 0.66298887 0.70809889 0.72387145 0.78552426\n 0.7775763  0.74594375 0.8236547  0.84742294 0.8322699  0.87837531\n 0.82303453 0.85850151 0.82839875 0.83997192 0.80791942 0.66047387\n 0.81771283 0.83424382 0.80321343 0.81367345 0.75358495 0.77604035\n 0.68919498 0.60883919 0.75312693 0.73947515 0.74218054 0.67714289\n 0.70695346 0.68750096 0.6726444  0.65613488 0.70916794 0.61581555\n 0.6037497  0.63716033 0.64432286 0.54193907 0.63933126 0.61495009\n 0.62534494 0.59941781 0.57180939 0.58852017 0.61278822 0.59631567\n 0.56925567 0.61907318 0.41371856 0.60853828 0.61782545 0.53227557\n 0.52585755 0.26812679 0.56624069 0.58366267 0.57278947 0.61172355\n 0.57359613 0.60690246 0.56186171 0.5927046  0.63819424 0.60283949\n 0.64148644 0.64377391 0.66978292 0.62965212 0.62626626 0.61242121\n 0.66392792 0.68155769 0.62856324 0.66688336 0.63169699 0.64135085\n 0.69209743 0.67741747 0.71579925 0.64469073 0.55402498 0.58516985\n 0.68742519 0.65004503 0.4494769  0.56405182 0.68212505 0.72261884\n 0.7373264  0.73318277 0.77812086 0.77495529 0.77201763 0.79952583\n 0.79883237 0.73407641 0.79818321 0.81942387 0.81318854 0.81690654\n 0.81615455 0.8268543  0.82377656 0.84396083 0.837452   0.81532941\n 0.80301448 0.80337845 0.76951637 0.80742213 0.75397668 0.78195895\n 0.78742089 0.57495754 0.28887696 0.24625203 0.05935353 0.22810491\n 0.24069248 0.22037786 0.18376864 0.25836621 0.23591056 0.18157618\n 0.13547913 0.07558806 0.20766668 0.29782129 0.17707438 0.22795612\n 0.34237151 0.24319    0.29636712 0.18139951 0.17880477 0.1835192\n 0.22162824 0.2582614  0.21901455 0.30750095 0.11916333 0.2622173\n 0.32356012 0.29316653 0.30042762 0.36947023 0.36785873 0.42596873\n 0.40242276 0.32855397 0.38929579 0.36046344 0.3552216  0.38153786\n 0.4087536  0.35135747 0.39616511 0.3301974  0.19407892 0.05608997\n 0.21294664 0.20886122 0.29585886 0.36065474 0.46791222 0.36962906\n 0.29558746 0.3347495  0.41305782 0.48397428 0.39345344 0.37056728\n 0.38768335 0.37331329 0.46604817 0.02891434 0.35126231 0.2462762\n 0.28107528 0.11856942 0.86387438 1.00000004]",
    "[1.         0.9734061  0.91230532 0.91272425 0.93880421 0.9617691\n 0.9162861  0.91248619 0.95880355 0.94466869 0.95291728 0.94121726\n 0.92574553 0.95288582 0.94601248 0.93681211 0.94896599 0.94092764\n 0.92950313 0.91774779 0.92356784 0.93243404 0.92071772 0.89363944\n 0.89467581 0.90875083 0.85692865 0.8837728  0.88070623 0.8958914\n 0.93345882 0.91174442 0.87658561 0.81992308 0.91548483 0.88065125\n 0.87182342 0.9017445  0.88341624 0.87034244 0.88098631 0.90063821\n 0.89881932 0.88587626 0.8955132  0.80479585 0.74743506 0.6854713\n 0.80732222 0.82583941 0.77287456 0.81892327 0.79770261 0.77110798\n 0.78791292 0.77900763 0.78193519 0.82070975 0.81593198 0.79294313\n 0.78714204 0.78494371 0.79950876 0.80040941 0.7802059  0.51312715\n 0.69345199 0.78563658 0.73924267 0.71857279 0.74526602 0.69589867\n 0.48985003 0.37200829 0.63366489 0.64709079 0.5430998  0.48343633\n 0.55630317 0.52193404 0.55486815 0.52655828 0.59655998 0.53861185\n 0.52444454 0.5601497  0.57178969 0.53222535 0.57581517 0.55256759\n 0.55289044 0.55177207 0.35526678 0.43393691 0.44570019 0.47805862\n 0.4552151  0.42465705 0.347926   0.37959199 0.412188   0.35704049\n 0.37776474 0.20285515 0.28156712 0.36506928 0.2626617  0.26275716\n 0.34784509 0.28818217 0.29952911 0.27263292 0.30692058 0.31578881\n 0.25120617 0.23831631 0.28096907 0.24335527 0.14796106 0.17045992\n 0.18706462 0.23271599 0.19388766 0.19015456 0.28641337 0.21492785\n 0.3312447  0.11733227 0.19085426 0.30275324 0.13668285 0.16532259\n 0.02176557 0.12636255 0.14181659 0.03068756 0.13676629 0.03934618\n 0.15787869 0.11282404 0.09663793 0.19702626 0.18126877 0.16441571\n 0.22305515 0.10787921 0.18186288 0.19959765 0.14540582 0.17744363\n 0.15368426 0.17315864 0.17082008 0.13704325 0.1393015  0.21278295\n 0.10292104 0.24402289 0.16289037 0.30490215 0.16714441 0.12297212\n 0.29871255 0.13974822 0.22584671 0.27722925 0.06996041 0.01764239\n 0.08663649 0.12361091 0.09771327 0.21810106 0.02365705 0.02034659\n 0.07610891 0.01155803 0.02746008 0.06224896 0.08356333 0.07444994\n 0.17518843 0.09461744 0.04627315 0.12128094 0.04454349 0.06619012\n 0.0410194  0.09907574 0.0713837  0.05351091 0.0465351  0.02590902\n 0.05407049 0.16147942 0.11469973 0.00234258 0.04594164 0.11865768\n 0.01921682 0.0091925  0.04040544 0.08841764 0.16321643 0.08412164\n 0.10656114 0.01232701 0.0430524  0.02154092 0.11256929 0.15726707\n 0.19252117 0.06612087 0.0708277  0.08054355 0.1484353  0.12368302\n 0.19580562 0.00252361 0.06039899 0.11537713 0.09004563 0.0102236\n 0.3007672  0.05884398 0.18597427 0.19288779 0.0475734  0.01384298\n 0.00176462 0.19269795 0.51514057 1.        ]"
  ]
}