{
  "amplitude": {
    "bias_summary": {
      "mean": -2.300180379464999,
      "median": -2.5305827856063843,
      "p05": -3.6955116152763368,
      "p95": 0.2383325934410096
    },
    "color_range": [
      -4.85612678527832,
      4.85612678527832
    ],
    "count": 153664,
    "mae": 2.369925713681712,
    "max_abs": 4.7676825523376465,
    "pearson_r": 0.13775391973303422,
    "pred_stats": {
      "max": 4.259884834289551,
      "mean": 0.40806710720062256,
      "min": 0.0,
      "nan_count": 0,
      "std": 1.0139859914779663
    },
    "rmse": 2.5594605294998862,
    "truth_stats": {
      "max": 4.85612678527832,
      "mean": 2.708247423171997,
      "min": 0.6128976941108704,
      "nan_count": 0,
      "std": 0.6410303115844727
    }
  },
  "phase": {
    "bias_summary": {
      "mean": 0.16965543287032372,
      "median": 0.0,
      "p05": 0.0,
      "p95": 1.2119898080825806
    },
    "color_range": [
      -3.141592653589793,
      3.141592653589793
    ],
    "count": 153664,
    "mae": 0.16965543287032372,
    "max_abs": 1.2846065759658813,
    "pearson_r": null,
    "pred_stats": {
      "max": 1.2846065759658813,
      "mean": 0.1696554273366928,
      "min": 0.0,
      "nan_count": 0,
      "std": 0.4181268811225891
    },
    "rmse": 0.4512350395551325,
    "truth_stats": {
      "max": 0.0,
      "mean": 0.0,
      "min": 0.0,
      "nan_count": 0,
      "std": 0.0
    }
  }
}