{
  "train_loss": [
    0.11595896631479263,
    0.08395794779062271,
    0.06680630892515182,
    0.06677770614624023,
    0.053775347769260406,
    0.058694370090961456,
    0.044436924159526825,
    0.048911746591329575,
    0.04110892489552498,
    0.04530864953994751
  ],
  "val_loss": [
    0.8841745853424072,
    0.1366102248430252,
    0.13416025042533875,
    0.05819563567638397,
    0.16752740740776062,
    0.06905267387628555,
    0.04481882601976395,
    0.04308706149458885,
    0.06717705726623535,
    0.037572506815195084,
    0.06584927439689636
  ]
}