{
  "train_loss": [
    0.15930987894535065,
    0.08717531710863113,
    0.06549826264381409,
    0.0512993223965168,
    0.05639307200908661,
    0.04354139417409897,
    0.03971666470170021,
    0.037911802530288696,
    0.038546089082956314,
    0.047929540276527405,
    0.04254500940442085,
    0.031888447701931,
    0.03028002567589283,
    0.03096611611545086,
    0.03202614560723305,
    0.027085380628705025,
    0.03125195950269699,
    0.03290784731507301,
    0.025262081995606422,
    0.02839069440960884
  ],
  "val_loss": [
    3.352020740509033,
    0.2575792074203491,
    0.24379052221775055,
    0.10646697133779526,
    0.29829543828964233,
    0.04540247470140457,
    0.14938096702098846,
    0.08941537141799927,
    0.038296181708574295,
    0.1725723296403885,
    0.029001008719205856,
    0.1009465828537941,
    0.051673151552677155,
    0.09080170094966888,
    0.07589272409677505,
    0.08520693331956863,
    0.025451630353927612,
    0.06689579039812088,
    0.03054090030491352,
    0.062155429273843765,
    0.02731911651790142
  ]
}