{
  "mae": [
    "0.056120645",
    0.13721505292566577
  ],
  "mse": [
    "0.0050416896",
    0.029450523589168356
  ],
  "psnr": [
    71.10504237272687,
    63.43987340369124
  ],
  "ssim": [
    0.9477810247067828,
    0.9640498553487191
  ],
  "ms_ssim": [
    0.9918192358424527,
    0.7226218533246089
  ],
  "frc50": [
    "103",
    "102"
  ],
  "frc": [
    "[1.         0.99998901 0.99998485 0.9999279  0.99991963 0.99993891\n 0.99980277 0.9997691  0.99981589 0.99961211 0.99922452 0.99900086\n 0.99892699 0.99900616 0.99849708 0.99860759 0.99788315 0.99810305\n 0.99765692 0.99673217 0.99592378 0.99650557 0.9956971  0.99352346\n 0.99332119 0.99439435 0.99096733 0.99178187 0.98994743 0.9847188\n 0.98780435 0.98398317 0.87917998 0.86197744 0.977729   0.97386655\n 0.98415429 0.97728331 0.98192793 0.97357399 0.97059659 0.97451397\n 0.96585001 0.95520041 0.95628353 0.91389388 0.83413531 0.79755435\n 0.9248289  0.93381126 0.91825737 0.92768032 0.93743659 0.9336036\n 0.94277604 0.93657205 0.95052781 0.9596996  0.95485077 0.96184896\n 0.95758543 0.95925816 0.96599731 0.96576014 0.96402911 0.78262262\n 0.9365581  0.95021394 0.94384078 0.94469041 0.94417723 0.9422049\n 0.78652784 0.62859287 0.85267789 0.89993004 0.90595423 0.8775109\n 0.89292197 0.89731786 0.8876525  0.87496937 0.89189422 0.87552856\n 0.88581181 0.88606994 0.87474628 0.85727409 0.8732761  0.85834765\n 0.82944238 0.84768941 0.72831177 0.79712463 0.83817587 0.81917089\n 0.81035204 0.79748171 0.63417996 0.76395491 0.73681507 0.68259347\n 0.56241048 0.33107603 0.66240393 0.64861798 0.61541011 0.683022\n 0.64607408 0.66758466 0.63681116 0.6692414  0.68141675 0.683034\n 0.69407298 0.6898036  0.74293806 0.71792835 0.68536344 0.69919777\n 0.74194856 0.746101   0.72679204 0.75540095 0.74169885 0.80084685\n 0.77167353 0.77920395 0.80158855 0.76797706 0.6625593  0.70286538\n 0.77164902 0.71826374 0.40339271 0.55107638 0.75952804 0.80808819\n 0.82825132 0.82767886 0.84425547 0.85578695 0.8630208  0.87648033\n 0.88089448 0.85127103 0.86939923 0.88786832 0.89504762 0.89207838\n 0.90102718 0.89387087 0.90826907 0.90224462 0.89541335 0.88852641\n 0.89008244 0.88678056 0.88006148 0.89571789 0.88084621 0.89027051\n 0.88385625 0.71049199 0.45462853 0.34449286 0.05693069 0.28752383\n 0.34785109 0.37621874 0.31714404 0.34267608 0.4019763  0.29796547\n 0.23342528 0.13271889 0.34121558 0.31105732 0.18481763 0.24092324\n 0.29324852 0.25938299 0.22380939 0.18089454 0.15549393 0.14265253\n 0.32891197 0.25266123 0.26568251 0.26013086 0.12019176 0.27052987\n 0.30316875 0.31608704 0.27649061 0.2662712  0.22559171 0.33069088\n 0.34151269 0.37397292 0.31661095 0.31369387 0.36746403 0.24200199\n 0.3622982  0.29716622 0.22776261 0.29168397 0.20124898 0.19397877\n 0.22651848 0.29633456 0.36794228 0.36151    0.30527735 0.46112742\n 0.2051875  0.29178811 0.12922523 0.30509863 0.15650331 0.19290632\n 0.41737235 0.08965147 0.14752362 0.11921367 0.0919801  0.18211447\n 0.1442876  0.50886859 0.94735952 1.        ]",
    "[1.         0.99958512 0.99764478 0.99708446 0.99161932 0.9948779\n 0.97878478 0.97851275 0.98616101 0.98498909 0.98008468 0.98057106\n 0.96925777 0.97830172 0.96012213 0.96896476 0.97177015 0.95830999\n 0.95304412 0.94616675 0.94124695 0.95482644 0.94145385 0.92626247\n 0.90230115 0.91910453 0.89604936 0.92295451 0.91217832 0.9300148\n 0.95673425 0.94524834 0.92629769 0.89534708 0.95337728 0.9285756\n 0.94560436 0.94138463 0.9359463  0.92807721 0.93612043 0.94694756\n 0.93772022 0.93252243 0.93556112 0.84960125 0.77725986 0.73290756\n 0.92297293 0.93135333 0.92802341 0.93265055 0.92688328 0.92483731\n 0.92862475 0.91658685 0.90698881 0.90818629 0.90091668 0.90500069\n 0.89893242 0.87505955 0.89909133 0.90804197 0.91633445 0.79537899\n 0.89609397 0.9077094  0.88575166 0.88584266 0.89267047 0.90596969\n 0.82562237 0.70960973 0.87479844 0.89430428 0.87532337 0.84742675\n 0.85618583 0.86080187 0.85076378 0.83536551 0.85147506 0.83791043\n 0.8248945  0.82856491 0.82275346 0.83592331 0.82508322 0.82172893\n 0.7898907  0.77436859 0.72094091 0.75200719 0.70577411 0.72163404\n 0.7012404  0.70582076 0.58403549 0.595113   0.59418774 0.55757314\n 0.48002993 0.39400323 0.48546143 0.49960007 0.37799527 0.46137122\n 0.48508985 0.42273799 0.39089633 0.41666202 0.40234351 0.43281275\n 0.38871771 0.39661296 0.41469918 0.40212333 0.24639066 0.27778465\n 0.3283393  0.38037653 0.43414945 0.39726483 0.40173748 0.40521105\n 0.4398705  0.35501566 0.39033246 0.52406533 0.50502522 0.26295663\n 0.15520153 0.25992162 0.18750253 0.09002524 0.21753098 0.255391\n 0.28768448 0.13302546 0.21900876 0.40317556 0.36027797 0.40606425\n 0.36096721 0.27441747 0.29718241 0.38925012 0.38573996 0.37905758\n 0.45759959 0.38434033 0.33177582 0.18898286 0.24135514 0.38583538\n 0.33751806 0.32009757 0.28001683 0.41996003 0.41322972 0.3786811\n 0.56687509 0.50647462 0.31205956 0.39205073 0.09989312 0.20312518\n 0.15472226 0.24629292 0.1480764  0.22727843 0.23121367 0.13624216\n 0.1924247  0.14351302 0.17233854 0.15383587 0.10196285 0.15330619\n 0.10962608 0.1233851  0.04166699 0.11418492 0.03098972 0.06539644\n 0.09685249 0.10258249 0.02072753 0.06757656 0.05835191 0.0580739\n 0.0450977  0.17802663 0.02257749 0.10289509 0.0811123  0.19824381\n 0.09313956 0.2932015  0.08729911 0.11559314 0.10375784 0.16288627\n 0.0965124  0.20975658 0.17145844 0.16226349 0.13105041 0.13827307\n 0.21652429 0.07878539 0.10108542 0.07905089 0.2397715  0.07928496\n 0.05106255 0.00722212 0.03998883 0.13716823 0.02384735 0.09567013\n 0.06128263 0.08941507 0.07944468 0.10229815 0.14027928 0.16228002\n 0.26207461 0.55676267 0.47183954 1.        ]"
  ]
}