{
  "pinn": {
    "mae": [
      "0.057795692",
      0.07886880993990536
    ],
    "mse": [
      "0.0057640704",
      0.013986818476853288
    ],
    "psnr": [
      70.52351084711997,
      66.67361422439225
    ],
    "ssim": [
      0.9425888321654929,
      0.8129895974185721
    ],
    "ms_ssim": [
      0.9929218132174132,
      0.1817031568724564
    ],
    "frc50": [
      "65",
      NaN
    ],
    "frc": [
      "[1.00000004 0.99998172 0.99986967 0.99932815 0.99958482 0.99969241\n 0.99901756 0.99846006 0.99876974 0.99811716 0.99813743 0.99755579\n 0.99653119 0.99687865 0.99651002 0.99559113 0.99496489 0.99427224\n 0.99410856 0.99468789 0.99252057 0.99256233 0.99395989 0.989166\n 0.99352196 0.99378347 0.98932976 0.99351373 0.98855726 0.98639458\n 0.98793726 0.98098787 0.88439295 0.87407361 0.97176728 0.97803939\n 0.9839417  0.98328386 0.98175272 0.97360535 0.9767014  0.98083182\n 0.97946183 0.98080806 0.97777876 0.94381613 0.93298818 0.91713473\n 0.97956578 0.977249   0.9781007  0.98159115 0.98152165 0.97944966\n 0.98558145 0.98113228 0.98157974 0.98308693 0.98139238 0.98150782\n 0.9799945  0.97292828 0.97073724 0.96249295 0.95265516 0.43692243\n 0.87323921 0.93969653 0.95185123 0.94650059 0.9580105  0.9539906\n 0.86967218 0.74987748 0.92162931 0.94377843 0.95110035 0.94119483\n 0.95754581 0.95337945 0.95779522 0.95444323 0.94414795 0.94905892\n 0.94244945 0.94528074 0.93025817 0.94033874 0.90214861 0.90127127\n 0.87376434 0.82860226 0.56158311 0.76940302 0.83064571 0.83700481\n 0.73018903 0.53694446 0.21662107 0.65955861 0.69679309 0.69089559\n 0.59179197 0.35023439 0.66655725 0.7059252  0.77342357 0.71868329\n 0.71204819 0.73519078 0.72401007 0.77329378 0.75855963 0.72719214\n 0.76100626 0.73838676 0.66183025 0.4838248  0.23010067 0.7001954\n 0.73600721 0.78736265 0.77229956 0.79279587 0.80249164 0.81659283\n 0.79672892 0.80867273 0.76930209 0.73005462 0.37682247 0.47476855\n 0.77699296 0.78650053 0.63117109 0.67443555 0.80111919 0.82367053\n 0.79122312 0.53006488 0.86991949 0.86555895 0.88478725 0.86889365\n 0.83882718 0.57728878 0.66372786 0.83271156 0.86912174 0.88143217\n 0.89380408 0.89598524 0.90280089 0.88845863 0.90274725 0.89798927\n 0.89461784 0.88843576 0.89688216 0.88892937 0.8994705  0.89373703\n 0.84786358 0.207093   0.28449328 0.38424533 0.06136368 0.22884149\n 0.3323022  0.23981732 0.28322857 0.24722103 0.25202115 0.24223949\n 0.07670988 0.05210424 0.00230401 0.28332747 0.24925569 0.1981498\n 0.21194429 0.26808756 0.20249741 0.14331054 0.07308271 0.14470505\n 0.16639132 0.22027036 0.04313844 0.10903518 0.12289412 0.12047487\n 0.26174092 0.26039907 0.3164929  0.30500404 0.30418908 0.30207722\n 0.23164986 0.32805473 0.22623366 0.33219868 0.31390717 0.33645557\n 0.36425358 0.24805458 0.34297468 0.12399198 0.0077792  0.09141927\n 0.17493854 0.25275753 0.19444748 0.27183862 0.20997426 0.40859918\n 0.28680637 0.38851527 0.35043    0.30901628 0.43249745 0.39877178\n 0.27947852 0.36106117 0.4077095  0.31274431 0.29554457 0.08097358\n 0.35837132 0.53413826 0.65117963 1.00000003]",
      null
    ]
  },
  "baseline": {
    "mae": [
      "0.4628092",
      1.3208929231364433e-13
    ],
    "mse": [
      "0.36703467",
      6.537195629817371e-26
    ],
    "psnr": [
      52.483732267049845,
      299.96934881025345
    ],
    "ssim": [
      0.1498437764440571,
      1.0000000000000195
    ],
    "ms_ssim": [
      0.5931696203319948,
      0.10897051899209656
    ],
    "frc50": [
      "26",
      NaN
    ],
    "frc": [
      "[1.         0.99843367 0.99595263 0.99252948 0.98942754 0.98176982\n 0.97785056 0.96687477 0.9555919  0.95696439 0.93391524 0.91213689\n 0.90231843 0.90222994 0.86786847 0.83905421 0.84958801 0.80636769\n 0.76795255 0.74546565 0.76250773 0.6575684  0.69945473 0.63455992\n 0.62577249 0.63793132 0.45093493 0.47177029 0.40093616 0.31405036\n 0.33416543 0.07400625 0.10090692 0.05407847 0.14811064 0.25971608\n 0.2046669  0.2045705  0.22547753 0.16895887 0.13146083 0.10692664\n 0.15172573 0.04786008 0.10757952 0.05338916 0.02403445 0.02341662\n 0.00905125 0.06591017 0.00674171 0.08176201 0.14824111 0.0491359\n 0.12518115 0.12407941 0.19058297 0.08675628 0.20358265 0.17943594\n 0.25345753 0.25282342 0.14774137 0.28720261 0.18381671 0.03302579\n 0.00697119 0.14820475 0.12331347 0.17551935 0.12489664 0.14534953\n 0.09918956 0.01554339 0.06469211 0.10444094 0.04605149 0.03796773\n 0.0346699  0.02610681 0.0165357  0.07702102 0.08566497 0.18677074\n 0.10746044 0.10471494 0.10662407 0.1498502  0.11972807 0.06361783\n 0.16355759 0.06566755 0.05871262 0.13391664 0.13842805 0.13538297\n 0.03846724 0.05335758 0.05081943 0.00529979 0.04721085 0.16163854\n 0.03544319 0.03831069 0.15584456 0.10449604 0.27859555 0.23743746\n 0.2874318  0.293672   0.3071479  0.36946218 0.38274446 0.34312084\n 0.38041826 0.3780164  0.25857255 0.14795032 0.06343825 0.28754908\n 0.30904541 0.33324444 0.2870023  0.29959207 0.28580747 0.3245124\n 0.2277423  0.20434112 0.24985809 0.14563867 0.05422371 0.0290101\n 0.05241955 0.07472125 0.02587522 0.06087859 0.14259517 0.23902271\n 0.18528085 0.14596565 0.42311843 0.44832664 0.43976582 0.49334649\n 0.35056527 0.14504807 0.1928228  0.40299602 0.5009879  0.58545577\n 0.63732941 0.65318466 0.6931658  0.66413552 0.71268309 0.60698337\n 0.67614102 0.62008392 0.62510659 0.54927501 0.44574905 0.45323051\n 0.36013613 0.07166129 0.04252679 0.09243179 0.0893606  0.0142926\n 0.00424023 0.01932663 0.0487403  0.08148652 0.05691072 0.02723868\n 0.00463629 0.05607429 0.08032736 0.05574285 0.10445372 0.03631058\n 0.06886837 0.05679758 0.02126209 0.04409083 0.01572359 0.02902483\n 0.0706525  0.09863414 0.06026905 0.05199255 0.00142064 0.06291453\n 0.07468006 0.18990348 0.04211434 0.18819727 0.1384207  0.22132067\n 0.22431583 0.18324428 0.21926602 0.11559296 0.11098894 0.16963128\n 0.14742026 0.12066219 0.12646593 0.14921811 0.12218977 0.06285998\n 0.02785623 0.14338802 0.10543984 0.17841495 0.06902875 0.27143889\n 0.15502063 0.36584363 0.27090118 0.23221579 0.1805664  0.2331998\n 0.18055062 0.15678248 0.05037308 0.10577276 0.00680028 0.04681663\n 0.13269518 0.01727948 0.92541509 0.99999999]",
      null
    ]
  }
}