{
  "amplitude": {
    "max": 2.252145290374756,
    "mean": 0.2435670793056488,
    "min": 0.0,
    "nan_count": 0,
    "std": 0.6015274524688721
  },
  "fits_canvas": true,
  "offsets": {
    "axis_max_abs": [
      376.3193180156394,
      373.3114293734376
    ],
    "max_abs": 376.3193180156394
  },
  "padded_size": 822,
  "phase": {
    "max": 1.1108386516571045,
    "mean": 0.13410300016403198,
    "min": 0.0,
    "nan_count": 0,
    "std": 0.3308371603488922
  },
  "required_canvas": 817
}