{
  "train_loss": [
    0.08167029172182083
  ],
  "val_loss": [
    0.8841739892959595,
    0.09620866924524307
  ]
}