{
  "mae": [
    "0.19927458",
    0.0756787973144254
  ],
  "mse": [
    "0.060820676",
    0.008790652585457205
  ],
  "psnr": [
    60.29029103452686,
    68.69059244181669
  ],
  "ssim": [
    0.5340149129546027,
    0.9107698339836129
  ],
  "ms_ssim": [
    0.8563152356824261,
    0.05748281599569857
  ],
  "frc50": [
    "26",
    NaN
  ],
  "frc": [
    "[1.00000000e+00 9.99582118e-01 9.99402667e-01 9.92376452e-01\n 9.95673478e-01 9.97352393e-01 9.90929399e-01 9.92958968e-01\n 9.91391774e-01 9.89665996e-01 9.89201590e-01 9.85961224e-01\n 9.83018398e-01 9.88919735e-01 9.80659200e-01 9.72519455e-01\n 9.74829702e-01 9.57812732e-01 9.41166593e-01 9.22127631e-01\n 8.76155602e-01 8.26464702e-01 8.25062025e-01 6.52023958e-01\n 6.20515791e-01 6.48617650e-01 4.47247238e-01 4.11362714e-01\n 3.79647766e-01 1.26359099e-01 4.00297630e-01 2.39411671e-01\n 2.44898187e-02 1.57938371e-01 2.66979410e-01 3.72501021e-01\n 2.88577723e-01 3.26887881e-01 3.86491881e-01 3.73208519e-01\n 3.59058491e-01 2.30875002e-01 1.47775427e-01 2.24530669e-01\n 6.22765995e-02 1.03893159e-01 9.28853427e-02 2.00940273e-02\n 8.53521616e-02 5.86601385e-02 7.45479831e-02 6.38253814e-03\n 2.13243331e-04 6.61520308e-02 1.46450130e-01 1.53690217e-01\n 2.28170326e-01 2.21466481e-01 1.95277346e-01 2.28331507e-01\n 3.18437548e-01 2.79669510e-01 3.04576013e-01 3.37055595e-01\n 1.77851090e-01 2.23167023e-02 2.16557257e-01 2.39612420e-01\n 2.84473935e-01 2.16433549e-01 2.06349937e-01 2.13585625e-01\n 1.28382465e-01 1.50464853e-01 2.21595464e-01 1.84965242e-01\n 1.69096281e-01 2.12429015e-01 1.54361164e-01 2.32653332e-01\n 1.03527338e-01 2.01729350e-01 1.78125976e-01 2.26593299e-01\n 2.32406668e-01 2.06291644e-01 2.31249684e-01 1.81210475e-01\n 2.94325457e-01 2.13006342e-01 2.25571597e-01 2.46014540e-01\n 1.65414216e-01 2.69406264e-01 2.48100366e-01 2.93363365e-01\n 3.50367365e-01 2.71005204e-01 6.38471479e-02 3.12685579e-01\n 3.44558628e-01 2.96391677e-01 2.04689579e-01 1.19062898e-01\n 3.29479453e-01 2.99353983e-01 3.32740635e-01 4.01078094e-01\n 3.49215732e-01 3.97255136e-01 3.46426107e-01 3.51380502e-01\n 4.11225165e-01 4.53698197e-01 4.64967666e-01 4.15469734e-01\n 4.46090175e-01 4.08329998e-01 2.77725193e-01 4.84101161e-01\n 5.17649275e-01 4.80603982e-01 5.21302914e-01 5.57767187e-01\n 5.99032564e-01 5.14806483e-01 5.52788938e-01 4.87934115e-01\n 5.28215158e-01 5.04244168e-01 3.30612222e-01 2.27824319e-01\n 3.98475955e-01 4.20367233e-01 2.28006959e-01 2.74495206e-01\n 5.58016999e-01 5.09535280e-01 5.09573425e-01 5.41394833e-01\n 6.02518851e-01 5.81406619e-01 5.80129968e-01 5.70522011e-01\n 5.63703935e-01 4.00574801e-01 4.67538661e-01 5.82084338e-01\n 5.89962760e-01 6.13587896e-01 5.76707482e-01 5.91182111e-01\n 6.22981239e-01 7.00291247e-01 6.75369042e-01 6.17047444e-01\n 6.75130321e-01 7.13269968e-01 5.65248721e-01 6.49955694e-01\n 5.41220608e-01 5.57744413e-01 5.69906406e-01 3.28128279e-01\n 6.90168573e-03 4.20706714e-02 1.48604892e-02 1.59273183e-01\n 1.28737736e-01 1.49834173e-01 1.34512746e-01 8.17003275e-02\n 1.00133799e-01 7.94074517e-02 6.34589074e-02 4.46475516e-02\n 9.51295225e-02 1.55934517e-01 1.70895134e-01 4.32795558e-02\n 1.49247194e-01 7.31147809e-02 1.45359516e-01 1.77024472e-01\n 3.46065335e-02 1.91943288e-04 1.81097931e-01 1.24391460e-01\n 8.43873548e-02 2.02081024e-01 2.93294272e-02 7.61519380e-02\n 2.01763295e-01 1.64445308e-01 2.03853733e-01 1.82019472e-01\n 2.21866749e-01 1.36458406e-01 1.98258284e-01 1.69874760e-01\n 1.51722325e-01 2.04284435e-01 2.25622175e-01 1.24294802e-01\n 1.24386406e-01 2.21154332e-01 7.00663161e-02 2.33900104e-01\n 1.52847294e-01 1.01843277e-01 1.78717535e-03 1.71646384e-01\n 1.61743059e-01 1.84891955e-01 1.75813382e-01 2.21532152e-01\n 2.82278844e-01 1.76612989e-01 3.13511587e-01 1.53737775e-01\n 5.12759957e-02 1.57365897e-01 2.55095599e-01 1.18799032e-01\n 5.43242552e-02 3.65611143e-01 6.22208585e-02 9.64419219e-02\n 7.92799462e-02 2.12880485e-01 9.32896184e-01 9.99999992e-01]",
    null
  ]
}