{
  "mae": [
    "0.12202385",
    0.03791670348138104
  ],
  "mse": [
    "0.023111522",
    0.002505952101171446
  ],
  "psnr": [
    64.49251800725386,
    74.14107595327314
  ],
  "ssim": [
    0.7835642337244826,
    0.9714261064007212
  ],
  "ms_ssim": [
    0.9577376990335448,
    0.20998567518414565
  ],
  "frc50": [
    "33",
    NaN
  ],
  "frc": [
    "[1.         0.99995893 0.99991117 0.99949958 0.99949468 0.99954611\n 0.99909458 0.99815598 0.99796364 0.99764325 0.9961068  0.995891\n 0.99332219 0.99620414 0.99279379 0.98992688 0.98943086 0.9859903\n 0.98649601 0.98043901 0.96612413 0.96488967 0.9709035  0.94266258\n 0.92603205 0.93839883 0.90808897 0.89689504 0.89609828 0.82955707\n 0.87154153 0.78360201 0.63527609 0.46163434 0.67796083 0.66114916\n 0.74580972 0.70910322 0.70972139 0.6331017  0.59244715 0.59173897\n 0.4867393  0.58549237 0.5230385  0.5173206  0.53901151 0.38195385\n 0.65377267 0.68740053 0.66528519 0.69619174 0.71631524 0.7955605\n 0.82541328 0.79638397 0.8174766  0.8287692  0.80923761 0.84308986\n 0.82614336 0.80430919 0.81799523 0.81695104 0.74703998 0.34535626\n 0.6780843  0.67525287 0.69204017 0.67643635 0.59395672 0.60909956\n 0.38525514 0.26393361 0.4746353  0.45723708 0.40311358 0.38142173\n 0.34073241 0.39397342 0.22902286 0.29247627 0.33281257 0.2700387\n 0.29212887 0.25985525 0.32537953 0.27763528 0.31577024 0.30984593\n 0.27795512 0.32081882 0.15808898 0.26671227 0.3296147  0.37708365\n 0.39155051 0.37536776 0.12946855 0.42009069 0.38003633 0.35043005\n 0.35307357 0.17058136 0.42005201 0.402262   0.39641166 0.50689855\n 0.44213151 0.51426466 0.50279803 0.50270077 0.57520058 0.5476707\n 0.57101297 0.6002081  0.5697438  0.53189485 0.2852385  0.58590898\n 0.61894232 0.63912638 0.64689057 0.69556187 0.68909756 0.69226364\n 0.65663292 0.67658412 0.67446284 0.64995869 0.42707704 0.31325381\n 0.58816723 0.63826519 0.35059511 0.49355142 0.68492298 0.71449015\n 0.71168975 0.65540144 0.75643588 0.75732845 0.76889581 0.76636322\n 0.74701522 0.54874227 0.62127717 0.77194054 0.79154453 0.78286615\n 0.80523374 0.80197464 0.80211333 0.83518134 0.81511464 0.83359566\n 0.84324881 0.82843882 0.8276362  0.79779    0.79859866 0.74676506\n 0.66018845 0.41348114 0.16601298 0.13777    0.00260481 0.09851797\n 0.17475771 0.23036821 0.24451425 0.12502521 0.13209781 0.11476017\n 0.10326866 0.13764413 0.14519143 0.13240637 0.1688595  0.17782753\n 0.22140648 0.23100004 0.20931363 0.10144149 0.06759816 0.15950522\n 0.21604425 0.14557345 0.17203699 0.20428038 0.07284717 0.12063375\n 0.23526289 0.2220595  0.23987938 0.19985951 0.29525679 0.18769285\n 0.22641926 0.24641941 0.33876195 0.28859924 0.27338771 0.28829687\n 0.18807599 0.29829681 0.28966053 0.19035033 0.06478943 0.20313474\n 0.20795168 0.16758186 0.23913883 0.16834661 0.36722336 0.20423747\n 0.15575168 0.20034112 0.41161158 0.27665232 0.34518694 0.22997823\n 0.2499883  0.248772   0.20306163 0.07399726 0.31892714 0.00887166\n 0.23136604 0.12406073 0.97330362 0.99999998]",
    null
  ]
}