{
  "amplitude": {
    "bias_summary": {
      "mean": -2.470678833640277,
      "median": -2.536252737045288,
      "p05": -3.6955116152763368,
      "p95": -0.9488379359245284
    },
    "color_range": [
      -4.85612678527832,
      4.85612678527832
    ],
    "count": 153664,
    "mae": 2.4708099622063737,
    "max_abs": 4.7676825523376465,
    "pearson_r": 0.1353168342464197,
    "pred_stats": {
      "max": 2.2530412673950195,
      "mean": 0.237568661570549,
      "min": 0.0,
      "nan_count": 0,
      "std": 0.5870303511619568
    },
    "rmse": 2.5996033985905695,
    "truth_stats": {
      "max": 4.85612678527832,
      "mean": 2.708247423171997,
      "min": 0.6128976941108704,
      "nan_count": 0,
      "std": 0.6410303115844727
    }
  },
  "phase": {
    "bias_summary": {
      "mean": 0.13157421775877487,
      "median": 0.0,
      "p05": 0.0,
      "p95": 0.9498912394046783
    },
    "color_range": [
      -3.141592653589793,
      3.141592653589793
    ],
    "count": 153664,
    "mae": 0.13157421776226588,
    "max_abs": 1.111035704612732,
    "pearson_r": null,
    "pred_stats": {
      "max": 1.111035704612732,
      "mean": 0.13157421350479126,
      "min": 0.0,
      "nan_count": 0,
      "std": 0.32472386956214905
    },
    "rmse": 0.35036747372378363,
    "truth_stats": {
      "max": 0.0,
      "mean": 0.0,
      "min": 0.0,
      "nan_count": 0,
      "std": 0.0
    }
  }
}