{
  "amplitude": {
    "bias_summary": {
      "mean": -2.6731222054138,
      "median": -2.6665332317352295,
      "p05": -3.741888236999512,
      "p95": -1.6187850475311278
    },
    "color_range": [
      -4.85612678527832,
      4.85612678527832
    ],
    "count": 131927,
    "mae": 2.6731222054138,
    "max_abs": 4.7676825523376465,
    "pearson_r": null,
    "pred_stats": {
      "max": 0.0,
      "mean": 0.0,
      "min": 0.0,
      "nan_count": 21737,
      "std": 0.0
    },
    "rmse": 2.7493273817519617,
    "truth_stats": {
      "max": 4.85612678527832,
      "mean": 2.708247423171997,
      "min": 0.6128976941108704,
      "nan_count": 0,
      "std": 0.6410303115844727
    }
  },
  "phase": {
    "bias_summary": {
      "mean": 0.0,
      "median": 0.0,
      "p05": 0.0,
      "p95": 0.0
    },
    "color_range": [
      -3.141592653589793,
      3.141592653589793
    ],
    "count": 131927,
    "mae": 0.0,
    "max_abs": 0.0,
    "pearson_r": null,
    "pred_stats": {
      "max": 0.0,
      "mean": 0.0,
      "min": 0.0,
      "nan_count": 21737,
      "std": 0.0
    },
    "rmse": 0.0,
    "truth_stats": {
      "max": 0.0,
      "mean": 0.0,
      "min": 0.0,
      "nan_count": 0,
      "std": 0.0
    }
  }
}