{
  "train_loss": [
    0.11067260056734085,
    0.05278293043375015,
    0.045733895152807236,
    0.0400494709610939,
    0.03628624603152275,
    0.030532825738191605,
    0.03011457249522209,
    0.02925671823322773,
    0.027328943833708763,
    0.03070688806474209,
    0.025406578555703163,
    0.02444964088499546,
    0.022572815418243408,
    0.023307960480451584,
    0.022497976198792458,
    0.020754773169755936,
    0.02123178355395794,
    5.336459159851074,
    0.12152224779129028,
    0.1087963655591011
  ],
  "val_loss": [
    0.5824035406112671,
    0.15328653156757355,
    0.13883331418037415,
    0.16150562465190887,
    0.05151555687189102,
    0.0989714115858078,
    0.06054789945483208,
    0.07133674621582031,
    0.07658901810646057,
    0.06400790810585022,
    0.07476221024990082,
    0.05532904341816902,
    0.042027849704027176,
    0.052841391414403915,
    0.05469257012009621,
    0.026725871488451958,
    0.03747302293777466,
    0.03522944822907448,
    0.1438506692647934,
    0.16469283401966095,
    0.15572364628314972
  ]
}