{
  "amplitude": {
    "bias_summary": {
      "mean": -2.3067728053725656,
      "median": -2.5305827856063843,
      "p05": -3.6955116152763368,
      "p95": 0.18346347808837912
    },
    "color_range": [
      -4.85612678527832,
      4.85612678527832
    ],
    "count": 153664,
    "mae": 2.377739948788809,
    "max_abs": 4.7676825523376465,
    "pearson_r": 0.13989967128549505,
    "pred_stats": {
      "max": 4.482388496398926,
      "mean": 0.40147465467453003,
      "min": 0.0,
      "nan_count": 0,
      "std": 1.0082305669784546
    },
    "rmse": 2.5627745673284186,
    "truth_stats": {
      "max": 4.85612678527832,
      "mean": 2.708247423171997,
      "min": 0.6128976941108704,
      "nan_count": 0,
      "std": 0.6410303115844727
    }
  },
  "phase": {
    "bias_summary": {
      "mean": 0.12471396490304681,
      "median": 0.0,
      "p05": 0.0,
      "p95": 0.9366442412137989
    },
    "color_range": [
      -3.141592653589793,
      3.141592653589793
    ],
    "count": 153664,
    "mae": 0.1247139648921859,
    "max_abs": 1.1580746173858643,
    "pearson_r": null,
    "pred_stats": {
      "max": 1.1580746173858643,
      "mean": 0.1247139647603035,
      "min": 0.0,
      "nan_count": 0,
      "std": 0.31062477827072144
    },
    "rmse": 0.33472574581505776,
    "truth_stats": {
      "max": 0.0,
      "mean": 0.0,
      "min": 0.0,
      "nan_count": 0,
      "std": 0.0
    }
  }
}