{
  "input": {
    "shape": [
      10,
      128,
      128,
      1
    ],
    "mean": 0.10995868593454361,
    "max": 4.601459503173828,
    "nonzero_count": 8225,
    "size": 163840
  },
  "offsets": {
    "shape": [
      10,
      1,
      2,
      1
    ],
    "mean": 4.003287887573248,
    "std": 73.39447470467293,
    "min": -109.45381126403808,
    "max": 155.1016773223877
  },
  "output": {
    "shape": [
      10,
      128,
      128,
      1
    ],
    "mean": 0.28404292464256287,
    "max": 1.4898889064788818,
    "nonzero_count": 57544,
    "size": 163840
  },
  "inference_time_seconds": 2.8603882789611816
}