{
  "epochs": [
    0.0,
    1.0,
    2.0,
    3.0,
    4.0
  ],
  "metrics": {
    "intensity_scaler_inv_loss": [
      16.812114715576172,
      9.660526275634766,
      9.201640129089355,
      8.992568016052246,
      8.493196487426758
    ],
    "learning_rate": [
      0.0010000000474974513,
      0.0010000000474974513,
      0.0010000000474974513,
      0.0010000000474974513,
      0.0010000000474974513
    ],
    "loss": [
      -883211.0625,
      -896059.0625,
      -896307.25,
      -896387.5,
      -896848.8125
    ],
    "pred_intensity_loss": [
      -892686.0,
      -907698.8125,
      -902750.25,
      -894480.1875,
      -893161.75
    ],
    "train_loss": [
      -883211.0625,
      -896059.0625,
      -896307.25,
      -896387.5,
      -896848.8125
    ],
    "trimmed_obj_loss": [
      0.0,
      0.0,
      0.0,
      0.0,
      0.0
    ],
    "val_intensity_scaler_inv_loss": [
      11.156054496765137,
      10.423799514770508,
      9.291912078857422,
      8.76675796508789,
      10.50726318359375
    ],
    "val_loss": [
      -1011260.875,
      -1013421.0625,
      -1013380.4375,
      -1014899.3125,
      -1010949.0
    ],
    "val_pred_intensity_loss": [
      -985797.25,
      -987456.5,
      -987676.25,
      -988960.75,
      -985351.375
    ],
    "val_trimmed_obj_loss": [
      0.0,
      0.0,
      0.0,
      0.0,
      0.0
    ]
  }
}