{
  "patch_amplitude": {
    "mean": 51466.1953125,
    "std": 94699.140625,
    "min": 0.0,
    "max": 458015.5,
    "var_zero_mean": 8965544960.0
  },
  "canvas_amplitude": {
    "mean": 3303.3056640625,
    "std": 26090.857421875,
    "min": 0.0,
    "max": 337929.59375
  }
}