{
  "train_loss": [
    0.13119319081306458,
    0.05824252963066101,
    0.04712270572781563,
    0.041976448148489,
    0.03855309262871742,
    0.031233038753271103,
    0.031598906964063644,
    0.028899986296892166,
    0.03155411407351494,
    0.026975814253091812,
    0.025099989026784897,
    0.024576812982559204,
    138.35618591308594,
    0.2224072515964508,
    0.22282028198242188,
    0.2234569936990738,
    0.222914457321167,
    0.22415298223495483,
    0.2229352593421936,
    0.2230822890996933
  ],
  "val_loss": [
    2.474975109100342,
    0.10011879354715347,
    0.15571565926074982,
    0.04330332949757576,
    0.11487433314323425,
    0.0671921893954277,
    0.055618736892938614,
    0.04573216289281845,
    0.07053526490926743,
    0.04898802191019058,
    0.028406070545315742,
    0.029184048995375633,
    0.04278574511408806,
    0.19676943123340607,
    0.202339768409729,
    0.19545601308345795,
    0.21139580011367798,
    0.19671271741390228,
    0.20930729806423187,
    0.1961599737405777,
    0.19611723721027374
  ]
}