{
  "amplitude": {
    "bias_summary": {
      "mean": -2.29546247887154,
      "median": -2.5305827856063843,
      "p05": -3.6955116152763368,
      "p95": 0.2690395236015323
    },
    "color_range": [
      -4.85612678527832,
      4.85612678527832
    ],
    "count": 153664,
    "mae": 2.3632383243479875,
    "max_abs": 4.7676825523376465,
    "pearson_r": 0.13511751671649766,
    "pred_stats": {
      "max": 3.391984462738037,
      "mean": 0.41278499364852905,
      "min": 0.0,
      "nan_count": 0,
      "std": 1.0176829099655151
    },
    "rmse": 2.557235689980852,
    "truth_stats": {
      "max": 4.85612678527832,
      "mean": 2.708247423171997,
      "min": 0.6128976941108704,
      "nan_count": 0,
      "std": 0.6410303115844727
    }
  },
  "phase": {
    "bias_summary": {
      "mean": 0.11413716153124939,
      "median": 0.0,
      "p05": 0.0,
      "p95": 0.8190307825803756
    },
    "color_range": [
      -3.141592653589793,
      3.141592653589793
    ],
    "count": 153664,
    "mae": 0.11413716143039813,
    "max_abs": 0.9342188239097595,
    "pearson_r": null,
    "pred_stats": {
      "max": 0.9342188239097595,
      "mean": 0.11413716524839401,
      "min": 0.0,
      "nan_count": 0,
      "std": 0.28146737813949585
    },
    "rmse": 0.3037287886650166,
    "truth_stats": {
      "max": 0.0,
      "mean": 0.0,
      "min": 0.0,
      "nan_count": 0,
      "std": 0.0
    }
  }
}