{
  "train_loss": [
    0.17065168917179108,
    0.10735654085874557,
    0.08171842247247696,
    0.07409689575433731,
    0.06481562554836273,
    0.050528351217508316,
    0.0419258214533329,
    0.05703634023666382,
    0.04137122631072998,
    0.047923743724823
  ],
  "val_loss": [
    2.7761337757110596,
    0.21627196669578552,
    0.10918612033128738,
    0.07199432700872421,
    0.046142030507326126,
    0.04489891976118088,
    0.04868925362825394,
    0.07541133463382721,
    0.049024906009435654,
    0.061104632914066315,
    0.03434159606695175
  ]
}