{
  "train_loss": [
    0.26370149850845337,
    0.10795511305332184,
    0.07933863252401352,
    0.07264039665460587,
    0.07667505741119385,
    0.061135437339544296,
    0.056320153176784515,
    0.05302617698907852,
    0.05423831194639206,
    0.04508399963378906
  ],
  "val_loss": [
    2.547466278076172,
    0.17665518820285797,
    0.19125141203403473,
    0.0652761459350586,
    0.12092924863100052,
    0.09427203983068466,
    0.1063191145658493,
    0.05762505903840065,
    0.09902804344892502,
    0.04801573231816292,
    0.04157553240656853
  ]
}