{
  "amplitude": {
    "max": 2.304405689239502,
    "mean": 0.2414732575416565,
    "min": 0.0,
    "nan_count": 0,
    "std": 0.5818503499031067
  },
  "fits_canvas": true,
  "offsets": {
    "axis_max_abs": [
      377.02992320243726,
      381.8949744624406
    ],
    "max_abs": 381.8949744624406
  },
  "padded_size": 828,
  "phase": {
    "max": 0.0,
    "mean": -0.1317727416753769,
    "min": -1.1224035024642944,
    "nan_count": 0,
    "std": 0.317035049200058
  },
  "required_canvas": 828
}