{
  "amplitude": {
    "max": 2.1254608631134033,
    "mean": 0.23018276691436768,
    "min": 0.0,
    "nan_count": 0,
    "std": 0.5522085428237915
  },
  "fits_canvas": true,
  "offsets": {
    "axis_max_abs": [
      377.02992320243726,
      381.8949744624406
    ],
    "max_abs": 381.8949744624406
  },
  "padded_size": 828,
  "phase": {
    "max": 0.0,
    "mean": -0.12680627405643463,
    "min": -1.0814871788024902,
    "nan_count": 0,
    "std": 0.30439165234565735
  },
  "required_canvas": 828
}