{
  "train_loss": [
    0.16198112070560455,
    0.0991344004869461,
    0.08173412829637527,
    0.06651017814874649,
    0.06321514397859573,
    0.0514339916408062,
    0.05648690462112427,
    0.04549712315201759,
    0.04500909894704819,
    0.03768499568104744,
    0.035376593470573425,
    0.03456328064203262,
    0.028918664902448654,
    0.031664520502090454,
    0.02903745137155056,
    0.029047766700387,
    0.026898877695202827,
    0.023385949432849884,
    0.029323700815439224,
    0.022352857515215874,
    0.019260207191109657,
    0.028831053525209427,
    0.02081173285841942,
    0.024397119879722595,
    0.020881183445453644,
    0.025883540511131287,
    0.016048187389969826,
    0.020159941166639328,
    0.026257291436195374,
    0.021563488990068436,
    0.017899490892887115,
    0.021249882876873016,
    0.023305775597691536,
    0.01612723246216774,
    0.022581279277801514,
    0.019217606633901596,
    0.01706157624721527,
    0.02680322900414467,
    0.016632532700896263,
    0.018507173284888268,
    0.019228201359510422,
    0.01785687543451786,
    0.02003644034266472,
    0.018144706264138222,
    0.017769847065210342,
    0.014486257918179035,
    0.020073626190423965,
    0.014466961845755577,
    0.014905393123626709,
    0.0212651826441288
  ],
  "val_loss": [
    4.491677761077881,
    0.07133795320987701,
    0.1133943572640419,
    0.06588806957006454,
    0.047187257558107376,
    0.051151078194379807,
    0.05265675485134125,
    0.04531097039580345,
    0.040900819003582,
    0.04821592569351196,
    0.051140859723091125,
    0.04413288086652756,
    0.031559281051158905,
    0.023176345974206924,
    0.05453650653362274,
    0.022401032969355583,
    0.02740877866744995,
    0.025369418784976006,
    0.019128872081637383,
    0.0503234826028347,
    0.018296685069799423,
    0.02964167296886444,
    0.02063126675784588,
    0.016976527869701385,
    0.024289755150675774,
    0.04018264263868332,
    0.01747163012623787,
    0.02485661208629608,
    0.016894111409783363,
    0.039170604199171066,
    0.016037842258810997,
    0.021270563825964928,
    0.02763940952718258,
    0.03795425966382027,
    0.038591574877500534,
    0.018104279413819313,
    0.0185506921261549,
    0.034624628722667694,
    0.015033962205052376,
    0.016465727239847183,
    0.01838173158466816,
    0.019666602835059166,
    0.04017341136932373,
    0.019987942650914192,
    0.01568373665213585,
    0.02863982506096363,
    0.02473432384431362,
    0.013775872997939587,
    0.01572205312550068,
    0.02940475568175316,
    0.01451650820672512
  ]
}