{
  "mae": [
    "0.063426316",
    0.011215646628447522
  ],
  "mse": [
    "0.0062563075",
    0.0002027672517307038
  ],
  "psnr": [
    70.16762270018846,
    85.06082546370108
  ],
  "ssim": [
    0.9247510647634044,
    0.9974155948168695
  ],
  "ms_ssim": [
    0.9877205922021791,
    0.11884641224236486
  ],
  "frc50": [
    "164",
    NaN
  ],
  "frc": [
    "[1.         0.99999196 0.99998461 0.99997893 0.99997086 0.99995329\n 0.99991359 0.99984988 0.99991845 0.99977434 0.99973766 0.99974132\n 0.99943788 0.99959213 0.99925652 0.99869149 0.99889431 0.99852386\n 0.99822888 0.99697709 0.99718014 0.9959881  0.99579855 0.99299874\n 0.9933303  0.99177095 0.98813149 0.98790206 0.98604813 0.97636637\n 0.979662   0.97388924 0.95884656 0.9507622  0.9556706  0.94920327\n 0.94903422 0.95066734 0.94462328 0.91213997 0.91220252 0.90938543\n 0.88133743 0.90932907 0.9075763  0.89280188 0.90088361 0.91029169\n 0.89290627 0.91284284 0.91014939 0.90608251 0.91144466 0.92169253\n 0.92320277 0.90373442 0.92750738 0.91641471 0.90748153 0.92133113\n 0.9166289  0.9142838  0.91307802 0.92337173 0.91039042 0.84876355\n 0.89774281 0.90164512 0.8993405  0.89308071 0.87749987 0.86242088\n 0.83509135 0.79242144 0.86441329 0.85155548 0.84684648 0.83799255\n 0.82184895 0.8200016  0.81152994 0.80769054 0.82381414 0.80888352\n 0.79824025 0.82662271 0.8182067  0.78681211 0.81086451 0.78532981\n 0.814627   0.76994347 0.7443308  0.70455899 0.71160569 0.69731929\n 0.69962632 0.66720318 0.5356546  0.68094141 0.65628246 0.60164639\n 0.61399466 0.52486324 0.68189972 0.65312964 0.61771387 0.68420037\n 0.66483791 0.68622271 0.6556208  0.60232972 0.71739289 0.68574429\n 0.71728389 0.68773049 0.70710197 0.69412848 0.65518576 0.69657295\n 0.74785008 0.73826971 0.72498723 0.74601661 0.75046187 0.76577998\n 0.74450453 0.77014811 0.76962069 0.79665693 0.70322724 0.7441456\n 0.78824153 0.79542464 0.7376917  0.80200993 0.83162453 0.84101517\n 0.84517459 0.83850382 0.86610944 0.85369006 0.85465561 0.86576587\n 0.85161159 0.84213495 0.84489218 0.87982335 0.87101559 0.87278102\n 0.88453162 0.88378773 0.90360599 0.90147979 0.89754836 0.89434851\n 0.90978299 0.8973499  0.90146887 0.88436834 0.89110561 0.87046771\n 0.88023817 0.74639506 0.44451666 0.33590411 0.16388011 0.27671073\n 0.30260152 0.33295792 0.30149394 0.29541741 0.24941578 0.2945746\n 0.24906244 0.19570388 0.25755053 0.27764718 0.23570898 0.32273293\n 0.32503055 0.32534473 0.34374216 0.30640854 0.28407437 0.30271415\n 0.32544115 0.21104133 0.40583384 0.38661257 0.20174502 0.28606845\n 0.38976287 0.23950288 0.3977263  0.38261066 0.31277052 0.36135404\n 0.41329604 0.37071883 0.48285453 0.4064357  0.39912644 0.51251549\n 0.42209058 0.4228313  0.44483198 0.41146962 0.3219611  0.3745382\n 0.48999806 0.39240837 0.43328084 0.3629511  0.36308767 0.44926688\n 0.40442058 0.36964749 0.42459066 0.34114866 0.52030985 0.37543427\n 0.49820926 0.40604618 0.42549744 0.16309992 0.40767309 0.151894\n 0.2369341  0.1251166  0.88331038 1.00000001]",
    null
  ]
}