{
  "epochs": [
    0.0,
    1.0,
    2.0,
    3.0,
    4.0
  ],
  "metrics": {
    "intensity_scaler_inv_loss": [
      29.01706886291504,
      15.38111686706543,
      15.98906135559082,
      14.776761054992676,
      13.955275535583496
    ],
    "learning_rate": [
      0.0010000000474974513,
      0.0010000000474974513,
      0.0010000000474974513,
      0.0010000000474974513,
      0.0010000000474974513
    ],
    "loss": [
      -3896316.5,
      -3943823.25,
      -3942021.5,
      -3944461.5,
      -3945807.75
    ],
    "pred_intensity_loss": [
      -3887000.0,
      -3972521.25,
      -3930373.5,
      -3931006.5,
      -3924783.25
    ],
    "train_loss": [
      -3896316.5,
      -3943823.25,
      -3942021.5,
      -3944461.5,
      -3945807.75
    ],
    "trimmed_obj_loss": [
      0.0,
      0.0,
      0.0,
      0.0,
      0.0
    ],
    "val_intensity_scaler_inv_loss": [
      15.59911823272705,
      17.512237548828125,
      13.382482528686523,
      13.72705078125,
      15.732721328735352
    ],
    "val_loss": [
      -4113274.5,
      -4114280.5,
      -4118810.75,
      -4116129.25,
      -4117745.75
    ],
    "val_pred_intensity_loss": [
      -4043596.0,
      -4043805.75,
      -4048732.5,
      -4046293.0,
      -4047473.75
    ],
    "val_trimmed_obj_loss": [
      0.0,
      0.0,
      0.0,
      0.0,
      0.0
    ]
  }
}