{
  "epochs": [
    0.0,
    1.0,
    2.0,
    3.0,
    4.0
  ],
  "metrics": {
    "intensity_scaler_inv_loss": [
      30.335765838623047,
      17.115713119506836,
      14.727992057800293,
      13.610098838806152,
      13.716073036193848
    ],
    "learning_rate": [
      0.0010000000474974513,
      0.0010000000474974513,
      0.0010000000474974513,
      0.0010000000474974513,
      0.0010000000474974513
    ],
    "loss": [
      -3891102.75,
      -3939949.75,
      -3946457.75,
      -3948159.0,
      -3947717.75
    ],
    "pred_intensity_loss": [
      -3890669.25,
      -3934063.0,
      -3946742.25,
      -3969830.5,
      -3957024.5
    ],
    "train_loss": [
      -3891102.75,
      -3939949.75,
      -3946457.75,
      -3948159.0,
      -3947717.75
    ],
    "trimmed_obj_loss": [
      0.0,
      0.0,
      0.0,
      0.0,
      0.0
    ],
    "val_intensity_scaler_inv_loss": [
      22.340957641601562,
      14.661216735839844,
      13.611534118652344,
      13.77607536315918,
      12.550063133239746
    ],
    "val_loss": [
      -4106027.75,
      -4118500.25,
      -4120493.0,
      -4120471.75,
      -4120740.5
    ],
    "val_pred_intensity_loss": [
      -4035445.75,
      -4048317.5,
      -4050333.0,
      -4050235.5,
      -4050611.5
    ],
    "val_trimmed_obj_loss": [
      0.0,
      0.0,
      0.0,
      0.0,
      0.0
    ]
  }
}