{
  "mae": [
    "0.51305795",
    2.8072483719763702e-15
  ],
  "mse": [
    "0.41116735",
    1.1855903711917268e-29
  ],
  "psnr": [
    51.99061718520642,
    336.8486488609387
  ],
  "ssim": [
    0.27711379964883237,
    0.999999999999755
  ],
  "ms_ssim": [
    0.10228917996064421,
    2.051500674338617e-06
  ],
  "frc50": [
    "2",
    NaN
  ],
  "frc": [
    "[1.00000004 0.71072842 0.05379172 0.26787683 0.06296499 0.22363494\n 0.20274229 0.0104156  0.01163507 0.02530785 0.08703619 0.09875816\n 0.06765501 0.16986366 0.14709822 0.2295675  0.08185884 0.11203447\n 0.06907824 0.06623001 0.03332355 0.05277284 0.07633281 0.1520322\n 0.06832309 0.09997073 0.07151921 0.03419164 0.19041101 0.02609452\n 0.06299283 0.09585832 0.13185001 0.06930585 0.06526453 0.02574425\n 0.04767659 0.06997141 0.05844588 0.01180731 0.0314802  0.14929396\n 0.02567296 0.0722302  0.03870703 0.02051254 0.03765788 0.1078844\n 0.07310863 0.01416822 0.03835599 0.07023252 0.0093856  0.10328723\n 0.04823181 0.05935516 0.06967237 0.05872467 0.02964353 0.02137578\n 0.07674723 0.08178446 0.07588033 0.05774784 0.1208094  0.0346569\n 0.10289996 0.083236   0.1230894  0.06043919 0.00125474 0.04645718\n 0.1442577  0.06598934 0.0708473  0.10694142 0.0587198  0.03255828\n 0.06504107 0.0725384  0.00743789 0.03496127 0.04025213 0.09794105\n 0.07378969 0.08336697 0.08434777 0.10154518 0.06991099 0.11525608\n 0.01793515 0.01881185 0.08988262 0.10306783 0.05732744 0.1510585\n 0.0604553  0.09738787 0.03926306 0.00378074 0.03042863 0.06927088\n 0.02313183 0.06188004 0.06999646 0.03571978 0.12916842 0.0634214\n 0.15276772 0.07784994 0.04452662 0.03204338 0.0549111  0.15782425\n 0.10741979 0.15144465 0.06496978 0.16902325 0.11955426 0.16039339\n 0.10412662 0.09515493 0.08017999 0.17294802 0.19639324 0.18017072\n 0.18778707 0.17151553 0.08105475 0.13696009 0.19646931 0.11309536\n 0.0200991  0.131003   0.10255792 0.18241449 0.08607779 0.19845699\n 0.21751554 0.15398317 0.16263254 0.20782052 0.17857871 0.13654286\n 0.12152468 0.22250891 0.14472609 0.1440756  0.23040296 0.24333658\n 0.14802888 0.01959683 0.15663612 0.1933688  0.16897864 0.2429903\n 0.19346142 0.24004413 0.19423438 0.19740439 0.22140617 0.21172836\n 0.1827229  0.17475996        inf        inf        inf        inf\n        inf        inf        inf        inf        inf        inf\n        inf        inf        inf        inf        inf        inf\n        inf        inf        inf        inf        inf        inf\n        inf        inf        inf        inf        inf        inf\n        inf        inf        inf        inf        inf        inf\n        inf        inf        inf        inf        inf        inf\n        inf        inf        inf        inf        inf        inf\n        inf        inf        inf        inf        inf        inf\n        inf        inf        inf        inf        inf        inf\n        inf        inf        inf        inf        inf        inf\n        inf        inf        inf        inf]",
    null
  ]
}