{
  "train_loss": [
    0.11009174585342407,
    0.06815113127231598,
    0.05443146452307701,
    0.04736712574958801,
    0.043035171926021576,
    0.039972830563783646,
    0.037271205335855484,
    0.03645174577832222,
    0.03455403074622154,
    0.034819260239601135,
    0.03249505162239075,
    0.03175436705350876,
    0.029522689059376717,
    0.02942819707095623,
    0.027890002354979515,
    0.02807381935417652,
    0.027853652834892273,
    0.026358019560575485,
    0.02660398930311203,
    0.02727632224559784
  ],
  "val_loss": [
    1.0774784088134766,
    0.11251641064882278,
    0.1094759851694107,
    0.0930747464299202,
    0.07963786274194717,
    0.04875309392809868,
    0.06865599751472473,
    0.0665922611951828,
    0.056355543434619904,
    0.10572830587625504,
    0.04984487220644951,
    0.04367079585790634,
    0.05569765344262123,
    0.04663962125778198,
    0.04297715052962303,
    0.05000738799571991,
    0.04968056455254555,
    0.04869918152689934,
    0.03548019751906395,
    0.04758976772427559,
    0.043155424296855927
  ]
}