{
  "mae": [
    "0.079623014",
    0.14783738229447166
  ],
  "mse": [
    "0.009863707",
    0.03515553653688963
  ],
  "psnr": [
    68.19040176210402,
    62.670866303567934
  ],
  "ssim": [
    0.8885803056840086,
    0.95168640047626
  ],
  "ms_ssim": [
    0.9835897428832677,
    0.6874841681302749
  ],
  "frc50": [
    "98",
    "72"
  ],
  "frc": [
    "[1.         0.99999475 0.99996716 0.99986043 0.99988466 0.99987895\n 0.99976613 0.99977201 0.99974997 0.99926494 0.9992918  0.99907754\n 0.99853391 0.99863695 0.99793869 0.99780651 0.99697239 0.99573751\n 0.99415463 0.99273614 0.99101605 0.9931915  0.99059972 0.990323\n 0.99183138 0.98805468 0.98028815 0.97944798 0.97906619 0.96745217\n 0.97606569 0.96801256 0.88449277 0.84625133 0.95972316 0.94564324\n 0.95523458 0.92909851 0.93750773 0.90647778 0.89062328 0.87636289\n 0.81367828 0.80205063 0.79371964 0.73208255 0.59864047 0.6303906\n 0.72577341 0.75081899 0.66295168 0.70809208 0.72384086 0.78568404\n 0.77762947 0.74574763 0.82363827 0.84750109 0.83214517 0.87856572\n 0.82291087 0.85864752 0.82822307 0.83981298 0.80805674 0.66056353\n 0.81762004 0.83427336 0.80313061 0.81359595 0.75339707 0.77607971\n 0.68932401 0.60886911 0.75312614 0.73937661 0.74204011 0.67684416\n 0.70686385 0.68768909 0.67270087 0.65622962 0.70896566 0.61546853\n 0.60347965 0.63734196 0.64440925 0.54159348 0.63971163 0.61478582\n 0.62563102 0.59947718 0.57151863 0.58941136 0.61245029 0.59631821\n 0.56927215 0.61893164 0.41317581 0.60815376 0.61728398 0.53272351\n 0.52588009 0.26786786 0.5661945  0.5837839  0.57233693 0.61139326\n 0.57363451 0.60642727 0.56245909 0.59257226 0.63846671 0.603279\n 0.64158965 0.64414829 0.66968958 0.62950983 0.62645867 0.61282983\n 0.66402569 0.68174032 0.62880141 0.66682666 0.63217764 0.64175588\n 0.69238784 0.67704115 0.71594568 0.6447912  0.5540967  0.58491688\n 0.68768796 0.64990101 0.44949803 0.56425276 0.68211417 0.72258888\n 0.73759114 0.73316566 0.77820526 0.7753441  0.77234371 0.79968825\n 0.7988525  0.73416137 0.79813439 0.81946051 0.81290281 0.81671081\n 0.81648367 0.82698474 0.82382398 0.84393663 0.8374051  0.81545827\n 0.8030882  0.80367811 0.7696729  0.80716812 0.75399084 0.7816272\n 0.78731139 0.57513794 0.28946456 0.24632108 0.05903211 0.2282836\n 0.24283382 0.22053359 0.1845572  0.25749654 0.23806463 0.18406136\n 0.13602064 0.07539416 0.20739465 0.29731677 0.17599543 0.22952716\n 0.34216501 0.24286392 0.29625539 0.18114547 0.17941795 0.18233802\n 0.22353933 0.25660167 0.21937853 0.30859257 0.11929368 0.26258183\n 0.32493643 0.29455857 0.30002707 0.3710489  0.36488852 0.42652974\n 0.40164818 0.32711406 0.38570434 0.35953187 0.35355972 0.38240284\n 0.40845238 0.350161   0.39641245 0.33022006 0.19369198 0.05589294\n 0.21547733 0.20980697 0.29826178 0.36026674 0.46903474 0.37060901\n 0.29637315 0.33630606 0.41468707 0.48450262 0.39193935 0.3709144\n 0.38105348 0.37395814 0.46568035 0.03110298 0.34778144 0.25056382\n 0.27720832 0.11079219 0.86368787 1.00000006]",
    "[1.00000000e+00 9.73369604e-01 9.12449282e-01 9.12696644e-01\n 9.38782688e-01 9.61766928e-01 9.16130455e-01 9.12358665e-01\n 9.58790668e-01 9.44716193e-01 9.52923754e-01 9.41225090e-01\n 9.25708272e-01 9.52948294e-01 9.46027455e-01 9.36824028e-01\n 9.48970131e-01 9.40986973e-01 9.29532328e-01 9.17731767e-01\n 9.23581617e-01 9.32420692e-01 9.20773289e-01 8.93630216e-01\n 8.94768588e-01 9.08696618e-01 8.57095807e-01 8.83794706e-01\n 8.80593451e-01 8.95986059e-01 9.33389176e-01 9.11744635e-01\n 8.76495399e-01 8.19749919e-01 9.15473946e-01 8.80685281e-01\n 8.71800486e-01 9.01765897e-01 8.83443261e-01 8.70414782e-01\n 8.81030850e-01 9.00647841e-01 8.98916805e-01 8.85974614e-01\n 8.95495871e-01 8.04762865e-01 7.47523388e-01 6.85519998e-01\n 8.07406419e-01 8.25957752e-01 7.72770116e-01 8.19026719e-01\n 7.97554437e-01 7.71227394e-01 7.87672858e-01 7.78486001e-01\n 7.81684115e-01 8.20642670e-01 8.15952399e-01 7.93386066e-01\n 7.87204683e-01 7.84844729e-01 7.99241277e-01 8.00168664e-01\n 7.80466022e-01 5.13251408e-01 6.93328464e-01 7.85692515e-01\n 7.39156964e-01 7.18309116e-01 7.44894512e-01 6.95757405e-01\n 4.90079903e-01 3.72120733e-01 6.33301124e-01 6.46865706e-01\n 5.43113140e-01 4.82831638e-01 5.56253986e-01 5.22717807e-01\n 5.55182938e-01 5.26284658e-01 5.96468655e-01 5.38709453e-01\n 5.25131458e-01 5.59952871e-01 5.71965852e-01 5.32292388e-01\n 5.75896482e-01 5.53044600e-01 5.52793876e-01 5.51445237e-01\n 3.54813396e-01 4.34185617e-01 4.45529151e-01 4.78162303e-01\n 4.55789241e-01 4.24184297e-01 3.47394772e-01 3.79222903e-01\n 4.12460539e-01 3.57877822e-01 3.77540858e-01 2.02981570e-01\n 2.81860693e-01 3.64984836e-01 2.62718201e-01 2.62554125e-01\n 3.46772361e-01 2.89097462e-01 3.00365355e-01 2.72312035e-01\n 3.06306586e-01 3.16849106e-01 2.51176693e-01 2.37856304e-01\n 2.80839471e-01 2.43913798e-01 1.47924274e-01 1.69641026e-01\n 1.87613703e-01 2.32415478e-01 1.94107072e-01 1.89486752e-01\n 2.86968563e-01 2.14421430e-01 3.31236738e-01 1.16733322e-01\n 1.90794195e-01 3.02059409e-01 1.37472872e-01 1.64915141e-01\n 2.10704163e-02 1.25959173e-01 1.41671281e-01 3.11948586e-02\n 1.36374562e-01 3.79823419e-02 1.58108246e-01 1.13041131e-01\n 9.66604445e-02 1.97135106e-01 1.81934941e-01 1.64000407e-01\n 2.21567102e-01 1.08314145e-01 1.82139359e-01 1.99029598e-01\n 1.45121560e-01 1.76602027e-01 1.55514316e-01 1.73335476e-01\n 1.69548131e-01 1.36020078e-01 1.38753976e-01 2.12439720e-01\n 1.01256134e-01 2.44006064e-01 1.62784529e-01 3.04356715e-01\n 1.66844828e-01 1.21655337e-01 2.98412336e-01 1.39802614e-01\n 2.27371330e-01 2.77501678e-01 6.95993730e-02 1.67501637e-02\n 8.75652896e-02 1.24084064e-01 9.84498982e-02 2.15972453e-01\n 2.51126292e-02 2.31181496e-02 7.81041157e-02 1.14546034e-02\n 2.64674904e-02 6.32136551e-02 8.23530559e-02 7.43654792e-02\n 1.76260325e-01 9.53101630e-02 4.69684011e-02 1.21761227e-01\n 4.43050488e-02 6.48703226e-02 4.31023852e-02 9.67746450e-02\n 6.92627606e-02 5.42957948e-02 4.70375050e-02 2.54772704e-02\n 5.29539086e-02 1.61459823e-01 1.14872314e-01 5.56166734e-04\n 4.46112009e-02 1.19354519e-01 2.02682381e-02 8.54883663e-03\n 4.19684591e-02 9.15364835e-02 1.64409415e-01 8.83606056e-02\n 1.06824187e-01 1.07863260e-02 4.24734953e-02 2.05626709e-02\n 1.13146422e-01 1.58352057e-01 1.94647589e-01 6.84940638e-02\n 7.18113438e-02 8.36060917e-02 1.51327784e-01 1.21634917e-01\n 1.96514512e-01 3.25564715e-03 6.11939699e-02 1.12442027e-01\n 8.49440637e-02 8.59583952e-03 3.01389270e-01 5.65744902e-02\n 1.90701558e-01 1.91596902e-01 5.05981863e-02 2.16328976e-02\n 6.35829297e-03 1.81600269e-01 5.23122187e-01 1.00000000e+00]"
  ]
}