{
  "epochs": [
    0.0,
    1.0,
    2.0,
    3.0,
    4.0
  ],
  "metrics": {
    "intensity_scaler_inv_loss": [
      40.95539474487305,
      23.62950897216797,
      19.6621150970459,
      17.942771911621094,
      17.940231323242188
    ],
    "learning_rate": [
      0.0010000000474974513,
      0.0010000000474974513,
      0.0010000000474974513,
      0.0010000000474974513,
      0.0010000000474974513
    ],
    "loss": [
      -3835227.75,
      -3904518.25,
      -3914703.5,
      -3919411.25,
      -3919566.25
    ],
    "pred_intensity_loss": [
      -3789154.75,
      -3916406.75,
      -3927323.75,
      -3898867.5,
      -3895438.5
    ],
    "train_loss": [
      -3835227.75,
      -3904518.25,
      -3914703.5,
      -3919411.25,
      -3919566.25
    ],
    "trimmed_obj_loss": [
      0.0,
      0.0,
      0.0,
      0.0,
      0.0
    ],
    "val_intensity_scaler_inv_loss": [
      33.139976501464844,
      19.5040283203125,
      17.746715545654297,
      17.96874237060547,
      17.202434539794922
    ],
    "val_loss": [
      -4384509.5,
      -4432290.0,
      -4434451.5,
      -4429287.0,
      -4435579.5
    ],
    "val_pred_intensity_loss": [
      -4276181.5,
      -4319784.0,
      -4321886.0,
      -4317993.0,
      -4322938.0
    ],
    "val_trimmed_obj_loss": [
      0.0,
      0.0,
      0.0,
      0.0,
      0.0
    ]
  }
}