{
  "train_loss": [
    0.13089817762374878,
    0.08382418006658554,
    0.059980764985084534,
    0.05601675063371658,
    0.044514063745737076,
    0.04364444687962532,
    0.04682723060250282,
    0.03915015608072281,
    0.036683011800050735,
    0.03512967377901077
  ],
  "val_loss": [
    0.9784344434738159,
    0.1318635195493698,
    0.07081087678670883,
    0.05687335133552551,
    0.04326098412275314,
    0.07388575375080109,
    0.05307415872812271,
    0.04708758369088173,
    0.039668187499046326,
    0.03392360731959343,
    0.03712200000882149
  ]
}