{
  "epochs": [
    0.0,
    1.0,
    2.0,
    3.0,
    4.0
  ],
  "metrics": {
    "intensity_scaler_inv_loss": [
      7.956203460693359,
      5.160487174987793,
      5.148252964019775,
      5.204394340515137,
      4.528477668762207
    ],
    "learning_rate": [
      0.0010000000474974513,
      0.0010000000474974513,
      0.0010000000474974513,
      0.0010000000474974513,
      0.0010000000474974513
    ],
    "loss": [
      -249321.25,
      -252371.84375,
      -252245.734375,
      -252055.359375,
      -252592.625
    ],
    "pred_intensity_loss": [
      -247557.03125,
      -254017.609375,
      -251702.640625,
      -252906.15625,
      -252089.484375
    ],
    "train_loss": [
      -249321.25,
      -252371.84375,
      -252245.734375,
      -252055.359375,
      -252592.625
    ],
    "trimmed_obj_loss": [
      0.0,
      0.0,
      0.0,
      0.0,
      0.0
    ],
    "val_intensity_scaler_inv_loss": [
      5.262294292449951,
      5.892519950866699,
      4.532784461975098,
      4.497493743896484,
      4.556997299194336
    ],
    "val_loss": [
      -285667.6875,
      -285304.5,
      -285955.71875,
      -285997.21875,
      -285974.5625
    ],
    "val_pred_intensity_loss": [
      -278366.90625,
      -277918.4375,
      -278645.4375,
      -278673.15625,
      -278627.40625
    ],
    "val_trimmed_obj_loss": [
      0.0,
      0.0,
      0.0,
      0.0,
      0.0
    ]
  }
}