{
  "pinn": {
    "mae": [
      0.520879672759243,
      0.19707026466143016
    ],
    "mse": [
      0.42060011952604254,
      0.06047156081534172
    ],
    "psnr": [
      51.89210968238012,
      60.31529182732642
    ],
    "ssim": [
      0.23552173556743422,
      0.8101579432977634
    ],
    "ms_ssim": [
      0.07968158864536648,
      0.06535804514486376
    ],
    "frc50": [
      "3",
      "2"
    ],
    "frc": [
      "[1.00000001e+00 8.16303737e-01 8.69497994e-01 3.30524758e-01\n 3.58285749e-01 2.70637253e-01 3.68586973e-01 2.43476899e-01\n 4.38031686e-03 5.41001012e-02 2.91481620e-02 1.83596315e-01\n 4.98724941e-02 3.85857742e-02 1.75116125e-02 9.11670004e-02\n 3.41340395e-02 2.09661125e-01 5.52893486e-02 8.00909325e-02\n 4.89530774e-02 1.60553207e-01 6.13474682e-02 4.04711844e-02\n 1.69281176e-02 9.45304497e-03 3.19261545e-02 5.13314302e-03\n 4.24541913e-03 2.94596175e-02 5.49212978e-02 8.56833778e-03\n 1.41044163e-01 3.38104711e-02 4.46301533e-03 5.09338744e-02\n 6.41157632e-02 1.72323038e-03 1.21537439e-01 1.26280045e-02\n 4.34648020e-02 7.21243622e-02 9.12602845e-03 1.07911071e-02\n 1.99711308e-02 3.65368783e-02 1.77142617e-02 2.47373708e-03\n 5.22135444e-02 3.58578395e-02 6.26170099e-02 1.15884832e-01\n 8.28818667e-02 2.94982346e-02 4.12155925e-03 1.11187935e-02\n 1.30446971e-02 5.06874721e-02 1.84463682e-02 2.15356552e-02\n 2.31106736e-02 1.81928865e-02 4.25338363e-03 9.73418484e-02\n 4.83985876e-02 3.64944364e-02 4.61878445e-02 1.06007320e-02\n 5.96833668e-02 5.94004920e-02 2.14095687e-02 1.88090808e-02\n 4.12402564e-02 4.00945319e-02 3.88179448e-02 4.23680133e-02\n 7.18542960e-02 1.11637450e-02 2.86996190e-02 2.60890770e-02\n 3.88190931e-02 1.11839931e-02 5.82194222e-02 2.38981509e-02\n 1.73229590e-02 1.26066851e-03 4.31604636e-02 3.24687771e-02\n 8.46739242e-02 2.05668596e-02 4.77265132e-03 1.85756365e-02\n 4.09923546e-03 3.61901504e-02 3.17389790e-02 4.19449141e-02\n 6.59421824e-02 7.55141647e-02 4.75604222e-02 4.89089253e-02\n 1.13849865e-02 5.51996919e-02 1.01186990e-01 8.52063884e-02\n 1.57769762e-03 1.51570236e-02 6.17155358e-02 2.29432203e-02\n 3.47968250e-02 4.68344966e-02 3.55964748e-02 1.73086893e-02\n 1.47894223e-02 3.57401005e-02 2.05147513e-02 7.52728445e-04\n 1.71263150e-02 4.75752333e-02 8.64759870e-03 3.81910547e-02\n 4.33317113e-02 8.74652681e-03 3.18074531e-02 1.21885784e-02\n 4.40245869e-02 5.05079986e-02 5.18276102e-03 1.98719845e-02\n 1.46728534e-02 4.97936312e-03 9.20995411e-03 6.39663728e-02\n 5.98345358e-03 1.25619016e-02 2.14035937e-02 6.10172239e-02\n 2.71562504e-02 5.52861263e-02 2.25861412e-03 9.53701512e-03\n 4.67748271e-02 3.19778973e-02 4.84192284e-02 2.42579267e-02\n 2.38815762e-02 2.05255127e-02 5.54935382e-02 1.71243609e-02\n 5.32522001e-02 4.27134955e-02 5.30396375e-02 7.74990098e-02\n 3.48051881e-02 1.14570232e-02 6.25002794e-02 1.37806039e-01\n 4.17761505e-02 2.06846663e-02 2.36303643e-02 1.25586798e-01\n 1.64961894e-02 1.95397307e-02 8.84184157e-02 1.27383038e-02\n 3.07378871e-02 4.60925587e-02 3.55877772e-02 6.62339047e-02\n 5.79128350e-03 3.88552217e-02 3.02299852e-02 9.21348605e-02\n 4.08855722e-02 2.76114588e-02 5.82974590e-02 1.61698918e-01\n 8.64380302e-02 1.36068977e-02 4.52091176e-02 8.90454896e-02\n 9.99289898e-03 1.53124871e-01 9.78201163e-02 3.35255271e-02\n 2.12795068e-01 1.60749837e-01 6.59175250e-02 5.81366211e-01\n 1.00000000e+00]",
      "[1.         0.66092809 0.18807147 0.02132213 0.22709915 0.29224979\n 0.13885859 0.15253392 0.10826748 0.07455787 0.03216652 0.27841996\n 0.1587381  0.04333516 0.12549165 0.06720404 0.12260162 0.07234578\n 0.03182353 0.12147151 0.03503362 0.06400664 0.05768255 0.05291423\n 0.02860071 0.06334232 0.05111587 0.00939281 0.12333058 0.17478482\n 0.06147891 0.08633257 0.02568977 0.01094719 0.01049475 0.00254416\n 0.0301168  0.04459847 0.06863454 0.0040488  0.11292176 0.00765558\n 0.01185575 0.03939903 0.0365576  0.10465785 0.09861093 0.00301342\n 0.00297945 0.10034226 0.02560063 0.0921461  0.01072606 0.06994485\n 0.07983951 0.01001666 0.06841055 0.00862859 0.02009647 0.07530815\n 0.02988035 0.07039926 0.00356045 0.04970378 0.0609201  0.03593793\n 0.08819709 0.03322273 0.06108523 0.02854839 0.08977043 0.12593646\n 0.04477526 0.04953021 0.08053263 0.05270105 0.09643774 0.04434272\n 0.05468715 0.1055878  0.06869654 0.0845385  0.14781889 0.0818674\n 0.07413013 0.12892783 0.13512498 0.12861113 0.05489848 0.03905685\n 0.01670752 0.03483001 0.0655731  0.05159517 0.07429008 0.14781152\n 0.08753861 0.11746565 0.11268364 0.12470829 0.13636488 0.15862335\n 0.11486833 0.11005051 0.1144498  0.13167333 0.13707529 0.12837251\n 0.12280021 0.14648228 0.13959733 0.12073617 0.16463373 0.11181416\n 0.13113028 0.12372836 0.14209728 0.14064705 0.13644276 0.10910827\n 0.12653554 0.13768132 0.13131909 0.13195674 0.13496745 0.12940799\n 0.13606325 0.12967929 0.13967754 0.13155736 0.1282898  0.13717453\n 0.13744749 0.18108681 0.0332774  0.08897498 0.10536981 0.12982911\n 0.01121381 0.01496337 0.05559394 0.01284329 0.10473699 0.06262155\n 0.0343861  0.11529052 0.12544426 0.02759462 0.11765471 0.03216624\n 0.02618513 0.05119598 0.01050273 0.07768369 0.06530019 0.00521929\n 0.05032914 0.05322057 0.0625799  0.00914019 0.00432874 0.11906888\n 0.04946522 0.07116741 0.02633412 0.03173254 0.04819324 0.04285831\n 0.02039995 0.11605584 0.15673641 0.18399814 0.10509215 0.1054731\n 0.0439443  0.15693032 0.17814757 0.00997091 0.09085283 0.0609326\n 0.01871768 0.12044858 0.1103921  0.24794467 0.32342774 0.22192026\n 0.31934051 0.54625246 1.        ]"
    ]
  },
  "baseline": {
    "mae": [
      0.3571986654972266,
      0.6638008060923714
    ],
    "mse": [
      0.20230301064260026,
      0.7580341923889178
    ],
    "psnr": [
      55.07078016283171,
      49.33391565034232
    ],
    "ssim": [
      0.20119502258478336,
      0.5728061988160756
    ],
    "ms_ssim": [
      0.6393669416663662,
      0.4086259759306387
    ],
    "frc50": [
      "20",
      "16"
    ],