{
  "amplitude": {
    "max": 0.0,
    "mean": 0.0,
    "min": 0.0,
    "nan_count": 23065,
    "std": 0.0
  },
  "fits_canvas": true,
  "offsets": {
    "axis_max_abs": [
      377.02992320243726,
      381.8949744624406
    ],
    "max_abs": 381.8949744624406
  },
  "padded_size": 828,
  "phase": {
    "max": 0.0,
    "mean": 0.0,
    "min": 0.0,
    "nan_count": 23065,
    "std": 0.0
  },
  "required_canvas": 828
}