{
  "train_loss": [
    0.18467850983142853,
    0.09537844359874725,
    0.08297667652368546,
    0.07451500743627548,
    0.07054170221090317,
    0.06464876979589462,
    0.05971357971429825,
    0.059747666120529175,
    0.055255211889743805,
    0.05296069756150246,
    0.05318298935890198,
    0.05090904235839844,
    0.04886963590979576,
    0.0479753315448761,
    0.04955379292368889,
    0.045165032148361206,
    0.052014123648405075,
    0.04422193020582199,
    0.04380866140127182,
    0.04255595803260803
  ],
  "val_loss": [
    3.7289552688598633,
    0.2281501740217209,
    0.2035917192697525,
    0.1652931421995163,
    0.20821431279182434,
    0.08417452126741409,
    0.07892829924821854,
    0.13628943264484406,
    0.0735369399189949,
    0.10013262182474136,
    0.10706878453493118,
    0.07557427883148193,
    0.0564088448882103,
    0.09058012068271637,
    0.08899477124214172,
    0.0581183061003685,
    0.10027391463518143,
    0.08305073529481888,
    0.0678645446896553,
    0.05618836730718613,
    0.10910912603139877
  ]
}