{
  "mae": [
    "0.13859972",
    0.09197877148930184
  ],
  "mse": [
    "0.03007327",
    0.013399657557145762
  ],
  "psnr": [
    63.34899678722503,
    66.85986661182979
  ],
  "ssim": [
    0.7301399530752222,
    0.9476760102154677
  ],
  "ms_ssim": [
    0.933646134202833,
    0.8412376485069869
  ],
  "frc50": [
    "19",
    "53"
  ],
  "frc": [
    "[1.         0.99994475 0.99996246 0.99971531 0.99974695 0.99919934\n 0.99849647 0.99711165 0.99691129 0.9969341  0.99271193 0.98902383\n 0.98520836 0.9827368  0.96668979 0.95003236 0.84718701 0.74873544\n 0.50522365 0.39153741 0.52611464 0.79636877 0.86092496 0.87905354\n 0.90528626 0.84128676 0.64138595 0.49732949 0.80991502 0.79753782\n 0.87459215 0.87546664 0.89611057 0.91372403 0.90156637 0.88915624\n 0.86559881 0.72161749 0.75755111 0.79953837 0.84249666 0.83889802\n 0.85988718 0.82808648 0.80053416 0.81933157 0.85255566 0.84947237\n 0.86383402 0.81207551 0.81184914 0.81852112 0.79373779 0.31474277\n 0.60752525 0.71411992 0.66149526 0.64723668 0.62748236 0.38072762\n 0.57018315 0.63286617 0.64928601 0.65621372 0.67208137 0.67455342\n 0.6595809  0.6075949  0.59198512 0.54675811 0.52226356 0.43735327\n 0.44438668 0.33562387 0.25895912 0.03802468 0.09754229 0.26551069\n 0.28912639 0.21616962 0.06631738 0.3264448  0.21092717 0.23298957\n 0.13062652 0.27883855 0.37255376 0.35490216 0.38890472 0.45541801\n 0.3837978  0.41804251 0.4213839  0.39528883 0.32656958 0.12495048\n 0.07030069 0.16579825 0.30706676 0.45025363 0.41769687 0.45474562\n 0.44215102 0.44375871 0.51006968 0.32522736 0.10580351 0.22230219\n 0.44615381 0.20447618 0.39681862 0.49625907 0.25890999 0.19716002\n 0.47804096 0.51529648 0.59615735 0.5761494  0.54508506 0.18513352\n 0.4866163  0.59776369 0.63608718 0.65465084 0.70015319 0.66280266\n 0.70789465 0.63197509 0.66826213 0.66514939 0.60439535 0.67865084\n 0.44863235 0.04035372 0.07842131 0.14248443 0.0877267  0.08758594\n 0.09083157 0.03647478 0.05193564 0.00916032 0.02268028 0.01891914\n 0.11103467 0.02906373 0.04413557 0.06819488 0.03776711 0.088983\n 0.0187154  0.04518381 0.05906926 0.23545078 0.1089089  0.09300503\n 0.00221962 0.07712168 0.08152883 0.01686852 0.08491096 0.06932048\n 0.03674998 0.04173916 0.16651124 0.07365888 0.04516601 0.00392736\n 0.11532542 0.0569176  0.14595666 0.1555771  0.03997906 0.08032929\n 0.03831755 0.08591373 0.2486336  0.07498611 0.0616831  0.23306833\n 0.03824045 0.03493024 0.0194394  0.18668526 0.36728518 0.22358997\n 0.26100086 0.3065966  0.99999997]",
    "[1.         0.99856357 0.99288289 0.99652796 0.99608665 0.99011539\n 0.98891691 0.99072532 0.99188533 0.98955353 0.98488315 0.98545865\n 0.98077401 0.98850725 0.98034833 0.97196611 0.97063892 0.97310203\n 0.93637902 0.93142297 0.83897984 0.69435871 0.71378329 0.75041054\n 0.85560863 0.87048586 0.79705324 0.75929687 0.91355711 0.93000307\n 0.93482437 0.90479438 0.92031096 0.9292236  0.94854025 0.93887035\n 0.91760286 0.90365043 0.91076065 0.9276995  0.92231655 0.89618817\n 0.90272376 0.92505819 0.9131485  0.87618456 0.86027903 0.89330037\n 0.90980672 0.90245744 0.86935051 0.88539251 0.81549629 0.44281405\n 0.66596482 0.7346617  0.71862615 0.77613189 0.68656607 0.45922634\n 0.60484045 0.60092624 0.64762724 0.57555674 0.54473896 0.53162447\n 0.40558604 0.36609642 0.29212524 0.30632323 0.21082363 0.11334655\n 0.12419297 0.11927334 0.08391677 0.02405749 0.01160831 0.22532675\n 0.2638715  0.20164058 0.08845819 0.31760256 0.16481321 0.25109084\n 0.11926218 0.28962749 0.26827384 0.27553085 0.33534991 0.33297367\n 0.332852   0.31139058 0.28553304 0.31795972 0.21034278 0.11038848\n 0.03525321 0.17623724 0.27390854 0.31856131 0.32665175 0.33708563\n 0.31383493 0.31272283 0.43675943 0.36758899 0.310146   0.26417178\n 0.35474273 0.18726872 0.28841309 0.27776216 0.14067298 0.08849024\n 0.13733551 0.23938906 0.3140802  0.32948808 0.35783499 0.18164562\n 0.37306225 0.43972065 0.45148575 0.44964696 0.5138431  0.45982138\n 0.55999294 0.50098333 0.49057037 0.4569307  0.34420345 0.46912675\n 0.34084663 0.09222342 0.08006115 0.13346521 0.08426979 0.14183182\n 0.13610534 0.14440162 0.04028462 0.07286277 0.09061402 0.00528735\n 0.13650156 0.06537738 0.0504412  0.10847879 0.02981165 0.08128982\n 0.01126748 0.0485844  0.03863991 0.03007481 0.04924947 0.08749935\n 0.00357004 0.05135849 0.08714688 0.01171391 0.01363199 0.15627406\n 0.00488767 0.03020546 0.06690579 0.02747372 0.00453546 0.03981855\n 0.04416069 0.09637652 0.12064705 0.16216165 0.05571049 0.10609367\n 0.00832977 0.20611002 0.09435623 0.02613169 0.04152713 0.1838842\n 0.03063779 0.16918174 0.02504167 0.25502552 0.05932359 0.00290446\n 0.24506432 0.25756295 1.        ]"
  ]
}