{
  "bundle_intensity_scale": 1.0,
  "dataset_scale_info": {
    "N": 64,
    "batch_mean_sum_intensity": 2995.974122765142,
    "dataset_scale": 577.7380497400686,
    "delta": -410.4737190625499,
    "fallback_scale": 988.2117688026185,
    "nphotons": 1000000000.0,
    "ratio": 0.5846298009991254,
    "spec_reference": "specs/spec-ptycho-core.md \u00a7Normalization Invariants"
  },
  "intensity_scaler_state": {
    "delta": -6.661338147750939e-16,
    "exp_log_scale": 1.000000019062844,
    "log_scale_value": 1.906284374797451e-08,
    "params_cfg_intensity_scale": 1.0000000190628446,
    "params_cfg_trainable": true,
    "ratio": 0.9999999999999993,
    "spec_reference": "specs/spec-ptycho-core.md \u00a7Normalization Invariants",
    "trainable": true
  },
  "largest_drop": null,
  "legacy_params_intensity_scale": 1.0,
  "normalize_gain": 285.3044410341622,
  "ratios": {
    "grouped_to_normalized": 285.3044410341622,
    "normalized_to_container": 1.0,
    "raw_to_grouped": 1.0104741797460226
  },
  "scale_delta": 0.0,
  "stage_means": {
    "container_X": 42.04197692871094,
    "grouped_X_full": 42.04197692871094,
    "grouped_diffraction": 0.14735829830169678,
    "raw_diffraction": 0.14583083987236023
  },
  "stages": [
    {
      "metadata": {
        "count": 512,
        "source": "RawData"
      },
      "name": "raw_diffraction",
      "stats": {
        "dtype": "float32",
        "finite_count": 2097152,
        "max": 27.523099899291992,
        "mean": 0.14583083987236023,
        "min": 0.0,
        "nan_count": 0,
        "shape": [
          512,
          64,
          64
        ],
        "std": 0.8427172899246216,
        "total_count": 2097152
      }
    },
    {
      "metadata": {
        "count": 64,
        "gridsize": 2,
        "source": "RawData.generate_grouped_data"
      },
      "name": "grouped_diffraction",
      "stats": {
        "dtype": "float32",
        "finite_count": 1048576,
        "max": 27.523099899291992,
        "mean": 0.14735829830169678,
        "min": 0.0,
        "nan_count": 0,
        "shape": [
          64,
          64,
          64,
          4
        ],
        "std": 0.8532971739768982,
        "total_count": 1048576
      }
    },
    {
      "metadata": {
        "count": 64,
        "source": "normalize_data"
      },
      "name": "grouped_X_full",
      "stats": {
        "dtype": "float32",
        "finite_count": 1048576,
        "max": 7852.4619140625,
        "mean": 42.04197692871094,
        "min": 0.0,
        "nan_count": 0,
        "shape": [
          64,
          64,
          64,
          4
        ],
        "std": 243.44944763183594,
        "total_count": 1048576
      }
    },
    {
      "metadata": {
        "group_limit": 64,
        "source": "PtychoDataContainer"
      },
      "name": "container_X",
      "stats": {
        "dtype": "float32",
        "finite_count": 1048576,
        "max": 7852.4619140625,
        "mean": 42.04197692871094,
        "min": 0.0,
        "nan_count": 0,
        "shape": [
          64,
          64,
          64,
          4
        ],
        "std": 243.44944763183594,
        "total_count": 1048576
      }
    }
  ],
  "training_container_stats": {
    "dtype": "float32",
    "finite_count": 1048576,
    "max": 7852.4619140625,
    "mean": 42.04197692871094,
    "min": 0.0,
    "nan_count": 0,
    "shape": [
      64,
      64,
      64,
      4
    ],
    "std": 243.44944763183594,
    "total_count": 1048576
  }
}