{
  "pinn": {
    "mae": [
      0.07463798146868979,
      0.666887554386259
    ],
    "mse": [
      0.009637331372836665,
      1.2062320652486818
    ],
    "psnr": [
      68.29123557050875,
      47.316494916061615
    ],
    "ssim": [
      0.891262007606565,
      0.5264611654831137
    ],
    "ms_ssim": [
      0.9800280147113117,
      0.349393585520265
    ],
    "frc50": [
      "87",
      "1"
    ],
    "frc": [
      "[1.         0.99998623 0.99996014 0.99968444 0.99965383 0.99974295\n 0.99891515 0.99805955 0.99769957 0.99678608 0.99557156 0.99479438\n 0.99069413 0.99159407 0.98994713 0.9858279  0.98332907 0.98137727\n 0.98213467 0.98483668 0.97920538 0.98014805 0.97971167 0.9683704\n 0.97672823 0.98184093 0.97228357 0.97747346 0.97413888 0.96729939\n 0.97687619 0.9680531  0.92214227 0.90453502 0.94679562 0.95277935\n 0.95255029 0.94859344 0.94852073 0.90830864 0.89870063 0.90579047\n 0.83022328 0.86337598 0.8370623  0.78110835 0.74821198 0.68983308\n 0.78435573 0.83486557 0.82136581 0.80930491 0.82588428 0.88380905\n 0.89517458 0.89869391 0.91631137 0.92008419 0.92057094 0.93257335\n 0.92780102 0.92176732 0.92958301 0.9368304  0.9334357  0.85979597\n 0.92339602 0.91684396 0.91584444 0.88852351 0.87188859 0.86246752\n 0.82227084 0.73506959 0.77390096 0.77048915 0.71709231 0.64208337\n 0.64482556 0.67411696 0.53109467 0.57578732 0.60947703 0.52308913\n 0.56770072 0.52856773 0.54415719 0.47946217 0.54074926 0.50804274\n 0.4562687  0.53923528 0.55850359 0.50692676 0.54086155 0.53647486\n 0.56778814 0.54394301 0.415281   0.57985578 0.58852598 0.52123657\n 0.53044233 0.49701156 0.62651351 0.58829323 0.5971911  0.61804193\n 0.61050318 0.66661964 0.65417878 0.66521646 0.68020101 0.65377873\n 0.6772188  0.6780596  0.71965843 0.72770943 0.71084608 0.71052848\n 0.73902105 0.75176478 0.7508681  0.76766137 0.75795528 0.82193592\n 0.79046155 0.79574865 0.80970623 0.79435768 0.72348521 0.76893987\n 0.81347403 0.82412181 0.74923739 0.83039646 0.82911483 0.84521151\n 0.8586323  0.85149584 0.85902156 0.86005336 0.86928688 0.86994414\n 0.88536309 0.89133222 0.87800951 0.89091276 0.89782765 0.90149717\n 0.90447347 0.8895744  0.90166597 0.89961744 0.90014465 0.90383839\n 0.90033182 0.89992001 0.91010216 0.91116361 0.91081442 0.91647864\n 0.92051558 0.75074838 0.48508828 0.35579338 0.16641023 0.31691674\n 0.28634847 0.37691516 0.26778481 0.2209682  0.29607825 0.26540425\n 0.14303917 0.24132022 0.28541096 0.30322614 0.2722008  0.31183079\n 0.31490878 0.35018909 0.24948764 0.2443742  0.31402616 0.3101868\n 0.27663098 0.39489255 0.27259243 0.43331673 0.24273227 0.37400109\n 0.35516696 0.39455549 0.378674   0.28782943 0.46492042 0.38972161\n 0.40968576 0.43074397 0.36575726 0.39226452 0.4263859  0.40948868\n 0.39077449 0.43590523 0.39784416 0.5366942  0.41398268 0.33143203\n 0.48039754 0.48123809 0.44891468 0.4190762  0.45927388 0.42280683\n 0.47616005 0.39925362 0.34532388 0.4374037  0.37267098 0.54631605\n 0.66674331 0.4614498  0.52233539 0.52833452 0.59246889 0.46322979\n 0.38257216 0.90021692 0.71712142 1.00000001]",
      "[1.         0.32169921 0.43233711 0.41801583 0.42586491 0.49625077\n 0.15930557 0.06389824 0.38845192 0.21289298 0.11477768 0.27883618\n 0.36303596 0.37707788 0.32372484 0.18212162 0.32784559 0.04923535\n 0.20650199 0.3450667  0.25856959 0.26598576 0.34386903 0.25883659\n 0.22043248 0.29829583 0.1918785  0.2457307  0.20591386 0.32796992\n 0.41759337 0.31195248 0.14473082 0.34806624 0.17307379 0.29312399\n 0.26621387 0.39521771 0.23423316 0.20407146 0.32918165 0.18820665\n 0.21885451 0.1930414  0.24447209 0.04128281 0.18295198 0.1692673\n 0.13866214 0.11527648 0.19690522 0.12571645 0.09220862 0.23035282\n 0.2315309  0.17258038 0.2271065  0.1951598  0.18426533 0.23074446\n 0.24034428 0.15263882 0.24093708 0.20813838 0.21958288 0.17372063\n 0.18412468 0.20198587 0.18902768 0.17631345 0.243187   0.17330371\n 0.20463712 0.23097093 0.10054565 0.1944432  0.10717018 0.1383189\n 0.12640498 0.10461217 0.12445821 0.13764945 0.09750945 0.08106015\n 0.07046917 0.04087604 0.04982436 0.01242806 0.14639826 0.06972217\n 0.11111082 0.0259881  0.11866054 0.04615155 0.04436063 0.10360196\n 0.03332427 0.01234681 0.04166557 0.02047766 0.05063923 0.14351135\n 0.02583621 0.07755189 0.0860333  0.06614219 0.08016345 0.12621164\n 0.02875581 0.09641038 0.09717585 0.07509909 0.05978575 0.04618281\n 0.00715196 0.070469   0.01629367 0.02804981 0.11378186 0.02513819\n 0.08675079 0.04820243 0.07247478 0.11239272 0.02147221 0.14851358\n 0.05535304 0.11427192 0.0554554  0.07418148 0.01212027 0.13692156\n 0.0438219  0.07827446 0.03153164 0.0736632  0.11763806 0.00312243\n 0.09409595 0.02843703 0.11368957 0.0486219  0.13525939 0.11893149\n 0.03175554 0.11596811 0.0339684  0.08611904 0.0885774  0.06650815\n 0.06738141 0.08190315 0.04525182 0.07799712 0.03043689 0.09653209\n 0.10259702 0.06159858 0.09900263 0.04714943 0.06586231 0.12164361\n 0.04789566 0.08067529 0.05461003 0.05514407 0.05310845 0.01794913\n 0.02271039 0.05115997 0.01466816 0.01470023 0.03661688 0.01542185\n 0.09641526 0.05851161 0.01203114 0.03765994 0.02863168 0.03098196\n 0.00263688 0.02955836 0.0258165  0.05391524 0.02760697 0.00704837\n 0.03570163 0.04747902 0.01860754 0.02915435 0.01765269 0.04259241\n 0.07024329 0.05374656 0.02683464 0.02419483 0.04241052 0.04084671\n 0.05933685 0.05858997 0.07697222 0.00278812 0.05105546 0.00532496\n 0.03162965 0.04479435 0.06552958 0.0037069  0.01031728 0.04322787\n 0.03352913 0.01136375 0.01090811 0.03894219 0.04678627 0.15530833\n 0.06734331 0.10041358 0.1127943  0.05929457 0.07550643 0.02939352\n 0.22484785 0.03337635 0.17129238 0.29822264 0.0296601  0.09781627\n 0.00724532 0.2348405  0.89672422 1.        ]"
    ]
  },
  "baseline": {
    "mae": [
      0.3932107308733602,
      0.6479250951981027
    ],
    "mse": [
      0.27166309320438836,
      0.748356089772906
    ],
    "psnr": [
      53.79049719274371,
      49.38972063762537
    ],
    "ssim": [
      0.27144903602674847,
      0.5641520356587937
    ],
    "ms_ssim": [
      0.6868533848593555,
      0.43013817659677833
    ],
    "frc50": [
      "32",
      "40"
    ],