{
  "amplitude": {
    "color_range": [
      -4.85612678527832,
      4.85612678527832
    ],
    "count": 153664,
    "mae": 2.484772964885326,
    "max_abs": 4.7676825523376465,
    "pearson_r": 0.10223974210301306,
    "rmse": 2.608085001815293
  },
  "phase": {
    "color_range": [
      -3.141592653589793,
      3.141592653589793
    ],
    "count": 153664,
    "mae": 0.12189930287303821,
    "max_abs": 1.1044082641601562,
    "pearson_r": null,
    "rmse": 0.3187837540915502
  }
}