{
  "train_loss": [
    0.1738031804561615,
    0.09475048631429672,
    0.0685480386018753,
    0.05425386130809784,
    0.044969987124204636,
    0.044610556215047836,
    0.044468704611063004,
    0.03898746147751808,
    0.03135748207569122,
    0.03250517323613167,
    0.03299443796277046,
    0.030023548752069473,
    0.02761763334274292,
    0.026229985058307648,
    0.02519943006336689,
    0.02760753221809864,
    0.023675482720136642,
    0.02300909161567688,
    0.02404240146279335,
    0.023419493809342384
  ],
  "val_loss": [
    4.697001934051514,
    0.1166519746184349,
    0.17590893805027008,
    0.18755531311035156,
    0.06601431965827942,
    0.1109149158000946,
    0.07935936748981476,
    0.03656085580587387,
    0.03588404878973961,
    0.05248510092496872,
    0.09256325662136078,
    0.07506001740694046,
    0.051302067935466766,
    0.038951899856328964,
    0.03859277442097664,
    0.04547930881381035,
    0.03682835027575493,
    0.06411606818437576,
    0.05090276151895523,
    0.043971575796604156,
    0.043909717351198196
  ]
}