{
  "amplitude": {
    "bias_summary": {
      "mean": -2.298912592802425,
      "median": -2.5305827856063843,
      "p05": -3.6955116152763368,
      "p95": 0.25748851299285935
    },
    "color_range": [
      -4.85612678527832,
      4.85612678527832
    ],
    "count": 153664,
    "mae": 2.3687609847129223,
    "max_abs": 4.7676825523376465,
    "pearson_r": 0.1361544733960283,
    "pred_stats": {
      "max": 4.02294921875,
      "mean": 0.4093348979949951,
      "min": 0.0,
      "nan_count": 0,
      "std": 1.0146851539611816
    },
    "rmse": 2.5589809234870464,
    "truth_stats": {
      "max": 4.85612678527832,
      "mean": 2.708247423171997,
      "min": 0.6128976941108704,
      "nan_count": 0,
      "std": 0.6410303115844727
    }
  },
  "phase": {
    "bias_summary": {
      "mean": 0.13212582470382914,
      "median": 0.0,
      "p05": 0.0,
      "p95": 0.9474423587322235
    },
    "color_range": [
      -3.141592653589793,
      3.141592653589793
    ],
    "count": 153664,
    "mae": 0.1321258246681433,
    "max_abs": 1.0725619792938232,
    "pearson_r": null,
    "pred_stats": {
      "max": 1.0725619792938232,
      "mean": 0.1321258246898651,
      "min": 0.0,
      "nan_count": 0,
      "std": 0.3258187472820282
    },
    "rmse": 0.35158936895846776,
    "truth_stats": {
      "max": 0.0,
      "mean": 0.0,
      "min": 0.0,
      "nan_count": 0,
      "std": 0.0
    }
  }
}