{
  "epochs": [
    0.0,
    1.0,
    2.0,
    3.0,
    4.0
  ],
  "metrics": {
    "intensity_scaler_inv_loss": [
      31.267112731933594,
      17.298566818237305,
      15.48604679107666,
      14.761445999145508,
      14.479887962341309
    ],
    "learning_rate": [
      0.0010000000474974513,
      0.0010000000474974513,
      0.0010000000474974513,
      0.0010000000474974513,
      0.0010000000474974513
    ],
    "loss": [
      -3869323.75,
      -3939259.75,
      -3942868.25,
      -3944158.75,
      -3944990.75
    ],
    "pred_intensity_loss": [
      -3837630.25,
      -3903251.5,
      -3939524.5,
      -3952746.25,
      -3952543.0
    ],
    "train_loss": [
      -3869323.75,
      -3939259.75,
      -3942868.25,
      -3944158.75,
      -3944990.75
    ],
    "trimmed_obj_loss": [
      0.0,
      0.0,
      0.0,
      0.0,
      0.0
    ],
    "val_intensity_scaler_inv_loss": [
      17.95207977294922,
      15.919832229614258,
      13.521026611328125,
      15.233510971069336,
      13.263553619384766
    ],
    "val_loss": [
      -4113451.0,
      -4111425.25,
      -4118707.75,
      -4116180.25,
      -4119764.5
    ],
    "val_pred_intensity_loss": [
      -4043471.5,
      -4041845.5,
      -4048485.5,
      -4045763.75,
      -4049502.0
    ],
    "val_trimmed_obj_loss": [
      0.0,
      0.0,
      0.0,
      0.0,
      0.0
    ]
  }
}