{
  "epochs": [
    0.0,
    1.0,
    2.0,
    3.0,
    4.0
  ],
  "metrics": {
    "intensity_scaler_inv_loss": [
      29.736865997314453,
      18.083913803100586,
      18.002782821655273,
      15.424525260925293,
      14.974678039550781
    ],
    "learning_rate": [
      0.0010000000474974513,
      0.0010000000474974513,
      0.0010000000474974513,
      0.0010000000474974513,
      0.0010000000474974513
    ],
    "loss": [
      -3892225.25,
      -3938811.75,
      -3937581.0,
      -3944239.75,
      -3944976.0
    ],
    "pred_intensity_loss": [
      -3903533.0,
      -3919337.5,
      -3939415.0,
      -3942473.0,
      -3941825.75
    ],
    "train_loss": [
      -3892225.25,
      -3938811.75,
      -3937581.0,
      -3944239.75,
      -3944976.0
    ],
    "trimmed_obj_loss": [
      0.0,
      0.0,
      0.0,
      0.0,
      0.0
    ],
    "val_intensity_scaler_inv_loss": [
      18.254995346069336,
      17.114595413208008,
      16.172870635986328,
      14.272269248962402,
      12.830404281616211
    ],
    "val_loss": [
      -4114272.5,
      -4110157.0,
      -4115414.75,
      -4118857.5,
      -4119816.5
    ],
    "val_pred_intensity_loss": [
      -4043912.25,
      -4040635.25,
      -4044947.5,
      -4048784.0,
      -4049725.5
    ],
    "val_trimmed_obj_loss": [
      0.0,
      0.0,
      0.0,
      0.0,
      0.0
    ]
  }
}