{
  "amplitude": {
    "bias_summary": {
      "mean": -2.4582676899629874,
      "median": -2.5341979265213013,
      "p05": -3.6955116152763368,
      "p95": -0.8655937790870664
    },
    "color_range": [
      -4.85612678527832,
      4.85612678527832
    ],
    "count": 153664,
    "mae": 2.458738688942742,
    "max_abs": 4.7676825523376465,
    "pearson_r": 0.13708988938478517,
    "pred_stats": {
      "max": 2.510789155960083,
      "mean": 0.24997980892658234,
      "min": 0.0,
      "nan_count": 0,
      "std": 0.6199442744255066
    },
    "rmse": 2.594103117408541,
    "truth_stats": {
      "max": 4.85612678527832,
      "mean": 2.708247423171997,
      "min": 0.6128976941108704,
      "nan_count": 0,
      "std": 0.6410303115844727
    }
  },
  "phase": {
    "bias_summary": {
      "mean": 0.13581656759953137,
      "median": 0.0,
      "p05": 0.0,
      "p95": 0.9925411462783813
    },
    "color_range": [
      -3.141592653589793,
      3.141592653589793
    ],
    "count": 153664,
    "mae": 0.13581656759177357,
    "max_abs": 1.1612625122070312,
    "pearson_r": null,
    "pred_stats": {
      "max": 1.1612625122070312,
      "mean": 0.1358165740966797,
      "min": 0.0,
      "nan_count": 0,
      "std": 0.3357204496860504
    },
    "rmse": 0.3621524040918563,
    "truth_stats": {
      "max": 0.0,
      "mean": 0.0,
      "min": 0.0,
      "nan_count": 0,
      "std": 0.0
    }
  }
}