{
  "amplitude": {
    "max": 2.510789155960083,
    "mean": 0.24997980892658234,
    "min": 0.0,
    "nan_count": 0,
    "std": 0.6199442744255066
  },
  "fits_canvas": true,
  "offsets": {
    "axis_max_abs": [
      376.3193180156394,
      373.3114293734376
    ],
    "max_abs": 376.3193180156394
  },
  "padded_size": 822,
  "phase": {
    "max": 1.1612625122070312,
    "mean": 0.1358165740966797,
    "min": 0.0,
    "nan_count": 0,
    "std": 0.3357204496860504
  },
  "required_canvas": 817
}