{
  "mae": [
    "0.11034813",
    0.020326588765721482
  ],
  "mse": [
    "0.018677544",
    0.0007202743374933593
  ],
  "psnr": [
    65.41760618626341,
    79.55582418968004
  ],
  "ssim": [
    0.7838275316129875,
    0.9884247133755893
  ],
  "ms_ssim": [
    0.9582754779555808,
    0.16131552148386633
  ],
  "frc50": [
    "42",
    NaN
  ],
  "frc": [
    "[1.         0.99995681 0.99990209 0.9994624  0.99977001 0.99977427\n 0.99915898 0.99891886 0.99899844 0.99872262 0.99745817 0.9987097\n 0.99541171 0.995688   0.99467909 0.99156789 0.99056126 0.9867305\n 0.984797   0.9786232  0.97484212 0.97060904 0.97213241 0.95639989\n 0.950866   0.94644122 0.91395488 0.9090397  0.88902186 0.8137346\n 0.84535921 0.77244944 0.71533901 0.69693503 0.70169383 0.72549629\n 0.77345066 0.72974438 0.74026057 0.68246078 0.62793604 0.5952324\n 0.47832293 0.59412157 0.51568152 0.50712096 0.41519559 0.39854236\n 0.57934401 0.65727759 0.60409162 0.65032523 0.66270466 0.65888567\n 0.66686092 0.69101361 0.71044992 0.68146818 0.67453667 0.6962786\n 0.74309265 0.73980584 0.71587486 0.75558626 0.71091829 0.55120231\n 0.66271293 0.68374166 0.68510538 0.677302   0.58850111 0.59815243\n 0.43729152 0.3407096  0.53997456 0.53706913 0.50173866 0.44417982\n 0.43717662 0.46284066 0.4148518  0.42069814 0.51940433 0.46297281\n 0.41838579 0.44347698 0.491544   0.4139672  0.4200222  0.46193338\n 0.46240558 0.46369295 0.26269077 0.36245486 0.42549007 0.46966747\n 0.45571023 0.49385922 0.34274362 0.45649573 0.40624245 0.37554452\n 0.35269184 0.19534986 0.49166646 0.41120802 0.44271232 0.49089424\n 0.4674262  0.52173804 0.4872961  0.48181801 0.5550789  0.53574984\n 0.59563125 0.56354809 0.55503813 0.54951416 0.41753276 0.57540302\n 0.6086143  0.61376341 0.65482438 0.68218522 0.6802499  0.6856642\n 0.64369215 0.67691159 0.71467531 0.69834978 0.52421712 0.51310183\n 0.63264743 0.654152   0.37803272 0.52821314 0.68432105 0.68804208\n 0.67934414 0.66788593 0.71884031 0.75309131 0.75703754 0.7635448\n 0.73575761 0.56294726 0.65294092 0.75050408 0.7735694  0.78104933\n 0.77935142 0.76059444 0.77172745 0.81028557 0.80545976 0.80729917\n 0.83308219 0.82403142 0.80996602 0.78180002 0.79898267 0.75486204\n 0.72796833 0.5976868  0.18246344 0.1328447  0.01544954 0.16182944\n 0.1116514  0.17864    0.16896371 0.14649625 0.20915664 0.16427535\n 0.08767293 0.01689517 0.1370139  0.26839331 0.21043086 0.05781838\n 0.21061591 0.22364961 0.28097984 0.11119744 0.12766039 0.15386964\n 0.28829823 0.14616506 0.20944976 0.30117145 0.02965313 0.2466404\n 0.29955538 0.25980006 0.29620637 0.36941234 0.31646093 0.21987314\n 0.35600432 0.2875454  0.34143677 0.29802965 0.20556589 0.26421108\n 0.25971376 0.31638461 0.20637265 0.16833701 0.18157517 0.04056972\n 0.24643161 0.21474455 0.34582848 0.31020213 0.3775226  0.33156101\n 0.31158156 0.2306687  0.45497112 0.38243414 0.38434015 0.32967316\n 0.50017774 0.2531934  0.26655784 0.29891747 0.30421041 0.05717996\n 0.19853366 0.37498342 0.91263632 1.00000002]",
    null
  ]
}