{
  "amplitude": {
    "max": 2.4450905323028564,
    "mean": 0.25282159447669983,
    "min": 0.0,
    "nan_count": 0,
    "std": 0.6091404557228088
  },
  "fits_canvas": true,
  "offsets": {
    "axis_max_abs": [
      377.02992320243726,
      381.8949744624406
    ],
    "max_abs": 381.8949744624406
  },
  "padded_size": 828,
  "phase": {
    "max": 1.1499049663543701,
    "mean": 0.13738411664962769,
    "min": 0.0,
    "nan_count": 0,
    "std": 0.3298228681087494
  },
  "required_canvas": 828
}