{
  "amplitude": {
    "max": 2.422873020172119,
    "mean": 0.22097013890743256,
    "min": 0.0,
    "nan_count": 0,
    "std": 0.5371573567390442
  },
  "fits_canvas": true,
  "offsets": {
    "axis_max_abs": [
      377.02992320243726,
      381.8949744624406
    ],
    "max_abs": 381.8949744624406
  },
  "padded_size": 828,
  "phase": {
    "max": 1.2864561080932617,
    "mean": 0.1613253951072693,
    "min": 0.0,
    "nan_count": 0,
    "std": 0.38586050271987915
  },
  "required_canvas": 828
}