{
  "train_loss": [
    0.24176223576068878,
    0.08679040521383286,
    0.07729574292898178,
    0.05555351451039314,
    0.05483609065413475,
    0.04743095114827156,
    0.04585040360689163,
    0.04373589903116226,
    0.03981021046638489,
    0.04126793518662453
  ],
  "val_loss": [
    1.4680290222167969,
    0.07476203888654709,
    0.07026244699954987,
    0.125252366065979,
    0.05358437821269035,
    0.06687714904546738,
    0.030494259670376778,
    0.045780304819345474,
    0.03938392177224159,
    0.03507256880402565,
    0.06438370048999786
  ]
}