{
  "mae": [
    "0.10457483",
    0.02527502957306833
  ],
  "mse": [
    "0.016934056",
    0.001069523254721844
  ],
  "psnr": [
    65.84319373636515,
    77.83890128854904
  ],
  "ssim": [
    0.8170522330960375,
    0.9813744612692652
  ],
  "ms_ssim": [
    0.964726672867572,
    0.11464311145245888
  ],
  "frc50": [
    "46",
    NaN
  ],
  "frc": [
    "[1.         0.99998738 0.9998395  0.99924882 0.99966876 0.99980843\n 0.99937457 0.99895722 0.99911744 0.99882141 0.99835977 0.99852121\n 0.99739959 0.99833359 0.99675821 0.99615943 0.99588867 0.99414219\n 0.99299892 0.98776251 0.98879606 0.9830398  0.98403603 0.98007222\n 0.97348898 0.97322291 0.95129333 0.95387498 0.9523202  0.92071831\n 0.93509464 0.87878704 0.7399462  0.674757   0.79288773 0.79865181\n 0.80119614 0.79203283 0.78057808 0.73499841 0.70214591 0.66580091\n 0.54628134 0.63754341 0.60197574 0.54728471 0.42957478 0.46489119\n 0.68014511 0.7264384  0.71315315 0.7410776  0.77080614 0.7719789\n 0.78771185 0.77290607 0.80906613 0.80452279 0.7845387  0.80282703\n 0.80636411 0.81194897 0.78526488 0.80340722 0.77082918 0.42821741\n 0.75020383 0.7585037  0.74750002 0.74057522 0.68024731 0.65563239\n 0.54199911 0.5732613  0.61813538 0.63706418 0.57948802 0.51576893\n 0.56424498 0.53826988 0.527532   0.50480725 0.5940885  0.52306249\n 0.46323307 0.5528874  0.5889514  0.50331062 0.48885205 0.55036837\n 0.57795048 0.51089838 0.3324526  0.44363974 0.49351102 0.54218249\n 0.49203831 0.54796053 0.35959516 0.53656917 0.45849003 0.4245565\n 0.39040349 0.20088272 0.46954735 0.46079889 0.45185586 0.51276391\n 0.48530316 0.54015254 0.50328817 0.47599639 0.57971215 0.53747095\n 0.57850043 0.5576199  0.5479086  0.53444204 0.42249783 0.56094651\n 0.61963288 0.58679201 0.61047499 0.65151832 0.63777092 0.61360294\n 0.57420314 0.63440516 0.65583465 0.64937937 0.521744   0.56419675\n 0.6565275  0.69347302 0.51835273 0.64693007 0.7003291  0.68909641\n 0.70472705 0.65912569 0.74938855 0.7203257  0.75207908 0.77637185\n 0.76075263 0.65401811 0.72335352 0.78484605 0.77238953 0.78869963\n 0.79388085 0.78114763 0.79145358 0.82400991 0.80393676 0.79970141\n 0.81692599 0.80931896 0.75914776 0.75017364 0.7787247  0.72589458\n 0.72345197 0.57026253 0.16630143 0.16925944 0.0430614  0.18246639\n 0.18031696 0.25686886 0.18088848 0.13194579 0.28844769 0.22336589\n 0.14139524 0.07174696 0.15864688 0.24365886 0.19910875 0.20562583\n 0.2389105  0.26199987 0.26959605 0.12646862 0.14301448 0.28349284\n 0.19980323 0.12445623 0.25638241 0.36823226 0.11772    0.2537729\n 0.39692749 0.22922888 0.28983315 0.33857696 0.30710622 0.31272031\n 0.33304209 0.35197998 0.4063754  0.27976981 0.32136394 0.42299629\n 0.29924542 0.41567738 0.38531359 0.2099323  0.1824461  0.21145508\n 0.31252189 0.27280187 0.38360383 0.28353186 0.39807777 0.3462433\n 0.38689926 0.31455614 0.38850489 0.37975542 0.32607983 0.34822009\n 0.67480318 0.20447872 0.39462708 0.42881867 0.41052477 0.37472095\n 0.61024453 0.46648489 0.75969577 1.00000006]",
    null
  ]
}