,mae,mse,psnr,frc50
0,0.08502957224845886,0.00960471574217081,68.3059582911656,1
1,0.25126880713240096,0.08221216256702878,58.98144288291288,1
