{
  "amplitude": {
    "bias_summary": {
      "mean": -2.4741731156602422,
      "median": -2.5341979265213013,
      "p05": -3.7023458957672117,
      "p95": -0.9794471800327296
    },
    "color_range": [
      -4.85612678527832,
      4.85612678527832
    ],
    "count": 153664,
    "mae": 2.4750876144460654,
    "max_abs": 4.7676825523376465,
    "pearson_r": 0.10139528310004386,
    "pred_stats": {
      "max": 2.194725275039673,
      "mean": 0.23407436907291412,
      "min": 0.0,
      "nan_count": 0,
      "std": 0.5630156993865967
    },
    "rmse": 2.603123122624782,
    "truth_stats": {
      "max": 4.85612678527832,
      "mean": 2.708247423171997,
      "min": 0.6128976941108704,
      "nan_count": 0,
      "std": 0.6410303115844727
    }
  },
  "phase": {
    "bias_summary": {
      "mean": 0.16279043521427985,
      "median": 0.0,
      "p05": 0.0,
      "p95": 1.1546511054039001
    },
    "color_range": [
      -3.141592653589793,
      3.141592653589793
    ],
    "count": 153664,
    "mae": 0.16279043521001307,
    "max_abs": 1.3159099817276,
    "pearson_r": null,
    "pred_stats": {
      "max": 1.3159099817276,
      "mean": 0.1627904325723648,
      "min": 0.0,
      "nan_count": 0,
      "std": 0.390095055103302
    },
    "rmse": 0.4226995148914508,
    "truth_stats": {
      "max": 0.0,
      "mean": 0.0,
      "min": 0.0,
      "nan_count": 0,
      "std": 0.0
    }
  }
}