{
  "epochs": [
    0.0,
    1.0,
    2.0,
    3.0,
    4.0
  ],
  "metrics": {
    "intensity_scaler_inv_loss": [
      27.82676124572754,
      14.989373207092285,
      16.089637756347656,
      14.756985664367676,
      14.1268892288208
    ],
    "learning_rate": [
      0.0010000000474974513,
      0.0010000000474974513,
      0.0010000000474974513,
      0.0010000000474974513,
      0.0010000000474974513
    ],
    "loss": [
      -3887259.5,
      -3945001.0,
      -3941882.75,
      -3945074.5,
      -3946297.75
    ],
    "pred_intensity_loss": [
      -3885502.25,
      -3937017.25,
      -3938652.5,
      -3935527.25,
      -3926653.5
    ],
    "train_loss": [
      -3887259.5,
      -3945001.0,
      -3941882.75,
      -3945074.5,
      -3946297.75
    ],
    "trimmed_obj_loss": [
      0.0,
      0.0,
      0.0,
      0.0,
      0.0
    ],
    "val_intensity_scaler_inv_loss": [
      14.565389633178711,
      14.570182800292969,
      13.578721046447754,
      13.676309585571289,
      12.902774810791016
    ],
    "val_loss": [
      -4117973.0,
      -4114512.0,
      -4118963.0,
      -4119241.75,
      -4119433.75
    ],
    "val_pred_intensity_loss": [
      -4047903.5,
      -4044782.0,
      -4048909.75,
      -4049186.25,
      -4049418.25
    ],
    "val_trimmed_obj_loss": [
      0.0,
      0.0,
      0.0,
      0.0,
      0.0
    ]
  }
}