{
  "epochs": [
    0.0,
    1.0,
    2.0,
    3.0,
    4.0
  ],
  "metrics": {
    "intensity_scaler_inv_loss": [
      117.61506652832031,
      70.06124877929688,
      62.329612731933594,
      53.2219123840332,
      46.163883209228516
    ],
    "learning_rate": [
      0.0010000000474974513,
      0.0010000000474974513,
      0.0010000000474974513,
      0.0010000000474974513,
      0.0010000000474974513
    ],
    "loss": [
      -2866260.25,
      -2932887.0,
      -2937893.5,
      -2942266.25,
      -2945248.25
    ],
    "pred_intensity_loss": [
      -2877378.75,
      -2963682.75,
      -2942970.0,
      -2954071.75,
      -2953898.75
    ],
    "train_loss": [
      -2866260.25,
      -2932887.0,
      -2937893.5,
      -2942266.25,
      -2945248.25
    ],
    "trimmed_obj_loss": [
      0.0,
      0.0,
      0.0,
      0.0,
      0.0
    ],
    "val_intensity_scaler_inv_loss": [
      60.00625991821289,
      59.43484878540039,
      49.82371520996094,
      45.12163543701172,
      42.365455627441406
    ],
    "val_loss": [
      -3055614.25,
      -3056377.0,
      -3058169.5,
      -3061994.5,
      -3063048.0
    ],
    "val_pred_intensity_loss": [
      -3002040.0,
      -3002766.5,
      -3005201.5,
      -3008689.5,
      -3009777.5
    ],
    "val_trimmed_obj_loss": [
      0.0,
      0.0,
      0.0,
      0.0,
      0.0
    ]
  }
}