{
  "amplitude": {
    "max": 4.665185928344727,
    "mean": 0.4148174822330475,
    "min": 0.0,
    "nan_count": 0,
    "std": 1.009259819984436
  },
  "fits_canvas": true,
  "offsets": {
    "axis_max_abs": [
      377.02992320243726,
      381.8949744624406
    ],
    "max_abs": 381.8949744624406
  },
  "padded_size": 828,
  "phase": {
    "max": 1.3306421041488647,
    "mean": 0.17777064442634583,
    "min": 0.0,
    "nan_count": 0,
    "std": 0.4237482249736786
  },
  "prediction_scale": {
    "applied": true,
    "least_squares": {
      "denominator": 54168.13979542228,
      "finite_count": 153664,
      "numerator": 99553.23902054355
    },
    "mode": "least_squares",
    "recorded_scale": 988.211669921875,
    "source": "least_squares",
    "value": 1.8378559684074058
  },
  "required_canvas": 828
}