{
  "train_loss": [
    0.1253921240568161,
    0.08318682760000229,
    0.06525538861751556,
    0.04891005530953407,
    0.051221512258052826,
    0.049901045858860016,
    0.04218151420354843,
    0.04354006052017212,
    0.03956793248653412,
    0.03593086078763008,
    0.03690612316131592,
    0.04388686269521713,
    0.038787681609392166,
    0.03217528760433197,
    0.029309554025530815,
    0.03199758008122444,
    0.03070070408284664,
    0.030199840664863586,
    0.03254131227731705,
    0.027771273627877235
  ],
  "val_loss": [
    0.23147878050804138,
    0.22578658163547516,
    0.07381165772676468,
    0.06655270606279373,
    0.06559232622385025,
    0.0523938424885273,
    0.036658238619565964,
    0.08323537558317184,
    0.047476865351200104,
    0.06706438958644867,
    0.028471769765019417,
    0.06307946145534515,
    0.07786489278078079,
    0.04267355054616928,
    0.026253551244735718,
    0.028209952637553215,
    0.039874520152807236,
    0.025707539170980453,
    0.022828690707683563,
    0.03900570794939995,
    0.03455011919140816
  ]
}