{
  "mae": [
    "0.0883213",
    0.017992762525596926
  ],
  "mse": [
    "0.011891238",
    0.0005452128839644407
  ],
  "psnr": [
    67.3785329414831,
    80.76514250809171
  ],
  "ssim": [
    0.8649563467620465,
    0.9908800647107074
  ],
  "ms_ssim": [
    0.9744432840238793,
    0.14767501305524713
  ],
  "frc50": [
    "73",
    NaN
  ],
  "frc": [
    "[1.         0.99998402 0.99999179 0.99995711 0.99995834 0.99990867\n 0.99982756 0.99973677 0.99981949 0.99939473 0.99940488 0.99908188\n 0.99837029 0.9988956  0.99757104 0.99663799 0.99705803 0.99583482\n 0.9942428  0.99025072 0.98808985 0.98746603 0.98303389 0.98044844\n 0.97808402 0.97195321 0.96047853 0.97308554 0.96381035 0.94578513\n 0.94660094 0.92162135 0.78220523 0.67728127 0.84236893 0.84959844\n 0.86728739 0.85890285 0.85466814 0.80003898 0.77329099 0.77307362\n 0.69980751 0.75129719 0.79035154 0.76259383 0.75449472 0.75148593\n 0.80616598 0.85935527 0.82073489 0.86748526 0.89046204 0.88820346\n 0.90584934 0.89419003 0.92024952 0.90165911 0.89504067 0.90287577\n 0.88903063 0.881592   0.86536101 0.89248607 0.86431142 0.6289414\n 0.8305144  0.8329767  0.81352338 0.80203791 0.76818686 0.75489399\n 0.59028659 0.48352371 0.68455988 0.7129066  0.7211067  0.66752668\n 0.71127945 0.65257116 0.67881867 0.62141948 0.69566777 0.64152151\n 0.61286809 0.67036979 0.69042979 0.57126117 0.62217504 0.63941318\n 0.65138336 0.6108426  0.50891962 0.57261295 0.58286552 0.62379286\n 0.6168891  0.61203198 0.29901196 0.61689294 0.56391528 0.53595849\n 0.55949606 0.40621038 0.63627928 0.54577702 0.50550457 0.59623123\n 0.54440693 0.61754164 0.55840812 0.56549814 0.64053187 0.62777953\n 0.64726305 0.60121542 0.62516611 0.59105839 0.61539388 0.62992036\n 0.67017781 0.64711835 0.64351557 0.67915369 0.69088229 0.70480735\n 0.69825679 0.69721645 0.71208515 0.68475576 0.42864808 0.40551342\n 0.67045978 0.70947236 0.58436612 0.70263577 0.74720112 0.75021377\n 0.76963374 0.75232355 0.79039393 0.76483046 0.78914991 0.81574739\n 0.80553677 0.7089948  0.7680703  0.81451159 0.81335182 0.81032708\n 0.80795921 0.82603094 0.8271419  0.85162131 0.840866   0.84538688\n 0.84021069 0.85141457 0.83427833 0.81675623 0.81276309 0.79292409\n 0.79056294 0.43146476 0.34662509 0.24252775 0.10268426 0.24735608\n 0.23068341 0.27358145 0.21890131 0.24252916 0.32515719 0.28791339\n 0.12871793 0.02926243 0.24200486 0.25902534 0.2358489  0.25592508\n 0.27697178 0.27893491 0.32219106 0.19592441 0.19941869 0.23476471\n 0.24839122 0.20143236 0.20367224 0.3495504  0.13683614 0.31738588\n 0.37858835 0.23724338 0.3337543  0.34569511 0.34916491 0.33268969\n 0.41040701 0.3532096  0.45662128 0.46082611 0.34074222 0.42024091\n 0.3822296  0.38768207 0.41136262 0.31885976 0.23965487 0.2216982\n 0.37558344 0.34246394 0.49165955 0.27925824 0.3486038  0.33519169\n 0.44066117 0.40981913 0.38289145 0.3451094  0.35724642 0.41393558\n 0.56796155 0.37733724 0.39127616 0.28396452 0.35352113 0.30802493\n 0.51783882 0.25602972 0.0453199  1.00000003]",
    null
  ]
}