{
  "mae": [
    "0.14493485",
    0.04763519263869899
  ],
  "mse": [
    "0.03278826",
    0.006580448568073158
  ],
  "psnr": [
    62.973619477880554,
    69.94824866091426
  ],
  "ssim": [
    0.6466552294467972,
    0.9346316911105893
  ],
  "ms_ssim": [
    0.93187747603137,
    0.9141530743380383
  ],
  "frc50": [
    "32",
    NaN
  ],
  "frc": [
    "[1.         0.99994559 0.99990287 0.99896853 0.99972387 0.99966201\n 0.9988479  0.9989722  0.99883819 0.99776798 0.99765536 0.99682069\n 0.99651666 0.99645093 0.99370974 0.99104408 0.99165226 0.98679514\n 0.98150406 0.97389448 0.96878883 0.97055261 0.96091731 0.94065709\n 0.91611146 0.92788572 0.8640046  0.83672329 0.84707841 0.69097664\n 0.78909454 0.74351178 0.37760165 0.25985172 0.60836616 0.55565917\n 0.67598324 0.60618368 0.62859914 0.52366025 0.49917438 0.30085176\n 0.25713219 0.32411437 0.21697649 0.22797867 0.16886658 0.05698757\n 0.1674235  0.1854979  0.1609146  0.03610862 0.08996251 0.16332281\n 0.12765304 0.1889559  0.15499427 0.22821606 0.20563001 0.30746998\n 0.38649676 0.39499178 0.37158657 0.42839539 0.2918807  0.0771368\n 0.32488959 0.43823291 0.41071991 0.4158309  0.30336288 0.31333241\n 0.13211703 0.14270986 0.33051221 0.36494082 0.28219805 0.27391099\n 0.33886793 0.27283613 0.24000646 0.2750761  0.34855549 0.31106957\n 0.26105936 0.26079679 0.26421438 0.21337688 0.25180144 0.27917902\n 0.25927258 0.25600573 0.15294754 0.22155434 0.29247358 0.38349409\n 0.2998783  0.26715779 0.16871786 0.38170421 0.33744311 0.3114476\n 0.27260538 0.15156054 0.39945769 0.35299322 0.38491367 0.40644319\n 0.36396973 0.38490022 0.37944508 0.35395969 0.46938369 0.46161949\n 0.46492425 0.49342224 0.46246675 0.43294379 0.2524911  0.4655407\n 0.47494775 0.54480096 0.52732549 0.56467483 0.61793745 0.57711837\n 0.61452407 0.61433352 0.64255939 0.63651663 0.32510788 0.34146517\n 0.56270547 0.5348311  0.33281313 0.47506631 0.62009973 0.63904658\n 0.62781993 0.6134778  0.60716375 0.63801095 0.63982467 0.63601202\n 0.57612209 0.40910108 0.52532516 0.60313748 0.61643404 0.63346018\n 0.67655819 0.64746146 0.70221417 0.68942439 0.72347272 0.70213177\n 0.72369923 0.72937773 0.709333   0.70713136 0.69173163 0.69126386\n 0.68182213 0.39963992 0.10803473 0.09828689 0.04475931 0.11099986\n 0.13230251 0.20780535 0.12305103 0.14357506 0.09417269 0.18765493\n 0.03858346 0.06777342 0.08508658 0.0819926  0.11925988 0.06511056\n 0.17207896 0.07799144 0.20863044 0.17329474 0.04230066 0.0963024\n 0.15556908 0.10859435 0.05538439 0.17147623 0.14193295 0.09473489\n 0.22730651 0.18326928 0.14362021 0.19258853 0.2223433  0.13820653\n 0.24249347 0.18020008 0.25205545 0.27924058 0.16727902 0.31030279\n 0.19444591 0.36526952 0.16711695 0.25535486 0.14087187 0.04505669\n 0.05415227 0.14119461 0.09065542 0.14758776 0.20841714 0.16027729\n 0.19519612 0.04329617 0.19260092 0.20784414 0.15139464 0.10113201\n 0.19210265 0.26828596 0.02801668 0.44531671 0.17348527 0.43651542\n 0.26272931 0.31403282 0.47195585 1.00000001]",
    null
  ]
}