{
  "pinn": {
    "mae": [
      0.15099889871127192,
      0.5675265141432125
    ],
    "mse": [
      0.03539493326954612,
      0.8963119527123931
    ],
    "psnr": [
      62.641392636065746,
      48.6062117259973
    ],
    "ssim": [
      0.6068827016925228,
      0.5105246306462786
    ],
    "ms_ssim": [
      0.9142735912943551,
      0.3506057710465163
    ],
    "frc50": [
      "22",
      "5"
    ],
    "frc": [
      "[1.00000001e+00 9.99924019e-01 9.99648575e-01 9.99654646e-01\n 9.99571016e-01 9.98472927e-01 9.96649147e-01 9.98087272e-01\n 9.95729571e-01 9.93707532e-01 9.90508975e-01 9.83978542e-01\n 9.78432353e-01 9.75596915e-01 9.55481227e-01 9.52651432e-01\n 9.20021303e-01 9.24308276e-01 8.06265488e-01 8.07999463e-01\n 7.37724572e-01 6.50521402e-01 4.93116378e-01 5.58419563e-01\n 4.82162247e-01 4.00707534e-01 4.46941201e-01 4.29661333e-01\n 3.20774204e-01 2.52290825e-01 2.38190678e-01 1.80061884e-01\n 1.93922674e-01 1.52873730e-01 4.25887983e-02 2.26953946e-01\n 2.38753447e-01 1.33081845e-01 8.59152846e-02 9.53175021e-02\n 1.62938488e-01 9.85217736e-02 9.97098703e-02 1.63390773e-01\n 1.55424213e-01 1.41660273e-01 1.44254960e-01 1.35842177e-01\n 1.90341658e-01 1.43940217e-01 1.04699871e-01 1.51365904e-01\n 1.58955760e-01 1.04058832e-01 1.37150127e-01 7.79885758e-02\n 8.79347279e-02 1.10611522e-01 1.70071501e-01 2.04915719e-01\n 1.43530946e-01 1.34631242e-01 1.96892751e-01 2.19919560e-01\n 1.19317915e-01 1.54733275e-01 1.40484944e-01 1.98691723e-01\n 2.35115038e-01 2.57768556e-01 1.92733523e-01 2.26340865e-01\n 2.14817840e-01 1.80311480e-01 2.77201943e-01 3.17824193e-01\n 2.74871044e-01 2.58564645e-01 3.64536432e-01 2.56311551e-01\n 2.20096354e-01 3.51826640e-01 2.65151210e-01 2.92584107e-01\n 4.31526150e-01 3.00118976e-01 3.41529259e-01 3.80124818e-01\n 4.19654479e-01 4.66031448e-01 4.39081408e-01 3.86642447e-01\n 4.54292513e-01 4.57802597e-01 4.76265436e-01 4.80894298e-01\n 4.73333112e-01 4.33674432e-01 4.86439748e-01 5.62602690e-01\n 4.92014202e-01 5.57544322e-01 5.08114582e-01 5.50012661e-01\n 6.24793652e-01 6.07203706e-01 5.99808662e-01 6.25641893e-01\n 6.30948220e-01 6.26214184e-01 6.44872784e-01 6.78602187e-01\n 6.72581616e-01 6.97481951e-01 6.63193745e-01 6.27343931e-01\n 6.89233534e-01 7.36053586e-01 6.79843144e-01 6.93210747e-01\n 6.81627072e-01 7.07588946e-01 7.35831652e-01 7.11797437e-01\n 6.98566749e-01 7.36804241e-01 7.33857087e-01 6.91846159e-01\n 7.39920517e-01 7.16900134e-01 7.25150588e-01 7.50852793e-01\n 7.45526584e-01 6.24609461e-01 1.55609942e-01 8.86389169e-03\n 2.66606536e-02 4.57514090e-02 2.79809955e-02 6.85034052e-02\n 1.09122028e-01 2.64381000e-02 1.51975978e-02 6.73517861e-02\n 2.86913659e-02 1.56631456e-02 1.78921140e-02 1.50250431e-01\n 3.27934327e-04 1.43585954e-02 4.37830714e-02 3.02275553e-02\n 2.63891259e-02 1.03146535e-02 7.49281627e-03 7.98132890e-02\n 3.94762993e-02 5.95811661e-03 6.15355336e-02 1.52578659e-01\n 2.49617872e-02 4.08565808e-02 5.15114401e-02 5.97540449e-02\n 3.23633989e-02 5.97599271e-02 2.41122472e-02 9.21366968e-02\n 9.08378394e-02 1.30217626e-01 5.64112289e-02 9.71843117e-02\n 1.67455344e-01 7.92500820e-02 1.00089739e-01 2.84519040e-02\n 1.72859502e-01 1.96471489e-01 1.34825109e-01 1.15950464e-01\n 6.00873910e-02 1.86593979e-01 3.15823389e-01 1.34074660e-01\n 6.15363671e-02 8.09153860e-02 3.40090589e-01 6.57185546e-02\n 1.00000000e+00]",
      "[1.00000000e+00 9.61798029e-01 6.18904350e-01 6.64068441e-01\n 7.59111197e-01 4.97845004e-01 1.57678918e-01 3.16766950e-01\n 3.24513879e-01 4.30125360e-01 4.07383404e-01 4.38642165e-01\n 4.40411482e-01 3.84320469e-01 4.91950913e-01 4.69604786e-01\n 4.30734732e-01 4.59002199e-01 3.65874250e-01 3.84995197e-01\n 2.79449282e-01 3.71277956e-01 1.56803706e-01 9.78871686e-02\n 1.96842068e-01 2.45089789e-01 2.84158225e-01 4.97283397e-03\n 6.11731689e-02 2.24085784e-02 2.27154001e-01 1.01265595e-01\n 1.86299020e-01 1.33166559e-01 1.77903938e-03 6.83186767e-02\n 1.14934242e-01 8.39142838e-02 4.17258317e-02 5.89051769e-03\n 6.12654648e-04 2.58443576e-02 6.19496636e-02 1.01815320e-01\n 4.77566597e-02 2.28745979e-02 2.67804701e-03 2.67266534e-02\n 1.28509820e-02 3.96159608e-03 1.26563925e-02 1.09109021e-01\n 5.25011091e-02 8.29287906e-02 6.06595419e-02 7.29441233e-02\n 1.98506940e-02 9.93430620e-02 9.81727205e-04 1.32706738e-02\n 1.22372366e-01 1.42892053e-02 5.85639511e-02 1.03989204e-01\n 6.22377035e-02 1.19458135e-01 2.88721466e-02 1.15208300e-03\n 3.92662620e-02 1.48751507e-02 3.28353891e-02 7.49649399e-03\n 5.02959744e-02 6.06409044e-02 9.53051160e-02 4.41797397e-02\n 7.31063623e-02 2.87794796e-02 3.17502293e-02 4.70954730e-02\n 5.10538544e-02 7.34460016e-02 4.22842919e-02 5.56071945e-02\n 5.88241178e-02 3.78701516e-02 5.57354158e-02 4.86855629e-02\n 2.29556610e-03 8.83500493e-02 7.64104196e-03 4.40760335e-02\n 4.39682576e-02 4.62627592e-02 1.85581852e-02 7.71577997e-02\n 1.00954214e-01 7.72455827e-02 9.88991847e-02 5.30639493e-02\n 3.70076974e-03 1.28998406e-01 6.05403284e-02 9.99218147e-02\n 5.67831877e-02 7.61183281e-02 8.04128796e-02 1.11921427e-01\n 6.32397671e-02 1.22992276e-02 4.81082801e-02 1.64029837e-01\n 1.06538848e-01 1.76484470e-01 4.73089970e-02 8.79470370e-02\n 8.82961679e-02 1.11367538e-01 9.64926874e-02 9.40970664e-02\n 1.99444734e-01 3.20734375e-02 8.17467322e-02 9.91504252e-02\n 5.02476065e-02 1.36891010e-01 9.77398382e-02 7.45445272e-02\n 1.30524692e-01 1.19082740e-01 7.03206613e-02 1.04887311e-01\n 5.54076397e-02 1.06889303e-01 3.14021775e-02 5.79669955e-02\n 3.97276511e-02 6.28301434e-02 1.14199415e-01 9.83744803e-02\n 1.39727391e-02 4.73919388e-02 4.98676656e-03 3.94813681e-02\n 4.91615648e-02 4.61532092e-03 2.84043315e-02 1.75128044e-04\n 1.27622519e-02 6.51352930e-02 6.08221594e-02 3.18204160e-02\n 1.95677289e-02 6.05846968e-03 2.98249581e-02 1.11910325e-02\n 1.78048435e-02 2.25756836e-03 4.40957826e-03 5.93960468e-02\n 3.99669721e-02 6.14052829e-02 1.02305820e-02 6.48159861e-02\n 2.51525825e-03 2.41963509e-02 1.45849122e-02 2.48990735e-02\n 3.11419577e-02 5.61278014e-03 1.18342328e-01 9.86646760e-02\n 7.24670739e-02 9.61576785e-02 7.40201760e-02 7.72701978e-02\n 4.16681678e-02 5.30660792e-02 9.47541294e-02 2.06982511e-02\n 5.18322753e-02 7.67426655e-02 1.22890965e-01 1.12784097e-01\n 6.72129822e-02 1.37940557e-01 5.92843929e-01 5.07352502e-02\n 1.00000000e+00]"
    ]
  },
  "baseline": {
    "mae": [
      0.39156338176724614,
      0.7903181935556552
    ],
    "mse": [
      0.23499786943129178,
      1.1929480929274412
    ],
    "psnr": [
      54.4201643643424,
      47.36458813522428
    ],
    "ssim": [
      0.22353998014030843,
      0.5202800523164095
    ],
    "ms_ssim": [
      0.6434684278729229,
      0.32628834304728405
    ],
    "frc50": [
      "25",
      "6"
    ],