{
  "train_loss": [
    4019.94873046875,
    3979.51806640625,
    3965.52783203125,
    3964.26513671875,
    3959.982177734375
  ],
  "val_loss": [
    13072.515625,
    4611.86767578125,
    4586.59521484375,
    4570.1533203125,
    4858.32080078125,
    4467.02294921875
  ]
}