{
  "mae": [
    "0.18980606",
    0.039507433832194586
  ],
  "mse": [
    "0.05466789",
    0.0025200310144195552
  ],
  "psnr": [
    60.75348024940433,
    74.11674475066124
  ],
  "ssim": [
    0.642846964310117,
    0.9515953499435763
  ],
  "ms_ssim": [
    0.8830565334654352,
    0.118591970313925
  ],
  "frc50": [
    "32",
    NaN
  ],
  "frc": [
    "[1.         0.9999119  0.99981985 0.99849031 0.99867993 0.99891551\n 0.996878   0.99730089 0.99567121 0.99585146 0.99267932 0.99340358\n 0.98705256 0.99214021 0.98544049 0.97983651 0.98167829 0.96747877\n 0.9678625  0.95127343 0.95153093 0.92636332 0.93387864 0.89891028\n 0.89144587 0.8658042  0.82747036 0.84994417 0.83362723 0.68537378\n 0.76858191 0.70718311 0.26618454 0.21735627 0.47889756 0.50421829\n 0.56226942 0.44004215 0.55510559 0.53612344 0.52969936 0.43900502\n 0.35948329 0.46257999 0.4007683  0.33508774 0.33458883 0.25560808\n 0.44274577 0.43530762 0.34900104 0.38205161 0.37607301 0.43042418\n 0.41692164 0.45375574 0.47427401 0.46598197 0.42838864 0.48451979\n 0.49918917 0.5212808  0.47914265 0.54573693 0.39900874 0.16695749\n 0.25672851 0.4280731  0.40958844 0.41574372 0.32692075 0.39167824\n 0.18781201 0.18712811 0.33189213 0.29016493 0.26219649 0.29108947\n 0.22264726 0.28961956 0.17077786 0.27682115 0.27218631 0.29851608\n 0.27181433 0.28844318 0.31604116 0.24499143 0.31904322 0.33566486\n 0.26922817 0.29431028 0.15332815 0.19846245 0.27579536 0.34906622\n 0.30816049 0.27649038 0.28721271 0.38485184 0.41756618 0.33184328\n 0.27014974 0.15426557 0.38292193 0.3818736  0.35531525 0.42078894\n 0.43109543 0.48265753 0.41710392 0.43188903 0.46796303 0.46877916\n 0.52092501 0.45790628 0.50878224 0.45805888 0.29006862 0.50060519\n 0.54672045 0.5969248  0.58585197 0.61455816 0.61546139 0.60505664\n 0.61624903 0.60384494 0.63881716 0.65037301 0.46413519 0.599227\n 0.5823888  0.5306195  0.23923293 0.35713324 0.55841174 0.62270443\n 0.58576459 0.48774209 0.62314212 0.67254277 0.67362106 0.68077671\n 0.65867294 0.55931561 0.58612032 0.68733009 0.67179236 0.68378502\n 0.69354315 0.67095095 0.68360297 0.71920037 0.74025238 0.73840564\n 0.75520191 0.71556284 0.69068822 0.73881707 0.70101583 0.70819018\n 0.75537692 0.60518243 0.08707848 0.12392912 0.01861979 0.12260128\n 0.09138536 0.1807205  0.12683491 0.08869402 0.0921748  0.14714017\n 0.05939584 0.0637466  0.05040878 0.08677216 0.12450781 0.07197726\n 0.13884752 0.13399113 0.17904849 0.13213746 0.07848544 0.1367952\n 0.22548362 0.1228627  0.10316975 0.16980953 0.1186358  0.10996179\n 0.23022228 0.26985133 0.17966131 0.26554278 0.24433599 0.13647744\n 0.23927778 0.26811887 0.17833686 0.23530818 0.19399484 0.2681335\n 0.11024304 0.17471275 0.20290951 0.19360387 0.10360413 0.21426155\n 0.29048036 0.23311439 0.30037988 0.2140725  0.28162936 0.27696752\n 0.37007812 0.2023404  0.3885779  0.27062288 0.20197379 0.26126584\n 0.38795506 0.17452953 0.164269   0.40356143 0.2494944  0.28109888\n 0.41076898 0.22540365 0.5431798  1.00000002]",
    null
  ]
}