{
  "train_loss": [
    0.13819102942943573,
    0.09979142248630524,
    0.09497853368520737,
    0.08805175125598907,
    0.08488103747367859,
    0.08291977643966675,
    0.07915238291025162,
    0.08028829097747803,
    0.07773822546005249,
    0.07909903675317764,
    0.07525211572647095,
    0.0759425163269043,
    0.0752352848649025,
    0.07352067530155182,
    0.07305454462766647,
    0.0781964585185051,
    0.07225052267313004,
    0.07239730656147003,
    0.07191061973571777,
    0.07110224664211273,
    0.07059615850448608,
    0.06964177638292313,
    0.06897951662540436,
    0.0707053691148758,
    0.06890714168548584,
    0.06848078966140747,
    0.06826447695493698,
    0.06806722283363342,
    0.06810576468706131,
    0.06762339919805527,
    0.0672711730003357,
    0.0668625757098198,
    0.06662806868553162,
    0.06599093973636627,
    0.06586950272321701,
    0.06639914959669113,
    0.06557672470808029,
    0.06526694446802139,
    0.06461118161678314,
    0.0649108961224556,
    0.06443662941455841,
    0.06484002619981766,
    0.0637780949473381,
    0.06458725780248642,
    0.06386575847864151,
    0.06326360255479813,
    0.06354407221078873,
    0.06403608620166779,
    0.06391146779060364,
    0.06330936402082443
  ],
  "val_loss": [
    1.3909285068511963,
    0.1404377669095993,
    0.18595027923583984,
    0.13006798923015594,
    0.14950969815254211,
    0.1400604099035263,
    0.09752652049064636,
    0.1220010295510292,
    0.11565051972866058,
    0.15880948305130005,
    0.10165078938007355,
    0.12685564160346985,
    0.12363586574792862,
    0.11608943343162537,
    0.11699175089597702,
    0.14067091047763824,
    0.10965702682733536,
    0.1306024044752121,
    0.1104205921292305,
    0.1121601089835167,
    0.10116104781627655,
    0.10441514849662781,
    0.10502642393112183,
    0.12798245251178741,
    0.11600205302238464,
    0.11720169335603714,
    0.11538602411746979,
    0.11273881793022156,
    0.11298809945583344,
    0.11193079501390457,
    0.11032562702894211,
    0.10410939157009125,
    0.1034829393029213,
    0.0964386984705925,
    0.1095128133893013,
    0.10799845308065414,
    0.09878111630678177,
    0.0959920808672905,
    0.08813536167144775,
    0.10106799006462097,
    0.10155639052391052,
    0.10382583737373352,
    0.08503293991088867,
    0.09912870079278946,
    0.0870286226272583,
    0.09221165627241135,
    0.09410199522972107,
    0.09810291230678558,
    0.09826111793518066,
    0.09583056718111038,
    0.10236357897520065
  ]
}