{
  "mae": [
    "0.17523843",
    0.09296137176517866
  ],
  "mse": [
    "0.047785778",
    0.013474707738050472
  ],
  "psnr": [
    61.33781695258296,
    66.8356100650467
  ],
  "ssim": [
    0.6024184461408554,
    0.9034266690006522
  ],
  "ms_ssim": [
    0.8676817868948588,
    0.8092883670413956
  ],
  "frc50": [
    "16",
    "27"
  ],
  "frc": [
    "[1.         0.99996574 0.99983763 0.99961576 0.99910083 0.99713465\n 0.99231792 0.99087473 0.98127688 0.96967678 0.92752408 0.89579549\n 0.84458624 0.75623886 0.64335161 0.67608185 0.37601842 0.51587684\n 0.07143736 0.28744076 0.26517326 0.66763136 0.75430855 0.784818\n 0.86136822 0.66980421 0.60313667 0.41660692 0.72520625 0.72853417\n 0.82394734 0.7456366  0.71555456 0.73336139 0.74779732 0.7379769\n 0.74440919 0.53748486 0.45530346 0.67334694 0.65139624 0.47101196\n 0.57062941 0.43641312 0.36182289 0.32370239 0.25293467 0.13616635\n 0.19878378 0.1783977  0.23599022 0.23528622 0.24719722 0.05216748\n 0.30212878 0.3741908  0.35081572 0.36197569 0.25507094 0.13338466\n 0.20904571 0.27636221 0.21459737 0.19980526 0.12053275 0.14402971\n 0.14151164 0.24348551 0.21408894 0.28367131 0.24179222 0.3452533\n 0.20970728 0.27465679 0.24475449 0.26898598 0.26680602 0.26370157\n 0.28737816 0.31699145 0.14408529 0.37016695 0.26956823 0.21616093\n 0.17268963 0.24515062 0.28062775 0.34254738 0.31236505 0.37011615\n 0.41231253 0.40188523 0.37958426 0.43013901 0.4364396  0.38254019\n 0.38033002 0.48446927 0.49734002 0.45415585 0.44311279 0.50553725\n 0.55919086 0.5339329  0.57433302 0.54884105 0.55168678 0.30669006\n 0.43406811 0.28724485 0.29482795 0.48004935 0.52422588 0.53241982\n 0.58718229 0.5812999  0.56833977 0.59477348 0.62952615 0.37672441\n 0.56633712 0.6338987  0.60257908 0.6656233  0.6888503  0.6932048\n 0.61708511 0.65511233 0.60582539 0.644636   0.63479932 0.63498255\n 0.57094764 0.53844179 0.06982221 0.03532387 0.10219892 0.03198038\n 0.02468932 0.06680145 0.03597154 0.06789295 0.07246486 0.07023165\n 0.05603787 0.07171088 0.11420573 0.11634001 0.11982731 0.030675\n 0.01822614 0.09362923 0.0167324  0.04221739 0.01487127 0.0995474\n 0.04118417 0.07144274 0.02467681 0.10231042 0.07701736 0.02612031\n 0.03373266 0.05552479 0.07865094 0.00330765 0.19134264 0.0462902\n 0.00486203 0.0015796  0.01611237 0.19126997 0.09530264 0.18283015\n 0.01946503 0.08431017 0.01731627 0.15484332 0.11038133 0.17193446\n 0.03564142 0.01086549 0.15034551 0.28554891 0.47629868 0.08564885\n 0.35463514 0.08178531 0.99999998]",
    "[1.         0.99850402 0.99314785 0.99643745 0.98255329 0.9675658\n 0.93169184 0.92693791 0.93331054 0.91534824 0.9025588  0.92357236\n 0.92937549 0.93696301 0.95309958 0.94840721 0.94458555 0.94301936\n 0.89168537 0.86373991 0.78112004 0.66232287 0.6048471  0.66930748\n 0.76401298 0.63488699 0.58105964 0.42211885 0.7651984  0.81072162\n 0.84175329 0.83149222 0.66931732 0.7226043  0.65828602 0.67833323\n 0.6128633  0.44544019 0.38419419 0.61195869 0.49519697 0.24411495\n 0.34831905 0.31750908 0.18556507 0.24503544 0.22299716 0.1614542\n 0.33665369 0.46312387 0.45006209 0.44283924 0.38221257 0.20888808\n 0.37364137 0.36936619 0.27665308 0.24191984 0.24889282 0.10520011\n 0.1418207  0.22806272 0.10942368 0.21988072 0.08126205 0.17945587\n 0.19013015 0.18950583 0.19034239 0.22734435 0.25455235 0.18831633\n 0.17517629 0.21665655 0.18196177 0.19422072 0.19998469 0.22786371\n 0.19960957 0.10124856 0.05169005 0.26229759 0.21824555 0.2485388\n 0.11238487 0.20814474 0.19876888 0.31156397 0.34208398 0.29190391\n 0.41979741 0.35967188 0.35031956 0.39849065 0.37347224 0.37132061\n 0.25122084 0.39841199 0.42327411 0.42734693 0.36425015 0.42083478\n 0.3928144  0.34139651 0.38910252 0.20233947 0.05436812 0.28917828\n 0.32555955 0.16704464 0.22562837 0.37117988 0.45445003 0.46475263\n 0.52609838 0.53574738 0.49798281 0.62933827 0.56568021 0.43559016\n 0.57427631 0.59308962 0.61845406 0.54151252 0.63935361 0.64439521\n 0.57255478 0.57793071 0.60466447 0.5598665  0.50516814 0.59705436\n 0.49246888 0.02570227 0.19813234 0.03211655 0.13430373 0.02644868\n 0.0107066  0.03499992 0.03548032 0.02358952 0.00598549 0.03730639\n 0.04222994 0.02363889 0.10646836 0.06028028 0.1324595  0.01718393\n 0.0132457  0.12891183 0.0292897  0.00226563 0.01516434 0.02048633\n 0.02615156 0.03276531 0.04213896 0.03077946 0.05407541 0.01796821\n 0.07855788 0.02230363 0.04713176 0.11354481 0.09650288 0.06734907\n 0.00317687 0.10052846 0.03691876 0.19515865 0.01392512 0.03383633\n 0.00405841 0.03166754 0.03621733 0.09344451 0.01850808 0.44640563\n 0.07580079 0.07589916 0.19528222 0.46257791 0.24151347 0.30828391\n 0.28165075 0.46180603 1.        ]"
  ]
}