{
  "train_loss": [
    0.11007360368967056,
    0.06824657320976257,
    0.05515983700752258,
    0.04707569628953934,
    0.04274692386388779,
    0.03917216137051582,
    0.03832276910543442,
    0.03610533848404884,
    0.033920060843229294,
    0.0358138382434845,
    0.032120250165462494,
    0.0309437308460474,
    0.02936183288693428,
    0.02935934066772461,
    0.02768380008637905,
    0.02919752150774002,
    0.027274779975414276,
    0.02652755007147789,
    0.026539964601397514,
    0.02767111547291279
  ],
  "val_loss": [
    1.0774799585342407,
    0.1157420352101326,
    0.10706954449415207,
    0.06500248610973358,
    0.06129300221800804,
    0.03999387100338936,
    0.08347000926733017,
    0.05635126680135727,
    0.07008326053619385,
    0.10227619856595993,
    0.044920068234205246,
    0.050958625972270966,
    0.03314147889614105,
    0.04676112160086632,
    0.03953476622700691,
    0.04691658914089203,
    0.03142362833023071,
    0.042378347367048264,
    0.03827659785747528,
    0.04095061495900154,
    0.03919379785656929
  ]
}