{
  "mae": [
    "0.08026188",
    0.14503113353482522
  ],
  "mse": [
    "0.009987853",
    0.033876172144865435
  ],
  "psnr": [
    68.13608228101347,
    62.83186029648356
  ],
  "ssim": [
    0.8878149795898935,
    0.9530959065539538
  ],
  "ms_ssim": [
    0.9830162637315253,
    0.6939025738536841
  ],
  "frc50": [
    "98",
    "73"
  ],
  "frc": [
    "[1.         0.99999563 0.99997948 0.9999107  0.99993471 0.99990622\n 0.99981556 0.99981344 0.99980801 0.99941615 0.99935507 0.99909348\n 0.99858572 0.99868702 0.99802405 0.99771945 0.99697044 0.9956066\n 0.99414917 0.99304935 0.99212941 0.99312639 0.9912998  0.99051729\n 0.99124783 0.9876333  0.97969805 0.97893664 0.97876105 0.96303365\n 0.97266364 0.968278   0.85602117 0.80833374 0.9570123  0.94296461\n 0.95079901 0.92625085 0.94014298 0.89892696 0.88525376 0.86655081\n 0.80423676 0.79890763 0.78126101 0.73818866 0.62081512 0.65222111\n 0.72472255 0.74618557 0.6581948  0.70618376 0.72048554 0.78424819\n 0.78302126 0.74953641 0.82864989 0.84800606 0.83773875 0.88277538\n 0.83142704 0.86363718 0.83627604 0.84202108 0.81892093 0.69361588\n 0.82821471 0.84249101 0.81022361 0.81319791 0.76167962 0.77966966\n 0.7086352  0.65112198 0.76996358 0.74600202 0.74427513 0.67486722\n 0.71237928 0.69121537 0.67323177 0.66581797 0.71106021 0.6175521\n 0.60850319 0.64094124 0.65426292 0.54590291 0.64931889 0.61994848\n 0.61828955 0.5975789  0.58362931 0.59837236 0.61862253 0.60093645\n 0.57890638 0.63294879 0.4076451  0.60273486 0.62534491 0.54170745\n 0.55281738 0.32579868 0.57815664 0.59436151 0.58078054 0.61122108\n 0.57289046 0.61049992 0.56120555 0.589581   0.63404035 0.60145387\n 0.64329783 0.64634513 0.66642242 0.6229549  0.60580968 0.61025482\n 0.66115268 0.6771218  0.62458937 0.66459134 0.62767985 0.63927561\n 0.68466462 0.67624812 0.71513883 0.65012685 0.5898803  0.60504096\n 0.69288258 0.67098683 0.51163122 0.61814076 0.69327336 0.72767965\n 0.73587575 0.73663365 0.77798607 0.77917156 0.77514869 0.79733808\n 0.79429734 0.72545724 0.78757633 0.81682008 0.81580063 0.8131818\n 0.82053906 0.82498885 0.82665777 0.84306574 0.83697884 0.80748669\n 0.8033838  0.79908063 0.76949802 0.80254061 0.75465281 0.78104854\n 0.78957885 0.60413191 0.29590128 0.25773712 0.05605481 0.22655561\n 0.25388138 0.22719574 0.20388647 0.25682922 0.22885204 0.19885615\n 0.12848671 0.08770985 0.21178163 0.29316916 0.17299207 0.23177589\n 0.34467451 0.24497781 0.29820051 0.19841635 0.20200876 0.23467046\n 0.23071328 0.26999782 0.22554353 0.29773442 0.13404201 0.26978569\n 0.32510833 0.28105611 0.28393659 0.3626369  0.3636764  0.41861415\n 0.40820973 0.32716709 0.37944594 0.35118696 0.34708324 0.3900719\n 0.39898254 0.34834437 0.39679171 0.32548132 0.20368536 0.12846078\n 0.28141898 0.19381681 0.31063266 0.3660573  0.50052361 0.3675776\n 0.29607952 0.32803376 0.40611911 0.48008617 0.38507538 0.37993065\n 0.38380556 0.38750028 0.46154385 0.00602206 0.35854082 0.27074857\n 0.30704041 0.05689676 0.90505188 1.00000004]",
    "[1.00000000e+00 9.84753620e-01 9.35814561e-01 9.35897040e-01\n 9.45261805e-01 9.69325527e-01 9.24106175e-01 9.18429138e-01\n 9.60617013e-01 9.51350159e-01 9.51715295e-01 9.42183902e-01\n 9.23752014e-01 9.54308213e-01 9.45947377e-01 9.39871527e-01\n 9.48365762e-01 9.41726839e-01 9.32403473e-01 9.17938127e-01\n 9.25584101e-01 9.36208475e-01 9.22379023e-01 8.90662738e-01\n 8.89870777e-01 9.10384280e-01 8.61083459e-01 8.82784040e-01\n 8.81728438e-01 8.95758901e-01 9.34366462e-01 9.17525373e-01\n 8.71793632e-01 8.72533071e-01 9.22102040e-01 8.82916062e-01\n 8.70955725e-01 9.05285011e-01 8.83166081e-01 8.74762350e-01\n 8.87726708e-01 9.04859946e-01 9.02880587e-01 8.93885292e-01\n 9.05501497e-01 8.27774098e-01 7.71725766e-01 7.24530297e-01\n 8.14249441e-01 8.28149382e-01 7.79111795e-01 8.25433545e-01\n 8.02851469e-01 7.75923358e-01 7.99409980e-01 7.86980414e-01\n 7.91567040e-01 8.27800223e-01 8.22851977e-01 8.09074192e-01\n 8.02636014e-01 7.92869842e-01 8.12576877e-01 8.11471633e-01\n 7.98779439e-01 5.81676695e-01 7.24630623e-01 8.05238387e-01\n 7.65182946e-01 7.40560914e-01 7.54950861e-01 7.20637783e-01\n 5.18347248e-01 4.07347930e-01 6.54829431e-01 6.69137730e-01\n 5.65854757e-01 4.93087573e-01 5.68239790e-01 5.35042198e-01\n 5.65953508e-01 5.37315645e-01 6.03177131e-01 5.48906769e-01\n 5.39936238e-01 5.67815804e-01 5.82844245e-01 5.35451897e-01\n 5.83686813e-01 5.65478765e-01 5.61575191e-01 5.60748922e-01\n 3.84675283e-01 4.61258764e-01 4.63024604e-01 4.95831258e-01\n 4.74112149e-01 4.45806823e-01 3.25164708e-01 3.94630437e-01\n 4.25079113e-01 3.73580844e-01 3.88212147e-01 1.93172012e-01\n 2.81998022e-01 3.75264718e-01 2.76405507e-01 2.85352931e-01\n 3.53018709e-01 3.13429533e-01 3.11299691e-01 2.91394439e-01\n 3.25164093e-01 3.29851207e-01 2.67906161e-01 2.59093288e-01\n 3.07391551e-01 2.81647525e-01 1.77291127e-01 1.93655128e-01\n 2.11466739e-01 2.56279426e-01 2.21080760e-01 2.15174692e-01\n 3.23686501e-01 2.41423479e-01 3.54780406e-01 1.63890018e-01\n 2.18546541e-01 3.25994436e-01 1.89894223e-01 1.52809265e-01\n 4.61187979e-02 1.39752562e-01 1.24742315e-01 4.27784239e-02\n 1.56314576e-01 6.86398193e-02 1.79195355e-01 1.30383266e-01\n 1.36659026e-01 2.20175789e-01 2.15106579e-01 1.99207455e-01\n 2.40849429e-01 1.32128415e-01 2.11796408e-01 2.30937129e-01\n 1.72682255e-01 2.07650928e-01 2.03914780e-01 2.06682671e-01\n 2.13274983e-01 1.74748578e-01 1.63276240e-01 2.47553365e-01\n 1.36808468e-01 2.80286242e-01 1.93715394e-01 3.35488943e-01\n 2.17497499e-01 1.62677242e-01 3.21835440e-01 1.79786091e-01\n 2.31428984e-01 2.83323028e-01 4.16034234e-02 5.15216109e-04\n 8.71841052e-02 1.34113258e-01 1.02352573e-01 2.02036333e-01\n 9.49828334e-03 3.49412446e-02 8.25828253e-02 1.12710604e-02\n 1.09512933e-02 6.22541417e-02 8.03589294e-02 7.31378022e-02\n 1.68279747e-01 1.01402601e-01 3.27718833e-02 1.25522352e-01\n 4.65390470e-02 6.12283382e-02 5.44232728e-02 1.15004667e-01\n 7.34895701e-02 4.15987196e-02 4.69413654e-02 1.76802879e-02\n 5.17073150e-02 1.42583336e-01 1.01369372e-01 1.53364589e-04\n 3.34116270e-02 1.09588522e-01 2.10416327e-02 1.61922013e-04\n 3.05993795e-02 8.38323218e-02 1.48541304e-01 4.64537595e-02\n 8.92848155e-02 4.38398829e-03 4.27077462e-02 1.09618687e-02\n 1.11822047e-01 1.63661249e-01 1.93900772e-01 3.61234196e-02\n 5.77670138e-02 7.84553307e-02 1.10437737e-01 1.16239546e-01\n 1.83537232e-01 3.05598792e-02 5.75850203e-02 1.19221698e-01\n 7.72658680e-02 7.21055288e-03 2.83786554e-01 4.74591646e-02\n 1.47815870e-01 1.91899698e-01 2.26008291e-02 3.62345160e-02\n 7.56976068e-02 1.32007742e-01 5.47423136e-01 1.00000000e+00]"
  ]
}