,mae,mse,psnr,frc50
0,0.08503615111112595,0.009605908766388893,68.30541885649862,1
1,0.2513031416192908,0.08223475802766393,58.98024941770316,1
