{
  "mae": [
    "0.11630983",
    0.030807389835910397
  ],
  "mse": [
    "0.02047621",
    0.0015953924547024954
  ],
  "psnr": [
    65.01830764459423,
    76.10212826988186
  ],
  "ssim": [
    0.7714248359650173,
    0.9749022960007027
  ],
  "ms_ssim": [
    0.9539395292437652,
    0.10338504609518098
  ],
  "frc50": [
    "42",
    NaN
  ],
  "frc": [
    "[1.         0.99991551 0.9998859  0.99952379 0.99954111 0.9993664\n 0.99892232 0.99887942 0.99904466 0.99819328 0.99733633 0.99771021\n 0.99457771 0.99625648 0.99229149 0.99196062 0.99069186 0.98727347\n 0.98116053 0.97127297 0.97028621 0.96880546 0.96767774 0.95508896\n 0.95039459 0.94443874 0.90007323 0.92155343 0.90942206 0.84423275\n 0.87272599 0.79679141 0.72062392 0.5477426  0.69047461 0.66448162\n 0.73945516 0.68508855 0.73617549 0.67820341 0.61932194 0.64218846\n 0.48266018 0.61439262 0.53025868 0.52496835 0.49492654 0.44906334\n 0.5605014  0.60306324 0.57607898 0.58787027 0.6161668  0.64926763\n 0.63326953 0.67018635 0.68020062 0.67365881 0.65637098 0.6791351\n 0.71759511 0.70923419 0.68575657 0.71112865 0.64798063 0.43929099\n 0.64682838 0.6707105  0.65606806 0.64685328 0.59609691 0.59256863\n 0.40434831 0.34607849 0.54452697 0.57659799 0.5297947  0.48915763\n 0.5086557  0.51352227 0.47316141 0.48144574 0.56617655 0.49967312\n 0.43324509 0.48400658 0.51384518 0.42592225 0.39856267 0.48739252\n 0.50225178 0.40702561 0.23330947 0.3828772  0.41498584 0.48263075\n 0.41160863 0.46961629 0.4007855  0.45975488 0.39549278 0.34076704\n 0.35146095 0.18333696 0.4321577  0.39517653 0.39461221 0.46159699\n 0.45707661 0.4936465  0.47979316 0.48454727 0.56013394 0.51181221\n 0.57766729 0.53540734 0.5318085  0.51716699 0.35145308 0.57429084\n 0.60228121 0.61802346 0.64277326 0.65782339 0.65672882 0.66247064\n 0.65096838 0.63595365 0.69242582 0.62116269 0.45366889 0.5347137\n 0.66901448 0.6405375  0.39791311 0.51591213 0.65536987 0.66157775\n 0.66406513 0.62769963 0.703402   0.7393073  0.75094212 0.73760711\n 0.65408204 0.42095732 0.54564832 0.70012116 0.73584627 0.74797016\n 0.77057242 0.76493899 0.76965332 0.81678528 0.80627378 0.80836422\n 0.82459718 0.81251134 0.79666955 0.78770136 0.75331209 0.74514874\n 0.68158937 0.46606873 0.11293054 0.10961771 0.02224419 0.15291808\n 0.13771025 0.25552424 0.18202799 0.19673793 0.18823751 0.19682953\n 0.12910783 0.00721166 0.1653436  0.26394323 0.18038712 0.15502476\n 0.26646491 0.22511449 0.28279452 0.12278021 0.05820073 0.08514174\n 0.18466484 0.16743197 0.23314052 0.32847159 0.00945228 0.17358165\n 0.38804397 0.17888168 0.30859122 0.32014804 0.28805751 0.2869965\n 0.33768633 0.37956573 0.34019622 0.29367476 0.31350486 0.30525776\n 0.2680431  0.41371702 0.35843621 0.31125692 0.17322774 0.03596796\n 0.00233946 0.19948302 0.3000618  0.23734308 0.29299412 0.38241485\n 0.27301316 0.27841327 0.22688174 0.37955629 0.18082992 0.33824991\n 0.551876   0.25853045 0.3185286  0.44848233 0.27302551 0.31218291\n 0.35668798 0.13955264 0.67334556 0.99999999]",
    null
  ]
}