{
  "mae": [
    "0.09978101",
    0.02321118579954112
  ],
  "mse": [
    "0.015273118",
    0.0008944856680725007
  ],
  "psnr": [
    66.29152662661727,
    78.61506974630686
  ],
  "ssim": [
    0.8210337400316348,
    0.9845483057591221
  ],
  "ms_ssim": [
    0.9665555527268449,
    0.1326583437616643
  ],
  "frc50": [
    "79",
    NaN
  ],
  "frc": [
    "[1.         0.99999329 0.99997538 0.99992535 0.9999122  0.99992105\n 0.99982502 0.99970926 0.9996993  0.99946825 0.99919731 0.99878867\n 0.99824821 0.99851316 0.99687584 0.99605701 0.99603604 0.99377282\n 0.99243757 0.98895349 0.9836834  0.98404327 0.98213298 0.97553192\n 0.97138235 0.96303237 0.94160404 0.95551479 0.94632801 0.90385389\n 0.91479226 0.89246517 0.80345736 0.70963796 0.7884808  0.77241253\n 0.77324794 0.74709707 0.77193914 0.71349875 0.66575707 0.63813896\n 0.52736692 0.65291986 0.60265579 0.61901179 0.64624452 0.61869704\n 0.67584713 0.72045108 0.67567868 0.71814578 0.75904273 0.75950522\n 0.76406726 0.76111431 0.79680049 0.77507999 0.78092909 0.77608926\n 0.79659056 0.79282235 0.76236079 0.79609335 0.7541744  0.56936777\n 0.75780887 0.73801033 0.72145901 0.72050028 0.65762635 0.64253636\n 0.54551659 0.52893267 0.59253938 0.60897761 0.58288244 0.53137562\n 0.54892762 0.49847584 0.51600899 0.49227776 0.60687148 0.50941438\n 0.44245765 0.54775577 0.59130443 0.46109911 0.4561703  0.50117262\n 0.52557479 0.47463621 0.3135025  0.42884769 0.50238625 0.53364783\n 0.51880387 0.5732172  0.4082829  0.53862313 0.4961307  0.43382178\n 0.46547939 0.35567902 0.54967517 0.47780104 0.43267288 0.50192492\n 0.46017718 0.53358267 0.50564571 0.49103247 0.55908953 0.55002388\n 0.5940897  0.54734813 0.56128142 0.55803804 0.48281908 0.58076324\n 0.60350059 0.61028356 0.61010104 0.64115165 0.64446874 0.63305626\n 0.59957107 0.64815802 0.66069356 0.65881597 0.51735559 0.54615557\n 0.68858287 0.71887816 0.65277006 0.71952337 0.71748491 0.70637048\n 0.72170526 0.71016523 0.73982027 0.74549718 0.76751001 0.77979203\n 0.77212126 0.6882034  0.73674561 0.78734945 0.78571934 0.79192818\n 0.78227399 0.76794859 0.78896281 0.81974297 0.80790298 0.79821605\n 0.79587731 0.80713521 0.77172278 0.75195525 0.77566545 0.74174186\n 0.74141102 0.5036052  0.27507702 0.15660384 0.07564967 0.18548475\n 0.16394539 0.23380341 0.12910903 0.18779704 0.21489137 0.21499314\n 0.14522492 0.02856673 0.19809647 0.2990988  0.15522293 0.20218554\n 0.2391179  0.22834018 0.30009916 0.14914854 0.14728526 0.23504728\n 0.26390787 0.17931708 0.31616265 0.36435059 0.20841615 0.25255611\n 0.37911201 0.2309622  0.28384364 0.33187978 0.30656045 0.29850595\n 0.35009981 0.33575732 0.43723953 0.36067998 0.29789679 0.3274182\n 0.32970023 0.31728592 0.40175498 0.22889074 0.25192181 0.26441869\n 0.33272485 0.35559283 0.54534652 0.32567258 0.36001625 0.30119216\n 0.35078974 0.35121039 0.38024503 0.33107044 0.31290964 0.34845195\n 0.65817172 0.29202105 0.30648893 0.28887845 0.3832279  0.22030547\n 0.62982906 0.19994487 0.86522547 0.99999999]",
    null
  ]
}