{
  "train": {
    "metrics_version": "1.0",
    "gridsize": 2,
    "s_img": 0.8,
    "n_groups": 512,
    "neighbor_count": 25,
    "probe_diameter_px": 38.4,
    "rng_seed_subsample": 456,
    "metric_1_group_based_avg": 0.8908832219844647,
    "metric_2_image_based_avg": 0.7612521791652203,
    "metric_3_group_to_group_avg": 0.2706207501148672,
    "n_images_total": 4070,
    "n_images_subsampled": 4070,
    "n_unique_images": 4070,
    "n_groups_actual": 512,
    "geometry_acceptance_bound": 0.01196140037473665,
    "effective_min_acceptance": 0.01196140037473665
  },
  "test": {
    "metrics_version": "1.0",
    "gridsize": 2,
    "s_img": 0.8,
    "n_groups": 512,
    "neighbor_count": 25,
    "probe_diameter_px": 38.4,
    "rng_seed_subsample": 456,
    "metric_1_group_based_avg": 0.8942481591520092,
    "metric_2_image_based_avg": 0.7634150785371115,
    "metric_3_group_to_group_avg": 0.26725705757217955,
    "n_images_total": 4173,
    "n_images_subsampled": 4173,
    "n_unique_images": 4173,
    "n_groups_actual": 512,
    "geometry_acceptance_bound": 0.011667613696020715,
    "effective_min_acceptance": 0.011667613696020715
  }
}