{
  "amplitude": {
    "bias_summary": {
      "mean": -2.297904982811452,
      "median": -2.5305827856063843,
      "p05": -3.6955116152763368,
      "p95": 0.26644189357757603
    },
    "color_range": [
      -4.85612678527832,
      4.85612678527832
    ],
    "count": 153664,
    "mae": 2.3676534264058695,
    "max_abs": 4.7676825523376465,
    "pearson_r": 0.1350336288224412,
    "pred_stats": {
      "max": 3.974832773208618,
      "mean": 0.4103425145149231,
      "min": 0.0,
      "nan_count": 0,
      "std": 1.0152891874313354
    },
    "rmse": 2.5585799160141516,
    "truth_stats": {
      "max": 4.85612678527832,
      "mean": 2.708247423171997,
      "min": 0.6128976941108704,
      "nan_count": 0,
      "std": 0.6410303115844727
    }
  },
  "phase": {
    "bias_summary": {
      "mean": -0.1165551177324143,
      "median": 0.0,
      "p05": -0.8559798449277878,
      "p95": 0.0
    },
    "color_range": [
      -3.141592653589793,
      3.141592653589793
    ],
    "count": 153664,
    "mae": 0.11655511772426862,
    "max_abs": 1.0560259819030762,
    "pearson_r": null,
    "pred_stats": {
      "max": 0.0,
      "mean": -0.1165551245212555,
      "min": -1.0560259819030762,
      "nan_count": 0,
      "std": 0.2885179817676544
    },
    "rmse": 0.31117150622906997,
    "truth_stats": {
      "max": 0.0,
      "mean": 0.0,
      "min": 0.0,
      "nan_count": 0,
      "std": 0.0
    }
  }
}