{
  "amplitude": {
    "bias_summary": {
      "mean": -2.296598077438669,
      "median": -2.5305827856063843,
      "p05": -3.6955116152763368,
      "p95": 0.266904628276825
    },
    "color_range": [
      -4.85612678527832,
      4.85612678527832
    ],
    "count": 153664,
    "mae": 2.3653344966274146,
    "max_abs": 4.7676825523376465,
    "pearson_r": 0.1355452445528557,
    "pred_stats": {
      "max": 3.846496343612671,
      "mean": 0.4116493761539459,
      "min": 0.0,
      "nan_count": 0,
      "std": 1.0167276859283447
    },
    "rmse": 2.5577986302937847,
    "truth_stats": {
      "max": 4.85612678527832,
      "mean": 2.708247423171997,
      "min": 0.6128976941108704,
      "nan_count": 0,
      "std": 0.6410303115844727
    }
  },
  "phase": {
    "bias_summary": {
      "mean": 0.12432181284410328,
      "median": 0.0,
      "p05": 0.0,
      "p95": 0.8992743402719497
    },
    "color_range": [
      -3.141592653589793,
      3.141592653589793
    ],
    "count": 153664,
    "mae": 0.12432181275954338,
    "max_abs": 1.0701547861099243,
    "pearson_r": null,
    "pred_stats": {
      "max": 1.0701547861099243,
      "mean": 0.12432181090116501,
      "min": 0.0,
      "nan_count": 0,
      "std": 0.3069533705711365
    },
    "rmse": 0.33117410788372004,
    "truth_stats": {
      "max": 0.0,
      "mean": 0.0,
      "min": 0.0,
      "nan_count": 0,
      "std": 0.0
    }
  }
}