{
  "train_loss": [
    0.29915231466293335,
    0.10414888709783554,
    0.08235063403844833,
    0.08329827338457108,
    0.07349345833063126,
    0.06404469907283783,
    0.05921564996242523,
    0.056563958525657654,
    0.05279063433408737,
    0.050455790013074875
  ],
  "val_loss": [
    3.1920862197875977,
    0.16545075178146362,
    0.07884067296981812,
    0.06902483850717545,
    0.0866183340549469,
    0.07678942382335663,
    0.05573050305247307,
    0.056357983499765396,
    0.058884408324956894,
    0.053033579140901566,
    0.046137262135744095
  ]
}