{
  "mae": [
    "0.14017056",
    0.03407884405862733
  ],
  "mse": [
    "0.02993562",
    0.0018630642944606418
  ],
  "psnr": [
    63.36892109985668,
    75.42852518037355
  ],
  "ssim": [
    0.6641191025054275,
    0.9689717532893273
  ],
  "ms_ssim": [
    0.9327522728179828,
    0.09669021395031728
  ],
  "frc50": [
    "32",
    NaN
  ],
  "frc": [
    "[1.         0.99998539 0.99992162 0.99986921 0.99986654 0.99982167\n 0.99946275 0.99955078 0.99899625 0.99798669 0.99757485 0.99740103\n 0.99621336 0.99550306 0.9939301  0.9882883  0.9870078  0.98128613\n 0.97646719 0.96122785 0.95989268 0.95725736 0.95065004 0.92028535\n 0.90742055 0.90813743 0.84329627 0.82997257 0.85036485 0.68823915\n 0.79601809 0.75191643 0.38209239 0.38730724 0.67440277 0.61459352\n 0.63172655 0.56849287 0.59213764 0.51169207 0.49285558 0.39124062\n 0.24482593 0.3158427  0.24987332 0.23056302 0.19621235 0.11463461\n 0.18465617 0.20601405 0.17102729 0.1108781  0.13016174 0.20572458\n 0.16102648 0.25216683 0.25977615 0.28620515 0.23502997 0.36012409\n 0.38842036 0.39553558 0.38347733 0.45771692 0.33588112 0.06369541\n 0.38979805 0.4616898  0.41011646 0.39065272 0.34132778 0.33823514\n 0.21932199 0.23586391 0.37286632 0.39916841 0.26003912 0.28842086\n 0.23521641 0.23634247 0.12734912 0.16747297 0.24839095 0.21221021\n 0.16768225 0.1598287  0.21859567 0.16772425 0.20924574 0.21117316\n 0.19283461 0.24888451 0.15765286 0.22901604 0.31770733 0.39833688\n 0.36338219 0.34373523 0.06535049 0.36291612 0.33720236 0.27996767\n 0.30994802 0.15789211 0.37424385 0.36409323 0.36277031 0.40760526\n 0.39484298 0.39539945 0.39420306 0.35322678 0.4771194  0.47769696\n 0.46821766 0.51384952 0.50302776 0.49471454 0.32278667 0.51289025\n 0.50986149 0.54977627 0.56830021 0.5724577  0.62701114 0.59126918\n 0.59771387 0.64258035 0.63021545 0.60569134 0.35657495 0.20824672\n 0.50266747 0.50282781 0.32127632 0.49161493 0.57978185 0.60626854\n 0.60006604 0.56533    0.62221218 0.66700953 0.62440376 0.63842336\n 0.56948161 0.43090405 0.53753853 0.60537387 0.6361597  0.6241618\n 0.68302903 0.64514826 0.7085919  0.69656944 0.72371939 0.73013798\n 0.73073304 0.70889006 0.72339228 0.67352364 0.70334577 0.67597594\n 0.673277   0.37928469 0.09361697 0.01498995 0.01150729 0.15100507\n 0.12905165 0.1641046  0.11637016 0.15374596 0.11619223 0.12852635\n 0.03244648 0.01737002 0.13242426 0.14349475 0.17279462 0.09580975\n 0.17493472 0.12607382 0.19441249 0.1581192  0.02676071 0.03311107\n 0.14854539 0.12726634 0.11801224 0.23791639 0.02103317 0.03045411\n 0.20859363 0.2118425  0.15238144 0.21974813 0.31815178 0.12554661\n 0.30112262 0.18176    0.24915434 0.2655812  0.22640606 0.32466463\n 0.15978428 0.35939617 0.19881544 0.28195802 0.16402509 0.10337568\n 0.05665628 0.07938071 0.07630949 0.07562137 0.20809863 0.12594886\n 0.16979876 0.05856943 0.26006667 0.18193737 0.16740081 0.11821525\n 0.14244824 0.23268949 0.12945361 0.28416079 0.03467141 0.31318801\n 0.11285456 0.05477593 0.77935191 0.99999998]",
    null
  ]
}