{
  "mae": [
    "0.13828558",
    0.04461160624154557
  ],
  "mse": [
    "0.03057664",
    0.0031597543707128305
  ],
  "psnr": [
    63.27690594402905,
    73.13427037456779
  ],
  "ssim": [
    0.7077899290030711,
    0.9357630026784366
  ],
  "ms_ssim": [
    0.9541892921081636,
    0.08659818627467104
  ],
  "frc50": [
    "42",
    NaN
  ],
  "frc": [
    "[1.00000000e+00 9.99957235e-01 9.99862473e-01 9.99289225e-01\n 9.99778034e-01 9.99704552e-01 9.99104399e-01 9.98914193e-01\n 9.98953753e-01 9.98287733e-01 9.97933187e-01 9.96743045e-01\n 9.96447742e-01 9.96537074e-01 9.96410097e-01 9.91763720e-01\n 9.93530340e-01 9.91256505e-01 9.88812688e-01 9.79679998e-01\n 9.82797527e-01 9.78496157e-01 9.78678048e-01 9.71697879e-01\n 9.60904379e-01 9.58875668e-01 9.31176736e-01 9.40524256e-01\n 9.31191161e-01 8.58483292e-01 8.92310180e-01 8.32876453e-01\n 6.67457382e-01 5.06876535e-01 6.82353827e-01 6.19180426e-01\n 6.95466893e-01 6.53081933e-01 6.92163646e-01 6.10977825e-01\n 5.81476104e-01 5.06292251e-01 4.03287274e-01 5.07922328e-01\n 4.55509084e-01 4.22523502e-01 3.59373102e-01 3.49727650e-01\n 4.67646797e-01 5.04063510e-01 4.23356313e-01 4.63366542e-01\n 5.43729606e-01 5.58466868e-01 5.45785744e-01 5.49270682e-01\n 5.64870868e-01 6.04724490e-01 6.09393681e-01 6.63110531e-01\n 6.73256482e-01 6.79465943e-01 6.68654195e-01 7.19857550e-01\n 6.16898108e-01 1.23526654e-01 4.72750988e-01 5.98034439e-01\n 5.79428761e-01 6.23773794e-01 4.95172802e-01 5.11706185e-01\n 2.42645586e-01 1.81301500e-01 3.75432072e-01 3.89902605e-01\n 3.79815293e-01 3.56372749e-01 3.71790902e-01 4.10737544e-01\n 3.37765241e-01 3.85277527e-01 4.46347448e-01 3.90430430e-01\n 3.11689174e-01 3.73635337e-01 3.39351952e-01 3.00512241e-01\n 2.40816367e-01 2.90517929e-01 2.37687907e-01 2.52414847e-01\n 9.64928961e-02 2.11090484e-01 1.91521167e-01 3.63143105e-01\n 2.91498129e-01 2.78776512e-01 7.32038358e-02 2.87839319e-01\n 2.25498844e-01 1.96542853e-01 1.61949392e-01 4.84108709e-02\n 2.39518847e-01 2.39443260e-01 2.76130046e-01 3.83221904e-01\n 3.25388574e-01 3.89689386e-01 3.65168421e-01 4.01649696e-01\n 4.45852181e-01 4.38760419e-01 4.75573183e-01 4.26946035e-01\n 4.42954110e-01 3.48710545e-01 1.67556898e-01 4.75163824e-01\n 5.18679982e-01 5.08840629e-01 5.42887769e-01 5.89449914e-01\n 5.94343960e-01 5.74232963e-01 5.57941333e-01 5.89957796e-01\n 5.70716201e-01 5.40536232e-01 2.73761770e-01 1.06082759e-01\n 3.29843153e-01 3.57407763e-01 1.53184411e-01 2.64928025e-01\n 4.47908178e-01 4.73409069e-01 4.64280272e-01 3.71647625e-01\n 5.82802341e-01 6.03160137e-01 6.15454355e-01 6.16984556e-01\n 5.50833355e-01 2.92746145e-01 4.33977342e-01 6.30890645e-01\n 6.41180083e-01 6.78788947e-01 6.70623404e-01 6.84030805e-01\n 6.99601269e-01 7.44075311e-01 7.35102725e-01 6.71532642e-01\n 7.23966449e-01 7.06304914e-01 6.72263169e-01 5.75307892e-01\n 5.98884399e-01 5.49093044e-01 4.83008087e-01 2.55599919e-01\n 1.00302856e-01 8.10377741e-02 4.14293165e-03 1.50329953e-01\n 1.24575330e-01 2.24584613e-01 1.70042489e-01 1.05780348e-01\n 9.19430214e-02 1.57643945e-01 7.43609390e-02 5.35453290e-02\n 6.07578613e-02 2.19242145e-01 1.37813159e-01 9.86970572e-02\n 1.91531186e-01 1.22962157e-01 1.71597579e-01 7.94666329e-02\n 6.77244908e-02 6.18815854e-02 1.16186423e-01 8.01718785e-02\n 1.54622966e-01 2.25803299e-01 3.31398148e-03 5.61951795e-03\n 1.95039611e-01 7.16867161e-02 9.06563484e-02 2.66526937e-01\n 1.77138840e-01 1.42678641e-01 1.68729943e-01 2.23545438e-01\n 2.67058363e-01 1.29751706e-01 1.02314985e-01 2.40029796e-01\n 4.06375256e-02 2.60044614e-01 1.14406126e-01 2.29664809e-01\n 1.32825794e-01 8.35753386e-02 3.51059563e-02 4.84394097e-02\n 1.29319845e-01 1.07655039e-01 1.13962734e-01 3.65697849e-02\n 1.57431415e-01 1.00691199e-02 2.07750011e-01 1.80221772e-01\n 2.04125513e-01 1.70546625e-01 1.80050978e-01 1.47439543e-01\n 4.52736989e-02 7.14166468e-02 7.79381844e-02 8.65641240e-04\n 1.74543388e-01 4.42014327e-01 6.30615313e-01 9.99999980e-01]",
    null
  ]
}