{
  "train_loss": [
    0.26171475648880005,
    0.0866709053516388,
    0.07889227569103241,
    0.07424882799386978,
    5.540273666381836,
    0.20893459022045135,
    0.20925000309944153,
    0.20901301503181458,
    0.20816068351268768,
    0.2087009698152542
  ],
  "val_loss": [
    0.9856151342391968,
    0.18539483845233917,
    0.07572178542613983,
    0.10026498883962631,
    0.07821469753980637,
    0.1794210523366928,
    0.18851163983345032,
    0.18457230925559998,
    0.1832267940044403,
    0.19040286540985107,
    0.19730693101882935
  ]
}