{
  "amplitude": {
    "max": 4.317224502563477,
    "mean": 0.4169623553752899,
    "min": 0.0,
    "nan_count": 0,
    "std": 1.0108436346054077
  },
  "fits_canvas": true,
  "offsets": {
    "axis_max_abs": [
      377.02992320243726,
      381.8949744624406
    ],
    "max_abs": 381.8949744624406
  },
  "padded_size": 828,
  "phase": {
    "max": 1.164018154144287,
    "mean": 0.1311090588569641,
    "min": 0.0,
    "nan_count": 0,
    "std": 0.31756776571273804
  },
  "prediction_scale": {
    "applied": true,
    "least_squares": {
      "denominator": 62845.70136291237,
      "finite_count": 153664,
      "numerator": 107455.37539582007
    },
    "mode": "least_squares",
    "recorded_scale": 988.211669921875,
    "source": "least_squares",
    "value": 1.7098285652872602
  },
  "required_canvas": 828
}