{
  "amplitude": {
    "bias_summary": {
      "mean": -2.293429989713721,
      "median": -2.5243802070617676,
      "p05": -3.7023458957672117,
      "p95": 0.24062742590904238
    },
    "color_range": [
      -4.85612678527832,
      4.85612678527832
    ],
    "count": 153664,
    "mae": 2.3731070286235534,
    "max_abs": 4.7676825523376465,
    "pearson_r": 0.10394766414237716,
    "pred_stats": {
      "max": 4.665185928344727,
      "mean": 0.4148174822330475,
      "min": 0.0,
      "nan_count": 0,
      "std": 1.009259819984436
    },
    "rmse": 2.560243205336852,
    "truth_stats": {
      "max": 4.85612678527832,
      "mean": 2.708247423171997,
      "min": 0.6128976941108704,
      "nan_count": 0,
      "std": 0.6410303115844727
    }
  },
  "phase": {
    "bias_summary": {
      "mean": 0.17777064789291386,
      "median": 0.0,
      "p05": 0.0,
      "p95": 1.2130691051483156
    },
    "color_range": [
      -3.141592653589793,
      3.141592653589793
    ],
    "count": 153664,
    "mae": 0.17777064789795644,
    "max_abs": 1.3306421041488647,
    "pearson_r": null,
    "pred_stats": {
      "max": 1.3306421041488647,
      "mean": 0.17777064442634583,
      "min": 0.0,
      "nan_count": 0,
      "std": 0.4237482249736786
    },
    "rmse": 0.4595268801935101,
    "truth_stats": {
      "max": 0.0,
      "mean": 0.0,
      "min": 0.0,
      "nan_count": 0,
      "std": 0.0
    }
  }
}