{
  "train_loss": [
    0.1154220774769783,
    0.07603874057531357,
    0.06000395864248276,
    0.05192669853568077,
    0.04997945576906204,
    0.04428698495030403,
    0.039208993315696716,
    0.03802156075835228,
    0.04538732022047043,
    0.03555809333920479
  ],
  "val_loss": [
    1.0534164905548096,
    0.07313743233680725,
    0.0596512109041214,
    0.06409700214862823,
    0.10584461688995361,
    0.041805338114500046,
    0.044036783277988434,
    0.0608956478536129,
    0.03126155585050583,
    0.03702831640839577,
    0.028253639116883278
  ]
}