{
  "train_loss": [
    0.15188045799732208,
    0.06785030663013458,
    0.05057233199477196,
    0.044437285512685776,
    0.042665865272283554,
    0.037199243903160095,
    0.03520306572318077,
    0.03022521734237671,
    0.02968597039580345,
    0.029442330822348595,
    0.027803000062704086,
    0.0265787485986948,
    0.027770312502980232,
    0.023899275809526443,
    0.02437562681734562,
    0.02623467519879341,
    0.02265889011323452,
    0.022357681766152382,
    0.02345374971628189,
    0.0219571515917778
  ],
  "val_loss": [
    3.3520283699035645,
    0.16354168951511383,
    0.21284794807434082,
    0.12325906753540039,
    0.04623799026012421,
    0.14842650294303894,
    0.0403800830245018,
    0.048082586377859116,
    0.04354904592037201,
    0.04449472576379776,
    0.06175728514790535,
    0.043742045760154724,
    0.05727548897266388,
    0.04971960559487343,
    0.045234523713588715,
    0.0660732313990593,
    0.05079793184995651,
    0.042001042515039444,
    0.023476844653487206,
    0.046840909868478775,
    0.03525048494338989
  ]
}