{
  "mae": [
    "0.048716657",
    0.134519983243141
  ],
  "mse": [
    "0.0037660848",
    0.028757478865923718
  ],
  "psnr": [
    72.37190280587684,
    63.5432955140384
  ],
  "ssim": [
    0.959863636723021,
    0.9606575972967625
  ],
  "ms_ssim": [
    0.9935750391614938,
    0.7494218163968223
  ],
  "frc50": [
    "103",
    "98"
  ],
  "frc": [
    "[1.         0.99999386 0.99997834 0.99990793 0.99995722 0.99995989\n 0.99986041 0.99987921 0.9998453  0.99969673 0.99957034 0.99936093\n 0.99921508 0.99923632 0.99873354 0.9988261  0.99887533 0.99834051\n 0.99817565 0.99736592 0.99679678 0.99644134 0.99583558 0.9950628\n 0.99440334 0.99484521 0.99187526 0.99344749 0.99147592 0.98755492\n 0.98861526 0.98181012 0.89723985 0.87764479 0.97749972 0.97848917\n 0.9874761  0.98311562 0.98503739 0.97711257 0.97782012 0.97796797\n 0.97575274 0.96639071 0.9662589  0.94879685 0.91125976 0.90794824\n 0.95140497 0.94707437 0.94327352 0.94914269 0.95087854 0.95305586\n 0.96093457 0.95173313 0.96098243 0.97208162 0.96566505 0.97365936\n 0.96595406 0.96881462 0.97194205 0.97312084 0.97375406 0.76297203\n 0.93712325 0.9593707  0.95401705 0.957013   0.94631779 0.95390403\n 0.89073392 0.79530709 0.90451757 0.92396553 0.92098169 0.90255963\n 0.90738633 0.91500712 0.90483855 0.89528785 0.89851303 0.90310286\n 0.91187392 0.91413204 0.89238496 0.89626944 0.90229425 0.88302834\n 0.85862428 0.86135474 0.77100791 0.83986254 0.85531607 0.84899629\n 0.835556   0.8240855  0.62944182 0.79198778 0.76674212 0.74864928\n 0.69260601 0.47507808 0.7156933  0.69750629 0.67769991 0.73087846\n 0.70474838 0.70790772 0.69057063 0.70435723 0.71839769 0.70988475\n 0.73135384 0.73275986 0.7768649  0.77106783 0.72480238 0.72853627\n 0.77827117 0.77151649 0.75191669 0.78663118 0.77891286 0.80744652\n 0.80611725 0.80031594 0.82431078 0.80870019 0.68699814 0.7455606\n 0.81835618 0.79311148 0.61675647 0.71902815 0.82637077 0.8489978\n 0.85202912 0.85577759 0.87534212 0.87616589 0.89454919 0.89371243\n 0.89681569 0.89444761 0.89969567 0.90710229 0.9085375  0.91149335\n 0.91486867 0.90854161 0.91774277 0.91990177 0.90669223 0.90084614\n 0.91065064 0.90661773 0.89267055 0.92072722 0.90045792 0.91104297\n 0.91359314 0.72607098 0.52753914 0.45539586 0.12831289 0.39904977\n 0.37429632 0.35664105 0.37505814 0.35085815 0.45373527 0.30838478\n 0.30451933 0.15055713 0.41931821 0.33816631 0.3337506  0.35691896\n 0.35026937 0.33778234 0.35106569 0.34705922 0.24445827 0.27311801\n 0.40087257 0.37032522 0.32085971 0.37143161 0.22935537 0.3025295\n 0.4104572  0.45506155 0.27507611 0.38013347 0.37502901 0.40513449\n 0.34146206 0.45869469 0.34397758 0.45031592 0.44984868 0.2772992\n 0.44454916 0.42290174 0.39453776 0.36689776 0.34844454 0.291347\n 0.41996965 0.41580156 0.38741528 0.38323415 0.42258832 0.42132947\n 0.40218724 0.27717819 0.18531308 0.42575764 0.25365834 0.29823236\n 0.28429049 0.29031158 0.26624616 0.51192196 0.46993042 0.1461086\n 0.41627488 0.2891342  0.32114777 1.        ]",
    "[1.         0.99655874 0.98609321 0.96600295 0.97510874 0.98692164\n 0.96287438 0.96182514 0.97784819 0.97211533 0.96631702 0.96171865\n 0.95175205 0.97278095 0.95462123 0.95600927 0.96390083 0.94160573\n 0.94001615 0.92043975 0.93367126 0.93261074 0.91381314 0.90563159\n 0.84851683 0.8550674  0.8311056  0.87157349 0.83745764 0.88285416\n 0.91425172 0.91617915 0.91847197 0.95091452 0.94541338 0.89744101\n 0.89610998 0.91077759 0.90136103 0.89590988 0.91017566 0.91504199\n 0.91255855 0.91603445 0.91915738 0.88452311 0.86431507 0.8552571\n 0.9224973  0.93654273 0.91857345 0.91632684 0.91714035 0.90849746\n 0.91725006 0.87662871 0.89926565 0.86743045 0.85302084 0.83305034\n 0.82212512 0.79824333 0.82598619 0.84787976 0.85258434 0.68755214\n 0.87628007 0.89627479 0.85248137 0.8344797  0.83425796 0.86809699\n 0.84771059 0.74095034 0.88405633 0.87687656 0.89273094 0.83590051\n 0.84724345 0.84993379 0.85700451 0.83074791 0.83859979 0.83494309\n 0.8237502  0.81326874 0.78036866 0.81669481 0.78065045 0.80515508\n 0.71787194 0.71527575 0.65330262 0.6627304  0.56443739 0.63375215\n 0.64902652 0.63684202 0.37540214 0.36885712 0.42729284 0.42317872\n 0.29740616 0.27021754 0.31662973 0.37328937 0.26404044 0.4677347\n 0.40324765 0.4071236  0.37466263 0.41366375 0.3511089  0.39434895\n 0.39597614 0.39879973 0.42387722 0.38949518 0.26032642 0.18628535\n 0.33820562 0.25147036 0.33935835 0.36336109 0.34334219 0.31284691\n 0.39685836 0.22949551 0.34588112 0.56821188 0.55287109 0.18224537\n 0.04011045 0.10043306 0.14408999 0.0360956  0.09625336 0.09856875\n 0.04631941 0.03425537 0.17410653 0.2254312  0.25539684 0.30579042\n 0.28153795 0.21329714 0.21433081 0.27808266 0.28065947 0.31278363\n 0.3115893  0.23402052 0.10011507 0.10797971 0.00582329 0.15956113\n 0.21300696 0.20053991 0.12126557 0.33362315 0.27277485 0.26789192\n 0.59561451 0.62467419 0.37313248 0.38672449 0.13655459 0.20158891\n 0.13177493 0.19001226 0.19436251 0.21123401 0.22500616 0.05876965\n 0.15522678 0.14503275 0.18639529 0.12292176 0.14355306 0.13364925\n 0.13191668 0.18009931 0.05691837 0.09702836 0.04311524 0.05516088\n 0.09311948 0.09398791 0.00561221 0.07891946 0.0675667  0.00291754\n 0.06624058 0.14829683 0.08288493 0.05613886 0.02042459 0.13749992\n 0.11958107 0.18519949 0.0086551  0.09655279 0.15211902 0.01333284\n 0.06401315 0.12829604 0.17879861 0.12084751 0.13467443 0.12099543\n 0.14734131 0.04802438 0.05553706 0.00952742 0.12633095 0.11931844\n 0.06045701 0.00497669 0.17848031 0.10644327 0.04860952 0.06630708\n 0.01043351 0.05932512 0.03090868 0.17734528 0.04447566 0.00127417\n 0.21334234 0.43884736 0.53122395 1.        ]"
  ]
}