{
  "train_loss": [
    24.936357498168945,
    25.605247497558594,
    25.602031707763672,
    25.607912063598633,
    25.594341278076172,
    25.60959815979004,
    25.603759765625,
    25.607202529907227,
    25.607492446899414,
    25.601484298706055,
    25.599267959594727,
    25.601505279541016,
    25.596696853637695,
    25.594348907470703,
    25.606273651123047,
    25.607812881469727,
    25.5955753326416,
    25.59449005126953,
    25.604028701782227,
    25.607379913330078
  ],
  "val_loss": [
    12.908895492553711,
    24.959110260009766,
    24.959110260009766,
    24.959110260009766,
    24.959110260009766,
    24.959110260009766,
    24.959110260009766,
    24.959110260009766,
    24.959110260009766,
    24.959110260009766,
    24.959110260009766,
    24.959110260009766,
    24.959110260009766,
    24.959110260009766,
    24.959110260009766,
    24.959110260009766,
    24.959110260009766,
    24.959110260009766,
    24.959110260009766,
    24.959110260009766,
    24.959110260009766
  ]
}