{
  "train_loss": [
    0.13878704607486725,
    0.09999999403953552,
    0.09183017909526825,
    0.08837845921516418,
    0.08507794886827469,
    0.08300220221281052,
    0.07933070510625839,
    0.08023877441883087,
    0.07835856825113297,
    0.07714056968688965,
    0.07618480175733566,
    0.0754605159163475,
    0.07541265338659286,
    0.07375186681747437,
    0.07487361878156662,
    0.07461243867874146,
    0.07233287394046783,
    0.07135515660047531,
    0.07096197456121445,
    0.07085403054952621
  ],
  "val_loss": [
    1.3909275531768799,
    0.15957720577716827,
    0.1435399055480957,
    0.16349942982196808,
    0.1452525109052658,
    0.14360126852989197,
    0.10224355757236481,
    0.12622682750225067,
    0.11798766255378723,
    0.13008981943130493,
    0.11280636489391327,
    0.12371371686458588,
    0.1259174793958664,
    0.11531871557235718,
    0.13494813442230225,
    0.12472955137491226,
    0.10479294508695602,
    0.10070845484733582,
    0.10536716878414154,
    0.10874836146831512,
    0.1122315302491188
  ]
}