{
  "mae": [
    "0.18919688",
    0.09991991957654096
  ],
  "mse": [
    "0.055368125",
    0.015578630641830299
  ],
  "psnr": [
    60.69820551262248,
    66.20551080118007
  ],
  "ssim": [
    0.5382954659175758,
    0.8937566301384936
  ],
  "ms_ssim": [
    0.8337854806477568,
    0.7962088724582843
  ],
  "frc50": [
    "16",
    "27"
  ],
  "frc": [
    "[1.00000000e+00 9.99922800e-01 9.99535152e-01 9.99343232e-01\n 9.98655283e-01 9.96792047e-01 9.91197581e-01 9.89894136e-01\n 9.79285563e-01 9.55448922e-01 9.07812083e-01 8.70136772e-01\n 8.15605168e-01 6.93586411e-01 5.88713371e-01 6.33505059e-01\n 3.15726223e-01 4.51342179e-01 6.32170656e-02 2.31269686e-01\n 2.22254721e-01 5.78526905e-01 6.97801959e-01 7.09803477e-01\n 7.91240532e-01 5.74764523e-01 5.18594359e-01 3.71000155e-01\n 6.34833490e-01 7.08579636e-01 7.51000262e-01 6.24928642e-01\n 5.88314749e-01 5.60292711e-01 6.00023192e-01 6.55979977e-01\n 6.74502536e-01 5.15862882e-01 4.45762790e-01 6.05106414e-01\n 4.99801565e-01 3.04538431e-01 2.55878890e-01 1.18511632e-01\n 1.25288303e-02 2.49338293e-02 6.80370686e-02 1.46853767e-01\n 4.51393479e-02 1.14994186e-02 4.60923116e-02 1.91402942e-01\n 2.86842970e-01 2.64161512e-01 4.05942120e-01 2.97967935e-01\n 3.58401743e-01 2.73618595e-01 1.14931560e-01 4.89334833e-02\n 1.89892120e-03 5.65267967e-03 2.54064803e-02 1.66094979e-01\n 1.41510451e-01 1.68131757e-01 2.50182344e-01 2.75561946e-01\n 2.84891977e-01 2.80567222e-01 2.14999485e-01 2.39956078e-01\n 1.70407126e-01 2.30946244e-01 2.24602299e-01 3.17532678e-01\n 2.27048967e-01 2.47488763e-01 2.76027152e-01 2.50605267e-01\n 1.54742502e-01 3.79609511e-01 2.53328514e-01 2.76390235e-01\n 2.27236856e-01 2.89025803e-01 2.54011150e-01 3.26176713e-01\n 3.36752300e-01 3.98747782e-01 3.71156936e-01 3.65406222e-01\n 3.76812848e-01 4.43492435e-01 4.03864572e-01 4.03607385e-01\n 4.26637450e-01 4.40195167e-01 4.88732133e-01 4.22755689e-01\n 4.40563365e-01 3.66200407e-01 5.05533779e-01 3.99832460e-01\n 4.72353736e-01 3.84089145e-01 3.23827857e-01 4.79124738e-01\n 5.13477837e-01 3.51254689e-01 4.13469913e-01 4.71561333e-01\n 5.98914147e-01 5.67435819e-01 5.93170779e-01 5.43006430e-01\n 6.08481173e-01 6.12291918e-01 6.30811636e-01 5.00541027e-01\n 6.20114409e-01 6.44803424e-01 6.17554776e-01 6.64004896e-01\n 6.59033077e-01 6.66266256e-01 6.27863970e-01 6.63342909e-01\n 5.05828411e-01 5.95345923e-01 5.73444473e-01 5.94842167e-01\n 4.89537755e-01 2.31425455e-01 1.20976466e-01 4.34103190e-02\n 1.35409629e-01 1.07789635e-01 1.04971682e-01 8.94968471e-04\n 9.16432334e-02 7.65839147e-02 1.68178962e-02 2.04466793e-02\n 5.97178158e-02 4.91518425e-02 2.80180735e-02 4.46088847e-02\n 1.24001040e-01 4.14530541e-03 5.05659617e-02 8.17372331e-02\n 1.53330185e-02 7.53837188e-02 4.58065594e-02 2.52147752e-02\n 1.24007787e-02 7.94413331e-02 3.04492608e-02 1.34778430e-02\n 5.04861185e-02 5.62409153e-02 6.64337884e-02 3.76920648e-03\n 1.43425554e-02 3.41206203e-02 1.00419005e-01 1.92517217e-01\n 1.12029161e-01 6.63813197e-02 6.09419817e-02 2.89727227e-01\n 1.35676184e-01 6.08586836e-02 1.19041390e-01 9.99049912e-02\n 1.06296925e-01 1.25942944e-01 1.00566779e-01 3.26798131e-01\n 8.56737828e-02 5.81191821e-02 2.22077725e-01 2.44678775e-01\n 4.52772535e-01 1.33856717e-01 5.17501181e-01 5.26986337e-01\n 9.99999983e-01]",
    "[1.00000000e+00 9.97390879e-01 9.89188718e-01 9.91092148e-01\n 9.70457577e-01 9.51920110e-01 9.17605901e-01 9.16347298e-01\n 9.30281027e-01 9.22494231e-01 8.93082947e-01 9.25346797e-01\n 9.23923898e-01 9.35561402e-01 9.50091417e-01 9.50533887e-01\n 9.40564103e-01 9.25814961e-01 8.52914887e-01 8.47842080e-01\n 7.88923623e-01 6.26568052e-01 6.00713583e-01 6.10610850e-01\n 6.23550372e-01 5.65312307e-01 5.67981734e-01 4.28184159e-01\n 6.89013142e-01 7.55823632e-01 7.87680208e-01 7.60316004e-01\n 5.51742598e-01 5.62471051e-01 4.60626460e-01 4.98587210e-01\n 4.63547760e-01 2.77398610e-01 2.16914541e-01 4.19453881e-01\n 2.80336645e-01 6.30256304e-02 1.60510738e-01 7.92898853e-02\n 2.84249883e-02 4.42124112e-02 6.34124903e-02 1.13510482e-01\n 2.49392224e-01 4.06466421e-01 4.36245748e-01 4.63113221e-01\n 4.61360867e-01 1.48086309e-01 2.07115029e-01 1.54205538e-01\n 7.97579628e-02 2.00287226e-02 1.55200551e-02 1.13694575e-02\n 5.92392090e-02 1.03079926e-01 1.08032461e-01 2.46530059e-01\n 1.61262299e-01 2.42559016e-01 2.33594205e-01 1.53425978e-01\n 1.67519683e-01 1.59650210e-01 2.27544801e-01 1.40227277e-01\n 1.45386928e-01 1.69838737e-01 2.14124193e-01 3.14668087e-01\n 2.11213768e-01 2.39637938e-01 2.64912510e-01 1.69512522e-01\n 9.46348741e-03 2.50145016e-01 1.69076945e-01 2.66854436e-01\n 1.37009154e-01 2.55696767e-01 2.17643840e-01 3.00489043e-01\n 3.16989494e-01 3.31489073e-01 3.55570441e-01 3.56875452e-01\n 3.65459224e-01 3.69585525e-01 3.18699740e-01 3.91977439e-01\n 3.08150690e-01 3.57382252e-01 3.91050966e-01 4.46626383e-01\n 3.95197214e-01 4.09530222e-01 4.29573815e-01 2.87639716e-01\n 4.63338803e-01 3.59945289e-01 2.07923452e-01 3.01410979e-01\n 3.23002793e-01 1.20646858e-01 2.67152252e-01 3.99028438e-01\n 5.22744842e-01 4.34337117e-01 4.89690694e-01 4.45542235e-01\n 4.25094100e-01 5.38161673e-01 5.47249585e-01 4.38286073e-01\n 5.36655619e-01 5.39234600e-01 5.42244801e-01 5.08758902e-01\n 5.89721176e-01 5.80765045e-01 5.78901393e-01 6.32269566e-01\n 5.94285619e-01 5.48060539e-01 3.73314091e-01 5.58000327e-01\n 4.94771298e-01 1.62910579e-01 1.45614726e-01 4.23839492e-02\n 1.07228235e-01 4.12510087e-02 4.62853305e-02 1.83913697e-02\n 2.93357127e-03 7.62132129e-02 4.96503611e-02 4.65575269e-02\n 7.98784302e-02 1.04342292e-01 8.35035062e-02 4.20665325e-02\n 9.47167096e-02 1.34574157e-02 2.20751974e-02 1.15924851e-01\n 3.64281386e-02 9.09692911e-02 8.93013677e-03 4.95497184e-04\n 7.27457332e-03 2.21456556e-02 7.28433979e-02 1.05579669e-02\n 8.12587113e-02 3.46403680e-02 1.29500498e-02 3.20210234e-02\n 4.40097672e-02 7.57205733e-02 1.17459349e-01 1.39043049e-01\n 4.02666031e-02 1.08837593e-01 4.83588746e-02 2.24977379e-01\n 9.62771434e-02 2.27204814e-02 7.79899033e-02 3.54331838e-02\n 7.19942205e-02 7.42979727e-02 8.06617498e-02 3.74496686e-01\n 5.52951593e-02 1.47013760e-01 2.58425953e-01 1.34404779e-01\n 2.92761812e-01 1.90126391e-01 2.67647583e-01 3.60802789e-01\n 1.00000000e+00]"
  ]
}