{
  "n_seeds": 20,
  "n_levels": 13,
  "modes": {
    "spatial": {
      "amplitude": {
        "ssim_amp": {
          "mean": -0.980703880326162,
          "ci95_lo": -0.9831603465463506,
          "ci95_hi": -0.9781015725728447,
          "per_seed_min": -0.9889499370655614,
          "per_seed_max": -0.965048538322649
        },
        "frc50_amp": {
          "mean": -0.939806877236047,
          "ci95_lo": -0.945737733185869,
          "ci95_hi": -0.9338915087865494,
          "per_seed_min": -0.9700772067699875,
          "per_seed_max": -0.9188099623587784
        }
      },
      "phase": {
        "ssim_phase": {
          "mean": 0.46291004988627565,
          "ci95_lo": 0.46291004988627565,
          "ci95_hi": 0.46291004988627565,
          "per_seed_min": 0.4629100498862757,
          "per_seed_max": 0.4629100498862757
        },
        "frc50_phase": {
          "mean": 1.0,
          "ci95_lo": 1.0,
          "ci95_hi": 1.0,
          "per_seed_min": 1.0,
          "per_seed_max": 1.0
        }
      },
      "monotonicity": {
        "single_frc50_amp": {
          "increasing": 20
        },
        "single_frc50_phase": {
          "decreasing": 20
        }
      }
    },
    "binomial": {
      "amplitude": {
        "ssim_amp": {
          "mean": 0.9913064331338172,
          "ci95_lo": 0.9904055905484247,
          "ci95_hi": 0.9921380776052007,
          "per_seed_min": 0.98755998565896,
          "per_seed_max": 0.9931081191208418
        },
        "frc50_amp": {
          "mean": 0.9554564423812666,
          "ci95_lo": 0.9522707121888445,
          "ci95_hi": 0.9595017459970461,
          "per_seed_min": 0.9496430911741175,
          "per_seed_max": 0.9760401308258664
        }
      },
      "phase": {
        "ssim_phase": {
          "mean": -0.5810616752358262,
          "ci95_lo": -0.5968059464086789,
          "ci95_hi": -0.5648585336688617,
          "per_seed_min": -0.6422136596652293,
          "per_seed_max": -0.5066710044155939
        },
        "frc50_phase": {
          "mean": 0.15332018340358258,
          "ci95_lo": 0.14505307566197084,
          "ci95_hi": 0.16135765778050362,
          "per_seed_min": 0.12266334536566455,
          "per_seed_max": 0.18885257457751056
        }
      },
      "monotonicity": {
        "single_frc50_amp": {
          "decreasing": 20
        },
        "single_frc50_phase": {
          "mixed": 20
        }
      }
    }
  }
}