{
  "mae": [
    "0.11481599",
    0.032363149034327326
  ],
  "mse": [
    "0.020464716",
    0.0017399997663207717
  ],
  "psnr": [
    65.0207464620236,
    75.72531171090291
  ],
  "ssim": [
    0.7688613893937554,
    0.9716598647514886
  ],
  "ms_ssim": [
    0.9578526873822452,
    0.11058682225288602
  ],
  "frc50": [
    "46",
    NaN
  ],
  "frc": [
    "[1.00000004 0.999972   0.99988165 0.99946271 0.99985257 0.99976925\n 0.99933658 0.99932499 0.99917314 0.99878535 0.99857924 0.998483\n 0.99755055 0.99769152 0.99658025 0.99482116 0.99549235 0.99304875\n 0.98977967 0.98393057 0.98050692 0.97888457 0.97633155 0.9654675\n 0.94854465 0.95209456 0.91059028 0.92341866 0.92236886 0.83977611\n 0.87639397 0.83817816 0.59265109 0.52353015 0.76760308 0.75728021\n 0.78582734 0.75034671 0.76023062 0.66511107 0.63604635 0.56728626\n 0.50982399 0.6027689  0.53644704 0.52559234 0.42903909 0.44322134\n 0.57667196 0.63870448 0.61813113 0.64175457 0.64036063 0.65716313\n 0.64058214 0.6546626  0.66399112 0.64886258 0.65836607 0.68987804\n 0.71266836 0.7338262  0.69226336 0.72771257 0.63413672 0.34245462\n 0.60886924 0.64293405 0.64320068 0.62005944 0.56574268 0.5504821\n 0.32711654 0.28507463 0.49340851 0.49561849 0.4390559  0.40917548\n 0.35374449 0.39185088 0.26547932 0.30527871 0.30547172 0.29520552\n 0.27570092 0.24869337 0.3496259  0.2441583  0.25662919 0.29990099\n 0.2316885  0.33697482 0.13837058 0.2372173  0.34823364 0.43373608\n 0.43031405 0.38762249 0.0805715  0.40499838 0.36879104 0.34071392\n 0.2613081  0.08979143 0.36058649 0.39105979 0.43519832 0.47221604\n 0.45275835 0.512459   0.46705506 0.48281095 0.54867713 0.52131836\n 0.57551116 0.54973159 0.55033112 0.49297068 0.22373487 0.56734383\n 0.59008031 0.60748909 0.63138444 0.66050723 0.65631624 0.66473686\n 0.66027247 0.68651158 0.70746166 0.64576113 0.34668055 0.19840528\n 0.51589772 0.56527739 0.3616967  0.51127735 0.67224343 0.69083325\n 0.66099805 0.61942911 0.71962439 0.71644112 0.73394137 0.7485389\n 0.74253194 0.61052899 0.68710471 0.77949854 0.76174343 0.76867697\n 0.77750684 0.7614591  0.78201961 0.8022943  0.81315929 0.79346985\n 0.85341345 0.82530439 0.82601636 0.79748797 0.79054189 0.75206058\n 0.70690369 0.34633577 0.11303444 0.16388022 0.02402169 0.17508393\n 0.16447614 0.22770695 0.09814791 0.12460197 0.12784631 0.23644581\n 0.13035314 0.0823323  0.04837489 0.26096075 0.19940759 0.13276118\n 0.23868846 0.167633   0.23599434 0.12239904 0.12705532 0.1355377\n 0.22246248 0.1307674  0.21735397 0.26649948 0.01527087 0.08833753\n 0.26920661 0.17181021 0.29296651 0.33198707 0.21956366 0.23862559\n 0.18683433 0.27919755 0.32832767 0.29616988 0.20303703 0.3452736\n 0.21940028 0.29344932 0.1981271  0.17929327 0.11545427 0.04185335\n 0.10562006 0.15610104 0.13071037 0.1359181  0.17530173 0.21181648\n 0.15028936 0.1577773  0.22925821 0.22538079 0.04780047 0.30602425\n 0.27004594 0.18039324 0.20581526 0.20519768 0.07403617 0.03437042\n 0.0485628  0.15785282 0.84372526 1.00000006]",
    null
  ]
}