{
  "comparison_standard": [
    "lower relative_l2 wins",
    "tie-breaker: lower err_nRMSE",
    "tie-breaker: lower fRMSE_high",
    "tie-breaker: lower parameter_count",
    "final tie-breaker: lexicographic profile_id"
  ],
  "contract": {
    "batch_size": 4,
    "dataset_file": "/home/ollie/Documents/pdebench-data/2d_cfd_cns/2D_CFD_Rand_M1.0_Eta0.01_Zeta0.01_periodic_128_Train.hdf5",
    "epochs": 40,
    "history_len": 2,
    "max_windows_per_trajectory": 8,
    "metric_family": [
      "err_RMSE",
      "err_nRMSE",
      "relative_l2",
      "fRMSE_low",
      "fRMSE_mid",
      "fRMSE_high"
    ],
    "split_counts_1024cap": {
      "test": 128,
      "train": 1024,
      "val": 128
    },
    "split_counts_512cap": {
      "test": 64,
      "train": 512,
      "val": 64
    },
    "task": "2d_cfd_cns",
    "training_loss": "mse"
  },
  "created_at_utc": "2026-04-28T07:22:02.991044+00:00",
  "evidence_scope": "capped_decision_support_only",
  "metric_interpretation": "decision_support_not_benchmark_performance",
  "profiles": [
    {
      "confirmation_run_root_1024cap": ".artifacts/NEURIPS-HYBRID-RESNET-2026/phase-2-pdebench-cns-hybrid-spectral-architecture-ablation/cns-hybrid-spectral-finalists-1024cap-40ep-20260428T054559Z",
      "delta_1024_minus_512": {
        "err_RMSE": -0.4314478635787964,
        "err_nRMSE": -0.01728084310889244,
        "fRMSE_high": -0.08955243229866028,
        "fRMSE_low": -1.0299527645111084,
        "fRMSE_mid": -0.020420625805854797,
        "relative_l2": -0.01728084310889244,
        "runtime_sec": 1077.32359790802
      },
      "metrics_1024cap": {
        "err_RMSE": 1.0374627113342285,
        "err_nRMSE": 0.04350099340081215,
        "fRMSE_high": 0.2982962727546692,
        "fRMSE_low": 2.417743444442749,
        "fRMSE_mid": 0.2224166840314865,
        "relative_l2": 0.04350099340081215,
        "runtime_sec": 2162.701416492462
      },
      "metrics_512cap": {
        "err_RMSE": 1.468910574913025,
        "err_nRMSE": 0.06078183650970459,
        "fRMSE_high": 0.38784870505332947,
        "fRMSE_low": 3.4476962089538574,
        "fRMSE_mid": 0.2428373098373413,
        "relative_l2": 0.06078183650970459,
        "runtime_sec": 1085.3778185844421
      },
      "parameter_count_1024cap": 8391814,
      "parameter_count_512cap": 8391814,
      "profile_id": "spectral_resnet_bottleneck_base",
      "source_ranking_path": ".artifacts/NEURIPS-HYBRID-RESNET-2026/phase-2-pdebench-cns-hybrid-spectral-architecture-ablation/sharing_40ep_ranking.json",
      "source_run_root_512cap": ".artifacts/NEURIPS-HYBRID-RESNET-2026/phase-2-pdebench-cns-hybrid-spectral-architecture-ablation/cns-hybrid-spectral-sharing-40ep-20260428T035154Z",
      "source_tranche": "sharing_40ep"
    },
    {
      "confirmation_run_root_1024cap": ".artifacts/NEURIPS-HYBRID-RESNET-2026/phase-2-pdebench-cns-hybrid-spectral-architecture-ablation/cns-hybrid-spectral-finalists-1024cap-40ep-20260428T054559Z",
      "delta_1024_minus_512": {
        "err_RMSE": -0.25145089626312256,
        "err_nRMSE": -0.009818684309720993,
        "fRMSE_high": -0.04613304138183594,
        "fRMSE_low": -0.6004981994628906,
        "fRMSE_mid": -0.0158369243144989,
        "relative_l2": -0.009818684309720993,
        "runtime_sec": 1344.7588126659393
      },
      "metrics_1024cap": {
        "err_RMSE": 1.0630357265472412,
        "err_nRMSE": 0.04457326605916023,
        "fRMSE_high": 0.29398733377456665,
        "fRMSE_low": 2.482743978500366,
        "fRMSE_mid": 0.21679042279720306,
        "relative_l2": 0.04457326605916023,
        "runtime_sec": 2703.717624902725
      },
      "metrics_512cap": {
        "err_RMSE": 1.3144866228103638,
        "err_nRMSE": 0.054391950368881226,
        "fRMSE_high": 0.3401203751564026,
        "fRMSE_low": 3.083242177963257,
        "fRMSE_mid": 0.23262734711170197,
        "relative_l2": 0.054391950368881226,
        "runtime_sec": 1358.958812236786
      },
      "parameter_count_1024cap": 9574534,
      "parameter_count_512cap": 9574534,
      "profile_id": "spectral_resnet_bottleneck_shared_blocks10",
      "source_ranking_path": ".artifacts/NEURIPS-HYBRID-RESNET-2026/phase-2-pdebench-cns-hybrid-spectral-architecture-ablation/depth_40ep_ranking.json",
      "source_run_root_512cap": ".artifacts/NEURIPS-HYBRID-RESNET-2026/phase-2-pdebench-cns-hybrid-spectral-architecture-ablation/cns-hybrid-spectral-depth-shared-40ep-20260428T043715Z",
      "source_tranche": "depth_40ep"
    }
  ],
  "schema_version": "pdebench_cns_arch_ablation_finalist_delta_v1",
  "within_run_compare_path": ".artifacts/NEURIPS-HYBRID-RESNET-2026/phase-2-pdebench-cns-hybrid-spectral-architecture-ablation/compare_finalists_1024cap_40ep_within_run.json"
}
