{
  "epochs": [
    0.0,
    1.0,
    2.0,
    3.0,
    4.0
  ],
  "metrics": {
    "intensity_scaler_inv_loss": [
      8.579219818115234,
      5.799097537994385,
      5.290558815002441,
      5.351562976837158,
      4.865492343902588
    ],
    "learning_rate": [
      0.0010000000474974513,
      0.0010000000474974513,
      0.0010000000474974513,
      0.0010000000474974513,
      0.0005000000237487257
    ],
    "loss": [
      -247881.265625,
      -251541.53125,
      -252006.40625,
      -251828.34375,
      -252317.9375
    ],
    "pred_intensity_loss": [
      -246907.453125,
      -250218.34375,
      -255954.5625,
      -250718.8125,
      -250129.78125
    ],
    "train_loss": [
      -247881.265625,
      -251541.53125,
      -252006.40625,
      -251828.34375,
      -252317.9375
    ],
    "trimmed_obj_loss": [
      2.2176175117492676,
      2.2155747413635254,
      2.2221016883850098,
      2.2142655849456787,
      2.2057571411132812
    ],
    "val_intensity_scaler_inv_loss": [
      5.403408050537109,
      5.042825698852539,
      5.898253440856934,
      4.910980224609375,
      4.778857231140137
    ],
    "val_loss": [
      -285108.09375,
      -285500.53125,
      -285203.9375,
      -285467.0625,
      -285725.40625
    ],
    "val_pred_intensity_loss": [
      -277878.375,
      -278224.96875,
      -277797.6875,
      -278207.5,
      -278428.40625
    ],
    "val_trimmed_obj_loss": [
      2.354969024658203,
      2.35495924949646,
      2.3549633026123047,
      2.355012893676758,
      2.3550403118133545
    ]
  }
}