{
  "epochs": [
    0.0,
    1.0,
    2.0,
    3.0,
    4.0,
    5.0,
    6.0,
    7.0,
    8.0,
    9.0,
    10.0,
    11.0,
    12.0,
    13.0,
    14.0,
    15.0,
    16.0,
    17.0,
    18.0,
    19.0,
    20.0,
    21.0,
    22.0,
    23.0,
    24.0,
    25.0,
    26.0,
    27.0,
    28.0,
    29.0
  ],
  "metrics": {
    "intensity_scaler_inv_loss": [
      31.319032669067383,
      21.098464965820312,
      18.666263580322266,
      18.794923782348633,
      17.668804168701172,
      17.007020950317383,
      16.099132537841797,
      15.364001274108887,
      15.163837432861328,
      14.794201850891113,
      14.280707359313965,
      14.536067008972168,
      13.560328483581543,
      13.33324146270752,
      13.228384971618652,
      13.136860847473145,
      13.149422645568848,
      13.141202926635742,
      13.053524017333984,
      13.027093887329102,
      13.06187915802002,
      12.939723014831543,
      12.861658096313477,
      12.975619316101074,
      12.902152061462402,
      12.78491497039795,
      12.846556663513184,
      12.822590827941895,
      12.735828399658203,
      12.801441192626953
    ],
    "learning_rate": [
      0.0010000000474974513,
      0.0010000000474974513,
      0.0010000000474974513,
      0.0010000000474974513,
      0.0010000000474974513,
      0.0005000000237487257,
      0.0005000000237487257,
      0.0005000000237487257,
      0.0005000000237487257,
      0.0005000000237487257,
      0.0005000000237487257,
      0.0005000000237487257,
      0.0002500000118743628,
      0.0002500000118743628,
      0.0001250000059371814,
      0.0001250000059371814,
      0.0001250000059371814,
      0.0001250000059371814,
      0.0001250000059371814,
      0.0001250000059371814,
      0.0001250000059371814,
      0.0001250000059371814,
      0.0001250000059371814,
      0.0001250000059371814,
      0.0001250000059371814,
      9.999999747378752e-05,
      9.999999747378752e-05,
      9.999999747378752e-05,
      9.999999747378752e-05,
      9.999999747378752e-05
    ],
    "loss": [
      -3876425.0,
      -3912203.25,
      -3918217.75,
      -3916568.0,
      -3919378.75,
      -3922161.25,
      -3924596.75,
      -3925901.0,
      -3925922.5,
      -3926426.75,
      -3927486.75,
      -3926819.0,
      -3928631.0,
      -3929061.5,
      -3929106.5,
      -3929258.75,
      -3929310.25,
      -3929317.0,
      -3929348.5,
      -3929307.25,
      -3929368.0,
      -3929419.25,
      -3929462.75,
      -3929442.0,
      -3929427.5,
      -3929552.5,
      -3929585.25,
      -3929482.25,
      -3929569.5,
      -3929574.5
    ],
    "pred_intensity_loss": [
      -3928011.25,
      -3906325.0,
      -3898235.75,
      -3896079.0,
      -3919902.25,
      -3902135.75,
      -3974069.0,
      -3912017.75,
      -3874883.75,
      -3935510.75,
      -3924644.25,
      -3913679.5,
      -3892850.0,
      -3941465.75,
      -3909271.75,
      -3909416.75,
      -3951023.0,
      -4005328.0,
      -3919137.5,
      -3955680.25,
      -4005365.5,
      -3938036.75,
      -3969896.25,
      -3921511.75,
      -3895933.0,
      -3905366.5,
      -3878534.25,
      -3905294.75,
      -3892537.75,
      -3904576.5
    ],
    "train_loss": [
      -3876425.0,
      -3912203.25,
      -3918217.75,
      -3916568.0,
      -3919378.75,
      -3922161.25,
      -3924596.75,
      -3925901.0,
      -3925922.5,
      -3926426.75,
      -3927486.75,
      -3926819.0,
      -3928631.0,
      -3929061.5,
      -3929106.5,
      -3929258.75,
      -3929310.25,
      -3929317.0,
      -3929348.5,
      -3929307.25,
      -3929368.0,
      -3929419.25,
      -3929462.75,
      -3929442.0,
      -3929427.5,
      -3929552.5,
      -3929585.25,
      -3929482.25,
      -3929569.5,
      -3929574.5
    ],
    "trimmed_obj_loss": [
      0.0,
      0.0,
      0.0,
      0.0,
      0.0,
      0.0,
      0.0,
      0.0,
      0.0,
      0.0,
      0.0,
      0.0,
      0.0,
      0.0,
      0.0,
      0.0,
      0.0,
      0.0,
      0.0,
      0.0,
      0.0,
      0.0,
      0.0,
      0.0,
      0.0,
      0.0,
      0.0,
      0.0,
      0.0,
      0.0
    ],
    "val_intensity_scaler_inv_loss": [
      27.023452758789062,
      20.944225311279297,
      17.494483947753906,
      17.62274169921875,
      17.05938148498535,
      16.478343963623047,
      16.753877639770508,
      14.84024429321289,
      17.938074111938477,
      13.986649513244629,
      14.455228805541992,
      14.043807983398438,
      13.821596145629883,
      13.75418472290039,
      13.524042129516602,
      13.402833938598633,
      13.294729232788086,
      13.434955596923828,
      13.218769073486328,
      13.258282661437988,
      13.195558547973633,
      13.21935749053955,
      13.089520454406738,
      13.239104270935059,
      13.260337829589844,
      13.181482315063477,
      12.865937232971191,
      13.579187393188477,
      12.880786895751953,
      12.864574432373047
    ],
    "val_loss": [
      -4416493.5,
      -4418248.5,
      -4435756.5,
      -4430561.0,
      -4433550.5,
      -4436877.0,
      -4437153.5,
      -4439202.5,
      -4429295.0,
      -4440637.5,
      -4439272.5,
      -4439647.0,
      -4440526.5,
      -4440334.5,
      -4440604.0,
      -4440885.5,
      -4441170.5,
      -4440948.5,
      -4441198.5,
      -4441053.5,
      -4441255.5,
      -4441035.5,
      -4441329.5,
      -4441306.0,
      -4440834.5,
      -4441070.5,
      -4441451.5,
      -4440450.5,
      -4441447.5,
      -4441511.5
    ],
    "val_pred_intensity_loss": [
      -4303705.0,
      -4308056.5,
      -4323305.5,
      -4319230.0,
      -4321793.0,
      -4324597.5,
      -4324518.5,
      -4326799.0,
      -4317543.5,
      -4328070.5,
      -4326742.0,
      -4327214.0,
      -4327981.0,
      -4327785.5,
      -4328052.5,
      -4328322.0,
      -4328620.5,
      -4328387.0,
      -4328646.0,
      -4328503.0,
      -4328714.5,
      -4328478.0,
      -4328781.0,
      -4328765.5,
      -4328274.5,
      -4328519.5,
      -4328932.0,
      -4327890.5,
      -4328918.5,
      -4328991.5
    ],
    "val_trimmed_obj_loss": [
      0.0,
      0.0,
      0.0,
      0.0,
      0.0,
      0.0,
      0.0,
      0.0,
      0.0,
      0.0,
      0.0,
      0.0,
      0.0,
      0.0,
      0.0,
      0.0,
      0.0,
      0.0,
      0.0,
      0.0,
      0.0,
      0.0,
      0.0,
      0.0,
      0.0,
      0.0,
      0.0,
      0.0,
      0.0,
      0.0
    ]
  }
}