{
  "train_loss": [
    0.10402632504701614,
    0.05460088700056076,
    0.044247765094041824,
    0.03694721683859825,
    0.03295990452170372,
    0.028903333470225334,
    0.028526775538921356,
    0.02705676108598709,
    0.026661517098546028,
    0.02525235526263714,
    0.02344406023621559,
    0.023421531543135643,
    0.021891649812459946,
    0.020616600289940834,
    0.022512951865792274,
    0.02678915299475193,
    0.01918557845056057,
    0.018519096076488495,
    0.019562095403671265,
    0.020831435918807983
  ],
  "val_loss": [
    2.7761194705963135,
    0.10056257247924805,
    0.10127490013837814,
    0.07742571085691452,
    0.09826173633337021,
    0.08551762253046036,
    0.03352706879377365,
    0.04512298107147217,
    0.07889555394649506,
    0.03773524984717369,
    0.03713933378458023,
    0.025334270671010017,
    0.04325290396809578,
    0.026676714420318604,
    0.05719573795795441,
    0.13954254984855652,
    0.022455547004938126,
    0.021917689591646194,
    0.046073880046606064,
    0.03234827518463135,
    0.01994413137435913
  ]
}