{
  "mae": [
    "0.07053373",
    0.011722063491212437
  ],
  "mse": [
    "0.007727368",
    0.00022696277210817347
  ],
  "psnr": [
    69.2504877253663,
    84.57125733336775
  ],
  "ssim": [
    0.9109611849446082,
    0.995605716510558
  ],
  "ms_ssim": [
    0.9846094984891737,
    0.15821978709163753
  ],
  "frc50": [
    "103",
    NaN
  ],
  "frc": [
    "[1.         0.99998969 0.99998283 0.99995666 0.99996781 0.99994272\n 0.99990391 0.99981029 0.99984646 0.99969875 0.9996959  0.99946186\n 0.99925233 0.99945446 0.99883523 0.99828554 0.99848657 0.99777666\n 0.99743053 0.9957732  0.99548515 0.99388135 0.99284701 0.99200857\n 0.99043747 0.98858115 0.98304454 0.98469958 0.97909915 0.9645797\n 0.97237253 0.95204513 0.9139128  0.85699846 0.9218704  0.9223442\n 0.92977319 0.91737726 0.91356537 0.87218557 0.87702581 0.87011947\n 0.82736135 0.85211441 0.87316013 0.84646229 0.80088165 0.80300994\n 0.90205222 0.91899757 0.92315326 0.92989649 0.9395567  0.94288939\n 0.94644847 0.92874568 0.9461943  0.93511097 0.91525975 0.92957162\n 0.90944377 0.92328356 0.91910591 0.91906016 0.89598064 0.63871971\n 0.86336172 0.88781135 0.86680378 0.8527774  0.83229209 0.83257835\n 0.6970443  0.62200767 0.80344336 0.81018426 0.80832685 0.77396525\n 0.78896297 0.79427419 0.8075061  0.76101222 0.79048123 0.7521029\n 0.76920871 0.79592526 0.79152761 0.72554232 0.76527224 0.75714131\n 0.76939156 0.73906341 0.56670307 0.61894328 0.65961653 0.6694795\n 0.64640903 0.65484651 0.61899518 0.64404062 0.62497029 0.5607948\n 0.58963093 0.46601032 0.65327607 0.6152396  0.59273994 0.65576553\n 0.60923466 0.65915146 0.64379015 0.6172444  0.70144429 0.7027169\n 0.71455235 0.6929203  0.72000758 0.69465877 0.68968797 0.70440249\n 0.73665208 0.71051824 0.71938813 0.70985671 0.72944912 0.72780257\n 0.70806579 0.74037418 0.74380078 0.75077108 0.59645209 0.67734396\n 0.77249265 0.78867695 0.71300901 0.77134405 0.80856744 0.81356617\n 0.83370218 0.78639195 0.84338157 0.82141105 0.83451326 0.85344153\n 0.84279934 0.7452968  0.80284765 0.86071499 0.87016216 0.86182669\n 0.87380883 0.87421199 0.88844055 0.89334988 0.88608197 0.88012482\n 0.87510721 0.87306029 0.85669446 0.85826504 0.86033411 0.84779062\n 0.84604685 0.5895925  0.37983679 0.36680571 0.11367122 0.32073252\n 0.30071918 0.31974353 0.34503183 0.29847973 0.28432173 0.3554561\n 0.24052812 0.07985858 0.25483932 0.27512544 0.25912854 0.33360268\n 0.39405699 0.34797897 0.36469917 0.25972025 0.28601653 0.27464688\n 0.28910188 0.25265205 0.38419575 0.42073033 0.17502939 0.27959139\n 0.45552991 0.24704643 0.38050635 0.43152688 0.36019335 0.48638945\n 0.44029727 0.43503234 0.57410673 0.42914169 0.43476371 0.45226487\n 0.51287503 0.46565609 0.46100884 0.42543953 0.3325785  0.25592873\n 0.44039137 0.45541497 0.53866034 0.4753897  0.47080106 0.44729999\n 0.54381977 0.43794803 0.46765995 0.49393752 0.42029591 0.43134189\n 0.63649335 0.47591622 0.34221657 0.20799498 0.53965094 0.35679651\n 0.39549076 0.34090603 0.24958324 1.00000002]",
    null
  ]
}