{
  "train_loss": [
    0.10821506381034851,
    0.05905555188655853,
    0.040368229150772095,
    0.036039698868989944,
    0.03400678560137749,
    0.03240868076682091,
    0.02674831822514534,
    0.026783710345625877,
    0.031164512038230896,
    0.02367839403450489,
    0.02312682382762432,
    0.021340876817703247,
    0.02151566930115223,
    0.01951899752020836,
    0.018917817622423172,
    0.020655017346143723,
    0.017688477411866188,
    0.017819346860051155,
    61.95826721191406,
    0.2074170559644699
  ],
  "val_loss": [
    4.620003700256348,
    0.14586596190929413,
    0.16799719631671906,
    0.11405909061431885,
    0.05783994868397713,
    0.03906918317079544,
    0.06691931933164597,
    0.05226076766848564,
    0.0394352525472641,
    0.0470823273062706,
    0.06075764819979668,
    0.04801807180047035,
    0.020340919494628906,
    0.034714292734861374,
    0.024295667186379433,
    0.07319966703653336,
    0.033385537564754486,
    0.05405261740088463,
    0.04955194890499115,
    0.17835398018360138,
    0.17921888828277588
  ]
}