{
  "train_loss": [
    0.1338662952184677,
    0.05944812297821045,
    0.047616541385650635,
    0.036096010357141495,
    0.034599289298057556,
    0.03301791101694107,
    0.02855370007455349,
    0.025989504531025887,
    0.02389649488031864,
    0.026946786791086197,
    0.023791102692484856,
    0.02234998159110546,
    0.02074969746172428,
    0.021351398900151253,
    0.01977221667766571,
    0.018434686586260796,
    0.019962890073657036,
    0.01787722110748291,
    0.02241407334804535,
    0.016308020800352097
  ],
  "val_loss": [
    3.3462328910827637,
    0.15541866421699524,
    0.2125067114830017,
    0.05872512236237526,
    0.11470972746610641,
    0.10368914157152176,
    0.09623602032661438,
    0.050752658396959305,
    0.02751258946955204,
    0.035359665751457214,
    0.059625014662742615,
    0.05385582521557808,
    0.022262150421738625,
    0.02405981346964836,
    0.034670330584049225,
    0.03335252404212952,
    0.019247254356741905,
    0.04672222211956978,
    0.03374151512980461,
    0.015463707037270069,
    0.027020860463380814
  ]
}