{
  "mae": [
    "0.053799335",
    0.010577336756632928
  ],
  "mse": [
    "0.004496452",
    0.00017996906598503898
  ],
  "psnr": [
    71.60210395715006,
    85.5788249807361
  ],
  "ssim": [
    0.9554383544495795,
    0.9978869753488735
  ],
  "ms_ssim": [
    0.9916403861863389,
    0.09288023438313438
  ],
  "frc50": [
    "164",
    NaN
  ],
  "frc": [
    "[1.         0.99999631 0.99998302 0.99997932 0.99996105 0.99997125\n 0.99989722 0.99983044 0.99987894 0.99983672 0.99970501 0.99960542\n 0.99944574 0.9996066  0.99919333 0.9989214  0.99915752 0.99838955\n 0.99844544 0.99721099 0.99688281 0.99653517 0.99720752 0.99515763\n 0.99323046 0.99468447 0.99006237 0.99306058 0.9908189  0.98532231\n 0.99087308 0.98233224 0.95039893 0.92955625 0.97151415 0.96666878\n 0.96686455 0.96265098 0.96451175 0.94103093 0.9435554  0.94125737\n 0.93359029 0.9405371  0.94750974 0.91344124 0.88435196 0.86074068\n 0.95200359 0.96318994 0.96010952 0.96628487 0.96731088 0.97345313\n 0.97574612 0.96761336 0.97470089 0.97518299 0.97189687 0.97614449\n 0.97045845 0.97163115 0.97395811 0.97575772 0.96786453 0.90670361\n 0.95503683 0.96074257 0.94851908 0.94444528 0.93717458 0.9403496\n 0.89241755 0.85862451 0.90918406 0.91225051 0.91309354 0.91015615\n 0.92212116 0.93120079 0.9233168  0.91486654 0.90544519 0.91509769\n 0.90010267 0.90638539 0.88319068 0.87761513 0.89234046 0.8693244\n 0.85481177 0.85817094 0.82179306 0.8451221  0.80404532 0.79843044\n 0.78863463 0.75697041 0.68529384 0.71998668 0.67648667 0.62944835\n 0.65363967 0.53964501 0.70356191 0.64608533 0.63649394 0.69910564\n 0.68046057 0.67501744 0.66978569 0.66941403 0.69295123 0.69040023\n 0.74727171 0.72910148 0.73713186 0.72958613 0.69470109 0.72310211\n 0.73794474 0.76265785 0.74549058 0.78813787 0.77241223 0.79978962\n 0.78701438 0.80305673 0.81759948 0.82921348 0.82125449 0.82454729\n 0.84294718 0.83077953 0.708839   0.79490996 0.85042919 0.86263196\n 0.87905494 0.85610196 0.88162649 0.88131757 0.87658179 0.88083368\n 0.87981762 0.85986774 0.87749593 0.89736723 0.89774703 0.89245136\n 0.90118713 0.89662921 0.90449126 0.90018806 0.90839601 0.90222002\n 0.91095189 0.90896222 0.91679539 0.91057028 0.90846336 0.90474346\n 0.90156127 0.82931217 0.49411369 0.46018658 0.18972779 0.36232987\n 0.38613499 0.42508622 0.37637241 0.30943756 0.34572677 0.34232432\n 0.26211335 0.19167937 0.32100791 0.36973553 0.28455038 0.3313234\n 0.35674915 0.3024929  0.34061715 0.33957436 0.30981875 0.31214383\n 0.46520284 0.33523802 0.39944988 0.33849388 0.27203449 0.36505481\n 0.3931955  0.36906865 0.4476159  0.47205947 0.33556946 0.43677305\n 0.43065829 0.43337468 0.50911471 0.42719364 0.39719653 0.49165204\n 0.42319018 0.47221744 0.42040843 0.40910568 0.24010558 0.40679548\n 0.46895488 0.45440346 0.48519894 0.45067277 0.37446476 0.3976076\n 0.48023679 0.38422012 0.43790068 0.41816981 0.46889035 0.55003296\n 0.46030518 0.47642628 0.52414664 0.52472769 0.57935109 0.5393109\n 0.24660681 0.54698646 0.43298173 1.00000004]",
    null
  ]
}