{
  "train_loss": [
    0.48050642013549805,
    0.21103502810001373,
    0.2102852463722229,
    0.21221092343330383,
    0.2095688432455063,
    0.21015021204948425,
    0.20898130536079407,
    0.20941869914531708,
    0.2088032066822052,
    0.208537757396698
  ],
  "val_loss": [
    1.6192610263824463,
    0.17888841032981873,
    0.17832159996032715,
    0.19620947539806366,
    0.17835672199726105,
    0.17938843369483948,
    0.18891271948814392,
    0.18869483470916748,
    0.18461491167545319,
    0.18995973467826843,
    0.19128133356571198
  ]
}