{
  "train_loss": [
    0.5288234353065491,
    0.2004396766424179,
    0.20044122636318207,
    0.20156659185886383,
    0.2013065665960312,
    0.20182472467422485,
    0.20117658376693726,
    0.2014962136745453,
    0.20078396797180176,
    0.20142333209514618,
    0.20016488432884216,
    0.20065034925937653,
    0.20064106583595276,
    0.20074363052845,
    0.20052984356880188,
    0.2008664757013321,
    0.200028195977211,
    0.20029516518115997,
    0.19937972724437714,
    0.19961324334144592,
    0.1994825303554535,
    0.19944840669631958,
    0.19940544664859772,
    0.19997581839561462,
    0.19923610985279083,
    0.19932220876216888,
    0.19889318943023682,
    0.19916364550590515,
    0.1995793730020523,
    0.19923655688762665,
    0.1995583474636078,
    0.1995047777891159,
    0.19875016808509827,
    0.19929316639900208,
    0.1990475207567215,
    0.19879832863807678,
    0.19885076582431793,
    0.1990222930908203,
    0.1991235315799713,
    0.1989601105451584,
    0.1990451216697693,
    0.1988069713115692,
    0.19889208674430847,
    0.1989971101284027,
    0.19896823167800903,
    0.19839392602443695,
    0.19909194111824036,
    0.1988590806722641,
    0.19857417047023773,
    0.1990644782781601
  ],
  "val_loss": [
    4.521553039550781,
    0.18394464254379272,
    0.18082280457019806,
    0.18702338635921478,
    0.17985820770263672,
    0.18441087007522583,
    0.18122170865535736,
    0.17833156883716583,
    0.18879061937332153,
    0.18748094141483307,
    0.1784602701663971,
    0.19493648409843445,
    0.18258100748062134,
    0.17836561799049377,
    0.1798289269208908,
    0.17864452302455902,
    0.1874963641166687,
    0.178730309009552,
    0.1839277297258377,
    0.1799665093421936,
    0.18467748165130615,
    0.19562825560569763,
    0.1785094290971756,
    0.17998924851417542,
    0.17954696714878082,
    0.17859229445457458,
    0.1786593645811081,
    0.18636085093021393,
    0.17940610647201538,
    0.17876562476158142,
    0.18095700442790985,
    0.18066999316215515,
    0.18180657923221588,
    0.18193168938159943,
    0.178541898727417,
    0.1791558414697647,
    0.17849425971508026,
    0.17863690853118896,
    0.17833088338375092,
    0.17840908467769623,
    0.17833438515663147,
    0.18040090799331665,
    0.18143823742866516,
    0.17839333415031433,
    0.17835800349712372,
    0.17834532260894775,
    0.17918923497200012,
    0.18047702312469482,
    0.17837077379226685,
    0.18172883987426758,
    0.17864486575126648
  ]
}