{
  "epochs": [
    0.0,
    1.0,
    2.0,
    3.0,
    4.0
  ],
  "metrics": {
    "intensity_scaler_inv_loss": [
      41.821685791015625,
      29.083738327026367,
      20.459352493286133,
      19.454931259155273,
      18.5439395904541
    ],
    "learning_rate": [
      0.0010000000474974513,
      0.0010000000474974513,
      0.0010000000474974513,
      0.0010000000474974513,
      0.0010000000474974513
    ],
    "loss": [
      -3855646.75,
      -3892781.0,
      -3914405.0,
      -3914876.75,
      -3917402.75
    ],
    "pred_intensity_loss": [
      -3874186.75,
      -3895088.75,
      -3939415.5,
      -3907101.75,
      -3879766.25
    ],
    "train_loss": [
      -3855646.75,
      -3892781.0,
      -3914405.0,
      -3914876.75,
      -3917402.75
    ],
    "trimmed_obj_loss": [
      0.0,
      0.0,
      0.0,
      0.0,
      0.0
    ],
    "val_intensity_scaler_inv_loss": [
      34.67385482788086,
      25.231536865234375,
      18.13437271118164,
      17.140769958496094,
      17.40021324157715
    ],
    "val_loss": [
      -4391936.0,
      -4399401.0,
      -4432735.5,
      -4434529.0,
      -4435329.5
    ],
    "val_pred_intensity_loss": [
      -4284234.0,
      -4290652.5,
      -4321181.5,
      -4322565.5,
      -4322580.0
    ],
    "val_trimmed_obj_loss": [
      0.0,
      0.0,
      0.0,
      0.0,
      0.0
    ]
  }
}