{
  "amplitude": {
    "bias_summary": {
      "mean": -2.2960463414633523,
      "median": -2.5305827856063843,
      "p05": -3.6955116152763368,
      "p95": 0.2673768639564532
    },
    "color_range": [
      -4.85612678527832,
      4.85612678527832
    ],
    "count": 153664,
    "mae": 2.364326170553724,
    "max_abs": 4.7676825523376465,
    "pearson_r": 0.13538545996256576,
    "pred_stats": {
      "max": 3.777890682220459,
      "mean": 0.4122011661529541,
      "min": 0.0,
      "nan_count": 0,
      "std": 1.017208218574524
    },
    "rmse": 2.557518719119202,
    "truth_stats": {
      "max": 4.85612678527832,
      "mean": 2.708247423171997,
      "min": 0.6128976941108704,
      "nan_count": 0,
      "std": 0.6410303115844727
    }
  },
  "phase": {
    "bias_summary": {
      "mean": -0.12094624390300426,
      "median": 0.0,
      "p05": -0.8686864584684372,
      "p95": 0.0
    },
    "color_range": [
      -3.141592653589793,
      3.141592653589793
    ],
    "count": 153664,
    "mae": 0.12094624374280592,
    "max_abs": 1.040547251701355,
    "pearson_r": null,
    "pred_stats": {
      "max": 0.0,
      "mean": -0.1209462359547615,
      "min": -1.040547251701355,
      "nan_count": 0,
      "std": 0.29839736223220825
    },
    "rmse": 0.32197666359235233,
    "truth_stats": {
      "max": 0.0,
      "mean": 0.0,
      "min": 0.0,
      "nan_count": 0,
      "std": 0.0
    }
  }
}