{
  "amplitude": {
    "bias_summary": {
      "mean": -2.2967175414226406,
      "median": -2.5305827856063843,
      "p05": -3.6955116152763368,
      "p95": 0.2544712662696851
    },
    "color_range": [
      -4.85612678527832,
      4.85612678527832
    ],
    "count": 153664,
    "mae": 2.3641311282013504,
    "max_abs": 4.7676825523376465,
    "pearson_r": 0.13788381388241117,
    "pred_stats": {
      "max": 3.758528232574463,
      "mean": 0.41152992844581604,
      "min": 0.0,
      "nan_count": 0,
      "std": 1.017395257949829
    },
    "rmse": 2.557552370115531,
    "truth_stats": {
      "max": 4.85612678527832,
      "mean": 2.708247423171997,
      "min": 0.6128976941108704,
      "nan_count": 0,
      "std": 0.6410303115844727
    }
  },
  "phase": {
    "bias_summary": {
      "mean": -0.10967488296955252,
      "median": 0.0,
      "p05": -0.805459076166153,
      "p95": 0.0
    },
    "color_range": [
      -3.141592653589793,
      3.141592653589793
    ],
    "count": 153664,
    "mae": 0.10967488296063108,
    "max_abs": 0.9907998442649841,
    "pearson_r": null,
    "pred_stats": {
      "max": 0.0,
      "mean": -0.10967488586902618,
      "min": -0.9907998442649841,
      "nan_count": 0,
      "std": 0.2716628313064575
    },
    "rmse": 0.29296633412233664,
    "truth_stats": {
      "max": 0.0,
      "mean": 0.0,
      "min": 0.0,
      "nan_count": 0,
      "std": 0.0
    }
  }
}