{
  "amplitude": {
    "bias_summary": {
      "mean": -2.2962265277893494,
      "median": -2.5305827856063843,
      "p05": -3.6955116152763368,
      "p95": 0.26616196632385297
    },
    "color_range": [
      -4.85612678527832,
      4.85612678527832
    ],
    "count": 153664,
    "mae": 2.364633833983295,
    "max_abs": 4.7676825523376465,
    "pearson_r": 0.135305765797468,
    "pred_stats": {
      "max": 3.9093732833862305,
      "mean": 0.4120209515094757,
      "min": 0.0,
      "nan_count": 0,
      "std": 1.0170072317123413
    },
    "rmse": 2.5576276911525087,
    "truth_stats": {
      "max": 4.85612678527832,
      "mean": 2.708247423171997,
      "min": 0.6128976941108704,
      "nan_count": 0,
      "std": 0.6410303115844727
    }
  },
  "phase": {
    "bias_summary": {
      "mean": 0.11576502283966042,
      "median": 0.0,
      "p05": 0.0,
      "p95": 0.8321386784315109
    },
    "color_range": [
      -3.141592653589793,
      3.141592653589793
    ],
    "count": 153664,
    "mae": 0.11576502276091886,
    "max_abs": 1.0376371145248413,
    "pearson_r": null,
    "pred_stats": {
      "max": 1.0376371145248413,
      "mean": 0.1157650351524353,
      "min": 0.0,
      "nan_count": 0,
      "std": 0.2857988774776459
    },
    "rmse": 0.3083545572308683,
    "truth_stats": {
      "max": 0.0,
      "mean": 0.0,
      "min": 0.0,
      "nan_count": 0,
      "std": 0.0
    }
  }
}