{
  "train_loss": [
    0.17370140552520752,
    0.12357987463474274,
    0.10055334866046906,
    0.09604185074567795,
    0.08683300018310547,
    0.09452244639396667,
    0.08973449468612671,
    0.08662687987089157,
    0.08601198345422745,
    0.09014255553483963,
    0.08114317059516907,
    0.08015169948339462,
    0.07795581966638565,
    0.0836242213845253,
    0.07745344936847687,
    0.07699443399906158,
    0.0742906779050827,
    0.07707709074020386,
    0.0760025903582573,
    0.0769105851650238
  ],
  "val_loss": [
    1.3909275531768799,
    0.1770118772983551,
    0.17362909018993378,
    0.10278255492448807,
    0.09104286134243011,
    0.08873111754655838,
    0.09456513077020645,
    0.09294459968805313,
    0.09927110373973846,
    0.08474936336278915,
    0.10594873130321503,
    0.08545513451099396,
    0.08057717233896255,
    0.0849837139248848,
    0.08140246570110321,
    0.08020831644535065,
    0.07864049822092056,
    0.08589345216751099,
    0.07783441245555878,
    0.08862948417663574,
    0.08609168231487274
  ]
}