{
  "mae": [
    "0.1553417",
    0.09841859759485161
  ],
  "mse": [
    "0.037008833",
    0.015238389016520616
  ],
  "psnr": [
    62.44774979257769,
    66.30141304541854
  ],
  "ssim": [
    0.642095566140783,
    0.9113325396821502
  ],
  "ms_ssim": [
    0.8971399765691088,
    0.8080667351609246
  ],
  "frc50": [
    "18",
    "34"
  ],
  "frc": [
    "[1.         0.99995515 0.99978255 0.99938977 0.99928358 0.99801499\n 0.99558053 0.99409445 0.9883442  0.98034752 0.95139646 0.93338724\n 0.90013553 0.8327397  0.75724516 0.76496234 0.52358169 0.60777413\n 0.29407276 0.37994778 0.38119026 0.66856588 0.79089843 0.80192734\n 0.85000496 0.84053742 0.74625708 0.65393005 0.81628099 0.82722417\n 0.842166   0.76017465 0.70035707 0.64182781 0.65509376 0.66138494\n 0.68171656 0.64555966 0.56262612 0.55899231 0.44375481 0.277126\n 0.26858681 0.12121677 0.01550892 0.05043458 0.06607264 0.09612065\n 0.03614882 0.04776006 0.04697487 0.19910007 0.22833366 0.15857822\n 0.32552351 0.34122747 0.34799958 0.25405213 0.14191655 0.08694306\n 0.03166181 0.03492336 0.05349896 0.13322683 0.09326664 0.15156145\n 0.23378766 0.30463161 0.31225727 0.34202969 0.27543821 0.28939026\n 0.19879363 0.26092444 0.26017893 0.25564143 0.24741135 0.29894421\n 0.30735364 0.29505538 0.18630251 0.38760841 0.29405335 0.2871075\n 0.25945455 0.35435073 0.31812746 0.3496804  0.33902758 0.45215051\n 0.40699603 0.43542193 0.44838756 0.49925746 0.46525863 0.45692804\n 0.43377075 0.47636905 0.49090186 0.53297797 0.45308002 0.45583177\n 0.53672789 0.48887568 0.55239646 0.44009675 0.35833026 0.52859779\n 0.58113395 0.48902451 0.55218142 0.57649931 0.62623445 0.62712343\n 0.61678301 0.59511719 0.63910008 0.65562378 0.70412924 0.6153456\n 0.70867504 0.70908667 0.67892401 0.71129597 0.72796383 0.67077312\n 0.71651018 0.70213247 0.62379827 0.63959514 0.64636724 0.6980544\n 0.57362498 0.25662791 0.11110658 0.02049493 0.04268513 0.05395392\n 0.07176458 0.05607192 0.04375354 0.04044985 0.01804917 0.07176586\n 0.03442241 0.06794934 0.04003599 0.00857965 0.07838597 0.04247244\n 0.01793425 0.01580828 0.01173143 0.0427071  0.00157902 0.01131418\n 0.02760281 0.08669342 0.04760763 0.0361556  0.1526411  0.0353253\n 0.05424739 0.0893087  0.00724952 0.02515192 0.18490315 0.16628861\n 0.01024936 0.0027204  0.13694674 0.01654676 0.08864602 0.08696171\n 0.16560836 0.02904692 0.17650326 0.063066   0.07983472 0.32643109\n 0.11087084 0.14827143 0.03847722 0.35203577 0.37811243 0.22603572\n 0.07331693 0.4242137  1.00000002]",
    "[1.00000000e+00 9.94537157e-01 9.90792837e-01 9.84157319e-01\n 9.73711101e-01 9.41933994e-01 9.24870188e-01 9.26656910e-01\n 9.28834550e-01 9.18494376e-01 9.01960512e-01 9.24185458e-01\n 9.32516139e-01 9.34863999e-01 9.49723068e-01 9.45438422e-01\n 9.55557646e-01 9.33287574e-01 8.60522104e-01 8.61874038e-01\n 7.68703236e-01 6.53721283e-01 5.98695518e-01 6.38529978e-01\n 7.20312190e-01 7.00685009e-01 7.06059283e-01 6.28342858e-01\n 7.27483276e-01 7.87415271e-01 7.80505224e-01 7.73953437e-01\n 5.80207704e-01 6.09174254e-01 4.40470129e-01 5.27610885e-01\n 4.27385418e-01 3.59183079e-01 3.59307132e-01 4.08094814e-01\n 2.50801779e-01 7.46958148e-02 1.82805346e-01 1.11063956e-01\n 1.37157137e-02 9.65283515e-02 1.19639469e-01 1.10312736e-01\n 2.48209159e-01 3.39962071e-01 3.76072575e-01 4.29101012e-01\n 3.70594694e-01 1.84288096e-01 2.01075643e-01 1.96890898e-01\n 1.56360677e-01 6.61515628e-02 1.10488426e-01 2.92735153e-02\n 4.61002894e-02 1.07693504e-01 2.51721036e-02 1.68499666e-01\n 9.42586913e-02 2.12849227e-01 1.83384079e-01 1.90482644e-01\n 2.04492019e-01 2.43457120e-01 1.77837621e-01 1.16954411e-01\n 1.34314534e-01 1.99771821e-01 1.44871213e-01 2.33678905e-01\n 1.73273845e-01 2.93504640e-01 2.22335070e-01 1.42569454e-01\n 1.58355712e-01 2.08719533e-01 1.30073129e-01 2.09314111e-01\n 8.76625103e-02 2.37981531e-01 1.51237063e-01 2.89427155e-01\n 2.93405999e-01 3.25669285e-01 3.05256771e-01 3.40591159e-01\n 3.76075586e-01 3.54269236e-01 3.04839399e-01 3.72307208e-01\n 3.58416747e-01 3.49813487e-01 3.76228405e-01 4.29622477e-01\n 4.30453067e-01 3.58717799e-01 4.20635835e-01 2.51917414e-01\n 3.92887707e-01 2.31742061e-01 3.00792700e-02 3.97740914e-01\n 3.68855628e-01 1.67046818e-01 2.79361899e-01 3.30565022e-01\n 5.16932011e-01 4.46542102e-01 5.09906102e-01 4.21451407e-01\n 4.51832627e-01 4.84788060e-01 5.17743463e-01 4.34928366e-01\n 4.98143419e-01 5.42990322e-01 4.84605300e-01 5.39551688e-01\n 5.56562600e-01 5.72517911e-01 5.69956386e-01 6.13269916e-01\n 5.17003696e-01 5.36283512e-01 3.81123020e-01 5.39099994e-01\n 4.54867174e-01 5.32012778e-03 1.92611938e-01 1.96513691e-02\n 1.20824618e-01 7.13233331e-03 5.32815887e-02 1.46522183e-02\n 2.56621723e-02 4.67434926e-02 2.40945577e-02 3.50590742e-03\n 5.69101189e-02 9.36184490e-02 8.62177082e-02 8.85375348e-02\n 1.21638455e-01 1.45943646e-03 3.09289596e-03 7.57265818e-02\n 2.84169974e-02 1.08348147e-01 1.61471915e-02 4.68591439e-02\n 5.45763711e-03 1.00001008e-02 1.68039900e-02 5.73723155e-02\n 1.41598937e-01 7.75782565e-04 2.79448533e-02 1.49549106e-02\n 2.53979350e-02 6.42152497e-02 1.45971547e-01 6.94818815e-02\n 1.11232167e-01 1.04888895e-01 1.13695167e-02 2.72362825e-01\n 1.00710050e-01 5.48682273e-02 1.11623364e-01 1.43223954e-02\n 3.68853376e-02 6.06047502e-02 1.63989971e-01 3.02210362e-01\n 3.79112601e-02 7.19721294e-02 2.54857268e-01 1.88929282e-01\n 2.45486650e-01 4.02122885e-01 1.08827783e-01 5.03042628e-01\n 1.00000000e+00]"
  ]
}