{
  "amplitude": {
    "color_range": [
      -4.85612678527832,
      4.85612678527832
    ],
    "count": 153664,
    "mae": 2.4649407798187752,
    "max_abs": 4.7676825523376465,
    "pearson_r": 0.13436754587619945,
    "rmse": 2.5968791146189227
  },
  "phase": {
    "color_range": [
      -3.141592653589793,
      3.141592653589793
    ],
    "count": 153664,
    "mae": 0.1341030056247397,
    "max_abs": 1.1108386516571045,
    "pearson_r": null,
    "rmse": 0.3569829766775406
  }
}