{
  "epochs": [
    0.0,
    1.0,
    2.0,
    3.0,
    4.0
  ],
  "metrics": {
    "intensity_scaler_inv_loss": [
      45.606842041015625,
      28.023786544799805,
      18.59911346435547,
      18.729127883911133,
      17.447818756103516
    ],
    "learning_rate": [
      0.0010000000474974513,
      0.0010000000474974513,
      0.0010000000474974513,
      0.0010000000474974513,
      0.0005000000237487257
    ],
    "loss": [
      -3812072.25,
      -3888289.75,
      -3917368.25,
      -3916457.75,
      -3921522.25
    ],
    "pred_intensity_loss": [
      -3798533.75,
      -3901650.5,
      -3888078.75,
      -3907823.75,
      -3896511.0
    ],
    "train_loss": [
      -3812072.25,
      -3888289.75,
      -3917368.25,
      -3916457.75,
      -3921522.25
    ],
    "trimmed_obj_loss": [
      0.0,
      0.0,
      0.0,
      0.0,
      0.0
    ],
    "val_intensity_scaler_inv_loss": [
      36.13176345825195,
      19.099899291992188,
      21.31293296813965,
      18.366910934448242,
      18.42522621154785
    ],
    "val_loss": [
      -4378418.5,
      -4432321.0,
      -4414274.5,
      -4427852.5,
      -4427947.0
    ],
    "val_pred_intensity_loss": [
      -4270381.5,
      -4319804.5,
      -4304267.0,
      -4316640.0,
      -4316676.0
    ],
    "val_trimmed_obj_loss": [
      0.0,
      0.0,
      0.0,
      0.0,
      0.0
    ]
  }
}