{
  "epochs": [
    0.0,
    1.0,
    2.0,
    3.0,
    4.0,
    5.0,
    6.0,
    7.0,
    8.0,
    9.0,
    10.0,
    11.0,
    12.0,
    13.0,
    14.0,
    15.0,
    16.0,
    17.0,
    18.0,
    19.0,
    20.0,
    21.0,
    22.0,
    23.0,
    24.0,
    25.0,
    26.0,
    27.0,
    28.0,
    29.0,
    30.0,
    31.0,
    32.0,
    33.0,
    34.0,
    35.0,
    36.0,
    37.0,
    38.0,
    39.0,
    40.0,
    41.0,
    42.0,
    43.0,
    44.0,
    45.0,
    46.0,
    47.0,
    48.0,
    49.0
  ],
  "metrics": {
    "intensity_scaler_inv_loss": [
      38.28316116333008,
      20.479032516479492,
      18.40189552307129,
      18.493404388427734,
      17.337976455688477,
      17.203683853149414,
      17.384580612182617,
      16.4654598236084,
      15.930452346801758,
      15.536561965942383,
      15.045917510986328,
      15.064458847045898,
      14.749218940734863,
      14.593377113342285,
      14.292665481567383,
      14.275699615478516,
      14.189563751220703,
      14.152966499328613,
      14.029476165771484,
      14.03935432434082,
      14.04729175567627,
      14.052522659301758,
      13.932109832763672,
      13.817667007446289,
      13.872138023376465,
      13.777578353881836,
      13.753497123718262,
      13.77767562866211,
      13.68503189086914,
      13.65400505065918,
      13.64189624786377,
      13.597900390625,
      13.584911346435547,
      13.606600761413574,
      13.591290473937988,
      13.465378761291504,
      13.567541122436523,
      13.540995597839355,
      13.501642227172852,
      13.45909309387207,
      13.461909294128418,
      13.431426048278809,
      13.346189498901367,
      13.312185287475586,
      13.3318510055542,
      13.304936408996582,
      13.28712272644043,
      13.382411003112793,
      13.25499153137207,
      13.256535530090332
    ],
    "learning_rate": [
      0.0010000000474974513,
      0.0010000000474974513,
      0.0010000000474974513,
      0.0010000000474974513,
      0.0010000000474974513,
      0.0005000000237487257,
      0.0005000000237487257,
      0.0005000000237487257,
      0.0002500000118743628,
      0.0002500000118743628,
      0.0002500000118743628,
      0.0002500000118743628,
      0.0002500000118743628,
      0.0001250000059371814,
      0.0001250000059371814,
      0.0001250000059371814,
      0.0001250000059371814,
      9.999999747378752e-05,
      9.999999747378752e-05,
      9.999999747378752e-05,
      9.999999747378752e-05,
      9.999999747378752e-05,
      9.999999747378752e-05,
      9.999999747378752e-05,
      9.999999747378752e-05,
      9.999999747378752e-05,
      9.999999747378752e-05,
      9.999999747378752e-05,
      9.999999747378752e-05,
      9.999999747378752e-05,
      9.999999747378752e-05,
      9.999999747378752e-05,
      9.999999747378752e-05,
      9.999999747378752e-05,
      9.999999747378752e-05,
      9.999999747378752e-05,
      9.999999747378752e-05,
      9.999999747378752e-05,
      9.999999747378752e-05,
      9.999999747378752e-05,
      9.999999747378752e-05,
      9.999999747378752e-05,
      9.999999747378752e-05,
      9.999999747378752e-05,
      9.999999747378752e-05,
      9.999999747378752e-05,
      9.999999747378752e-05,
      9.999999747378752e-05,
      9.999999747378752e-05,
      9.999999747378752e-05
    ],
    "loss": [
      -3838297.5,
      -3912690.25,
      -3918460.25,
      -3916833.5,
      -3920899.5,
      -3921718.25,
      -3921446.0,
      -3923788.75,
      -3925242.25,
      -3926399.75,
      -3927411.25,
      -3927538.75,
      -3927880.5,
      -3928329.25,
      -3928730.5,
      -3928713.25,
      -3928844.0,
      -3928888.25,
      -3929002.25,
      -3928988.25,
      -3929090.0,
      -3929003.25,
      -3929147.0,
      -3929229.75,
      -3929137.0,
      -3929247.25,
      -3929276.25,
      -3929264.75,
      -3929341.0,
      -3929367.5,
      -3929350.25,
      -3929405.0,
      -3929359.0,
      -3929402.5,
      -3929438.25,
      -3929471.5,
      -3929483.25,
      -3929407.0,
      -3929480.5,
      -3929521.0,
      -3929493.0,
      -3929540.0,
      -3929575.75,
      -3929596.5,
      -3929607.25,
      -3929610.5,
      -3929627.75,
      -3929572.0,
      -3929610.75,
      -3929596.0
    ],
    "pred_intensity_loss": [
      -3861813.0,
      -3899639.0,
      -3901965.25,
      -3903705.5,
      -3892992.5,
      -3953356.75,
      -3899400.0,
      -3950813.75,
      -3901130.5,
      -3941533.25,
      -3917026.75,
      -3952741.0,
      -3881056.75,
      -3906100.75,
      -3918329.5,
      -3964443.25,
      -3909775.0,
      -3960414.5,
      -3895802.25,
      -3915596.25,
      -3989395.25,
      -3926894.25,
      -3991469.25,
      -3937321.0,
      -3882324.25,
      -3964957.5,
      -3956496.5,
      -3947540.75,
      -3892315.25,
      -3965087.0,
      -3926484.5,
      -3892384.25,
      -3963205.5,
      -3895306.0,
      -3891476.75,
      -3896263.0,
      -3904293.5,
      -3895313.75,
      -3921641.75,
      -3947790.5,
      -3991802.75,
      -3942326.5,
      -3919158.5,
      -3923359.0,
      -3962582.75,
      -3926739.0,
      -3896162.75,
      -3944369.75,
      -3976033.75,
      -3901522.75
    ],
    "train_loss": [
      -3838297.5,
      -3912690.25,
      -3918460.25,
      -3916833.5,
      -3920899.5,
      -3921718.25,
      -3921446.0,
      -3923788.75,
      -3925242.25,
      -3926399.75,
      -3927411.25,
      -3927538.75,
      -3927880.5,
      -3928329.25,
      -3928730.5,
      -3928713.25,
      -3928844.0,
      -3928888.25,
      -3929002.25,
      -3928988.25,
      -3929090.0,
      -3929003.25,
      -3929147.0,
      -3929229.75,
      -3929137.0,
      -3929247.25,
      -3929276.25,
      -3929264.75,
      -3929341.0,
      -3929367.5,
      -3929350.25,
      -3929405.0,
      -3929359.0,
      -3929402.5,
      -3929438.25,
      -3929471.5,
      -3929483.25,
      -3929407.0,
      -3929480.5,
      -3929521.0,
      -3929493.0,
      -3929540.0,
      -3929575.75,
      -3929596.5,
      -3929607.25,
      -3929610.5,
      -3929627.75,
      -3929572.0,
      -3929610.75,
      -3929596.0
    ],
    "trimmed_obj_loss": [
      0.0,
      0.0,
      0.0,
      0.0,
      0.0,
      0.0,
      0.0,
      0.0,
      0.0,
      0.0,
      0.0,
      0.0,
      0.0,
      0.0,
      0.0,
      0.0,
      0.0,
      0.0,
      0.0,
      0.0,
      0.0,
      0.0,
      0.0,
      0.0,
      0.0,
      0.0,
      0.0,
      0.0,
      0.0,
      0.0,
      0.0,
      0.0,
      0.0,
      0.0,
      0.0,
      0.0,
      0.0,
      0.0,
      0.0,
      0.0,
      0.0,
      0.0,
      0.0,
      0.0,
      0.0,
      0.0,
      0.0,
      0.0,
      0.0,
      0.0
    ],