{
  "amplitude": {
    "max": 4.592179775238037,
    "mean": 0.40089794993400574,
    "min": 0.0,
    "nan_count": 0,
    "std": 1.0077908039093018
  },
  "fits_canvas": true,
  "offsets": {
    "axis_max_abs": [
      376.3193180156394,
      373.3114293734376
    ],
    "max_abs": 376.3193180156394
  },
  "padded_size": 822,
  "phase": {
    "max": 0.0,
    "mean": -0.12495050579309464,
    "min": -1.1690396070480347,
    "nan_count": 0,
    "std": 0.3111063539981842
  },
  "prediction_scale": {
    "applied": true,
    "least_squares": {
      "denominator": 56030.57435513434,
      "finite_count": 153664,
      "numerator": 100639.6213665088
    },
    "mode": "least_squares",
    "recorded_scale": 988.211669921875,
    "source": "least_squares",
    "value": 1.79615544771382
  },
  "required_canvas": 817
}