{
  "train_loss": [
    0.7091150283813477,
    0.10671389847993851,
    0.0953999012708664,
    0.08345013111829758,
    0.07179535925388336,
    0.058328982442617416,
    0.05985421687364578,
    0.05345653370022774,
    0.04911351203918457,
    0.0467962846159935
  ],
  "val_loss": [
    3.859645366668701,
    0.11976359039545059,
    0.09154419600963593,
    0.08041749149560928,
    0.08659514784812927,
    0.06008925661444664,
    0.04841167852282524,
    0.08612501621246338,
    0.06604738533496857,
    0.059439171105623245,
    0.06175727769732475
  ]
}