,mae,mse,psnr,frc50
0,0.08503618091344833,0.009605909697711468,68.30541865323305,2
1,0.251303136602148,0.08223474790231472,58.980249952438555,2
