{
  "train_loss": [
    0.173587828874588,
    0.06966172903776169,
    0.05337782949209213,
    0.041697289794683456,
    0.03703218325972557,
    0.03517251834273338,
    0.03271373361349106,
    0.0333540178835392,
    0.029757868498563766,
    0.029509443789720535,
    0.0270888339728117,
    0.024087244644761086,
    0.02363075688481331,
    0.021371394395828247,
    0.022717159241437912,
    0.024117697030305862,
    0.020882438868284225,
    0.019661156460642815,
    256646.265625,
    255.2589874267578
  ],
  "val_loss": [
    3.1920690536499023,
    0.08349131047725677,
    0.14948739111423492,
    0.10121568292379379,
    0.09162501245737076,
    0.05217226594686508,
    0.05154888704419136,
    0.06134071201086044,
    0.14478382468223572,
    0.040904611349105835,
    0.07801664620637894,
    0.037806928157806396,
    0.025501882657408714,
    0.025309788063168526,
    0.04566148668527603,
    0.04136570170521736,
    0.03517685458064079,
    0.04471810907125473,
    0.04163942486047745,
    973.3739624023438,
    53.47977828979492
  ]
}