{
  "mae": [
    "1.0473489",
    0.37827714851053723
  ],
  "mse": [
    "2.0026636",
    0.5784727861276905
  ],
  "psnr": [
    45.11472374883124,
    50.50797427957398
  ],
  "ssim": [
    0.07732191967040562,
    0.50681239102539
  ],
  "ms_ssim": [
    0.22109967637766834,
    0.25121628108144406
  ],
  "frc50": [
    "2",
    NaN
  ],
  "frc": [
    "[1.00000000e+00 9.60576076e-01 4.92004493e-01 3.15149390e-01\n 9.82247528e-02 1.50530375e-01 4.72293138e-02 2.60902601e-01\n 2.83490015e-01 2.38705657e-01 1.16247725e-01 7.24445438e-02\n 2.01714698e-01 1.99415668e-01 9.65038866e-02 1.17356402e-01\n 1.46513174e-01 1.62258537e-01 1.68061101e-01 1.36578556e-02\n 1.23043956e-01 6.01881433e-02 1.75164421e-01 4.89767937e-02\n 1.40431500e-01 5.33007094e-02 1.37506598e-01 1.40586569e-01\n 1.63684277e-01 7.27081239e-02 1.90431548e-01 1.43675157e-01\n 1.27162995e-01 2.52671375e-02 1.77140946e-01 8.04966902e-02\n 2.30788320e-01 1.05416482e-01 1.63081377e-01 3.09185454e-03\n 6.09571229e-02 1.54187130e-01 3.91349000e-02 1.25606339e-01\n 2.92986383e-03 1.12537231e-01 3.51361808e-02 4.30334095e-02\n 7.64615307e-02 5.31562570e-02 5.34119075e-02 3.06338021e-02\n 5.05789005e-02 7.64623969e-04 4.09769860e-02 5.96247431e-02\n 1.43536980e-02 4.94998946e-02 1.78688640e-02 4.92383513e-02\n 4.24915430e-02 4.81353829e-02 4.23238279e-02 2.38089860e-02\n 5.38704143e-03 3.71924044e-02 9.08068857e-02 8.50347417e-02\n 3.21444755e-02 2.67134217e-02 1.35038175e-02 8.39265632e-02\n 1.63729959e-02 9.44220803e-02 7.50309257e-02 3.24136084e-02\n 2.63262847e-02 2.75985527e-02 9.42649070e-03 5.02384420e-02\n 1.33805305e-02 3.02460135e-02 1.03638775e-03 5.60002113e-02\n 6.56652826e-03 2.08648978e-02 3.24743574e-02 4.74434827e-02\n 5.39062796e-03 6.29477008e-02 1.06580330e-03 2.99834647e-02\n 4.31593327e-02 3.26225046e-02 2.59134585e-02 1.36557615e-02\n 7.36655646e-02 1.25310973e-01 7.90901447e-02 7.21153892e-02\n 6.06405205e-02 3.75740961e-02 3.52490330e-02 4.98848195e-03\n 1.03129324e-01 3.90347957e-02 1.02839365e-01 4.45372436e-02\n 1.72253729e-02 2.54853731e-02 5.12620890e-02 9.57869245e-03\n 1.10992718e-02 2.05293124e-02 6.41552256e-02 4.73858286e-03\n 1.08840119e-01 1.68291553e-01 2.37552469e-02 1.86016274e-02\n 4.87324396e-02 3.13423637e-02 4.74439026e-02 5.31531596e-02\n 6.08254961e-04 6.41356001e-02 9.89109175e-03 1.38410753e-02\n 1.16404471e-03 6.23264878e-02 1.99596635e-01 1.44910026e-01\n 5.41971311e-02 4.37135359e-02 4.39224180e-02 4.70867823e-02\n 2.40092112e-02 1.15971656e-01 3.42886990e-02 5.47477670e-02\n 1.00210830e-01 5.22972751e-02 9.64602296e-02 6.15337060e-02\n 1.77848043e-02 4.78411654e-02 4.12580484e-02 8.25947660e-02\n 4.06264887e-02 1.52455603e-02 2.16484155e-01 5.94296169e-02\n 1.02861524e-01 1.25740885e-01 1.50563637e-01 1.73559118e-02\n 4.36938562e-02 9.85081881e-02 9.11337223e-03 1.65174939e-01\n 1.31617020e-02 4.18148658e-02 1.33225645e-02 1.29270461e-01\n 4.30877633e-02 4.35481501e-03 3.24208201e-02 2.57343270e-02\n 2.07158668e-02 9.32732935e-02 2.79987846e-02 5.16191313e-02\n 1.09681965e-03 4.99185965e-02 2.31782610e-02 7.87966778e-03\n 5.17795944e-02 2.06412710e-02 2.94893412e-03 4.20978144e-02\n 1.24489945e-02 5.48742345e-02 2.40265982e-02 4.67633539e-02\n 5.77338938e-03 6.67873154e-02 4.64964408e-02 5.62269732e-02\n 8.36171401e-02 1.67072957e-02 7.98054807e-02 3.37867826e-02\n 1.34480061e-01 2.54450127e-03 9.57793760e-02 7.52171765e-02\n 4.94453620e-02 9.74256878e-03 4.13551611e-02 4.69330780e-02\n 1.02767776e-01 1.24004196e-01 6.26380716e-02 6.71407331e-02\n 2.36347891e-02 1.80865964e-02 4.83253249e-03 4.33173441e-02\n 1.03514944e-01 9.24967622e-02 1.43880159e-01 4.80302670e-02\n 7.61999788e-02 1.14506782e-01 6.63596758e-02 5.93029979e-02\n 6.06143157e-02 1.43488262e-02 2.11709110e-01 2.55037866e-04\n 1.79769643e-01 7.97174445e-02 1.70590539e-01 3.51922844e-02\n 9.71844071e-02 1.51471602e-01 2.65722707e-02 2.26377921e-02\n 2.78538107e-02 5.84587350e-01 9.70801661e-01 9.99999986e-01]",
    null
  ]
}