{
  "train_loss": [
    0.15714368224143982,
    0.054080862551927567,
    0.042019378393888474,
    0.03628486394882202,
    0.03548763692378998,
    0.031793951988220215,
    0.030392400920391083,
    0.029640095308423042,
    0.026614492759108543,
    0.02667255885899067,
    0.025173533707857132,
    0.02446337416768074,
    0.02168050967156887,
    0.025700688362121582,
    0.02077641896903515,
    0.024503719061613083,
    0.01970822922885418,
    0.019237995147705078,
    0.018244238570332527,
    0.02042868174612522
  ],
  "val_loss": [
    2.626511812210083,
    0.07984402030706406,
    0.12525610625743866,
    0.03831138461828232,
    0.06924309581518173,
    0.047437433153390884,
    0.07071938365697861,
    0.058064475655555725,
    0.09838619083166122,
    0.08788904547691345,
    0.04896293953061104,
    0.03827901557087898,
    0.029103191569447517,
    0.06459750235080719,
    0.051718585193157196,
    0.06216050311923027,
    0.04231419786810875,
    0.028999991714954376,
    0.03735771402716637,
    0.03401659056544304,
    0.034597527235746384
  ]
}