{
  "mae": [
    "0.058100745",
    0.017574721150754306
  ],
  "mse": [
    "0.0052466705",
    0.0005224900260156515
  ],
  "psnr": [
    70.93196570972871,
    80.95002356288616
  ],
  "ssim": [
    0.9589657182461815,
    0.9977166047041018
  ],
  "ms_ssim": [
    0.9918256694304951,
    0.16423945295375855
  ],
  "frc50": [
    "165",
    NaN
  ],
  "frc": [
    "[1.         0.99998382 0.99995899 0.99996088 0.99989727 0.99989128\n 0.99982056 0.99971298 0.99972059 0.99973533 0.99972437 0.99946614\n 0.99955089 0.99946789 0.9993216  0.99911832 0.99903234 0.99872631\n 0.99833522 0.99746403 0.99679577 0.99716789 0.99714056 0.99520779\n 0.99457205 0.9949785  0.99385066 0.99402899 0.9939418  0.98995168\n 0.99215607 0.98165122 0.95982299 0.93705061 0.97205603 0.97350635\n 0.97997404 0.96696554 0.97494997 0.96271956 0.9629217  0.96228689\n 0.95136776 0.95077825 0.95900025 0.924714   0.87243457 0.83048929\n 0.95387452 0.95678495 0.95893848 0.96510535 0.96832063 0.97026956\n 0.97114835 0.96211976 0.9696515  0.97201878 0.96687445 0.97608839\n 0.96678206 0.96608629 0.97193363 0.96869386 0.96747013 0.92360873\n 0.95809099 0.95893914 0.95041016 0.94384331 0.93289049 0.93029842\n 0.89684927 0.83942914 0.90375653 0.90126919 0.90095778 0.88974931\n 0.89878417 0.92473071 0.90104651 0.90126464 0.89953919 0.89320251\n 0.87912184 0.88481759 0.86066276 0.85539599 0.87360679 0.8640564\n 0.84933647 0.8560693  0.76206043 0.79176237 0.7989505  0.7795388\n 0.7772177  0.73278121 0.55753815 0.71688949 0.70746794 0.62350696\n 0.66612125 0.56979556 0.69268867 0.65914898 0.62115605 0.68648614\n 0.65587825 0.6767968  0.67878904 0.67888579 0.68572653 0.69614867\n 0.74310933 0.69780578 0.72439898 0.70511997 0.68982744 0.71849957\n 0.75176754 0.75094641 0.74438281 0.76955241 0.76312846 0.8060236\n 0.78566419 0.78587314 0.81598025 0.83241548 0.77497291 0.80655238\n 0.83945521 0.8453724  0.81756028 0.84735546 0.83747374 0.86659443\n 0.86139407 0.84361517 0.87019698 0.86090603 0.86606691 0.87111893\n 0.85825776 0.84648787 0.86136536 0.88281728 0.88449365 0.86870455\n 0.8848383  0.8962474  0.89683009 0.89652327 0.90556317 0.8969194\n 0.89353168 0.90296279 0.90713095 0.89893756 0.90978846 0.90544657\n 0.91024698 0.76715573 0.55536604 0.47027356 0.3321266  0.35420387\n 0.342025   0.41479486 0.3333946  0.3390292  0.38634726 0.37283434\n 0.25972339 0.07961754 0.31441205 0.36106088 0.2879468  0.28751749\n 0.34683626 0.33432402 0.29799305 0.38845802 0.25064169 0.22787247\n 0.31018327 0.31669731 0.37125416 0.39286442 0.17677458 0.25360758\n 0.40003012 0.32910144 0.34757714 0.41276841 0.28718555 0.3162124\n 0.39524649 0.35540124 0.28765302 0.41003913 0.35550372 0.43997807\n 0.38030541 0.36257676 0.46547411 0.41564778 0.39826044 0.18249233\n 0.2879132  0.32823494 0.31343943 0.41955753 0.28977577 0.30328915\n 0.43412835 0.34199951 0.46925439 0.40065492 0.33097625 0.33094304\n 0.38673948 0.09131655 0.21884548 0.11639877 0.3298917  0.03047818\n 0.34916223 0.69001585 0.79996769 1.00000001]",
    null
  ]
}