{
  "epochs": [
    0.0,
    1.0,
    2.0,
    3.0,
    4.0,
    5.0,
    6.0,
    7.0,
    8.0,
    9.0,
    10.0,
    11.0,
    12.0,
    13.0,
    14.0,
    15.0,
    16.0,
    17.0,
    18.0,
    19.0,
    20.0,
    21.0,
    22.0,
    23.0,
    24.0,
    25.0,
    26.0,
    27.0,
    28.0,
    29.0,
    30.0,
    31.0,
    32.0,
    33.0,
    34.0,
    35.0,
    36.0,
    37.0,
    38.0,
    39.0,
    40.0,
    41.0,
    42.0,
    43.0,
    44.0,
    45.0,
    46.0,
    47.0,
    48.0
  ],
  "metrics": {
    "intensity_scaler_inv_loss": [
      34.39710998535156,
      19.8150691986084,
      17.997291564941406,
      19.46206283569336,
      18.306249618530273,
      17.253864288330078,
      17.391855239868164,
      16.7330379486084,
      16.599849700927734,
      16.689998626708984,
      15.98790454864502,
      15.657965660095215,
      14.841636657714844,
      14.716898918151855,
      14.269665718078613,
      14.185611724853516,
      14.098660469055176,
      14.046013832092285,
      13.73138427734375,
      13.901203155517578,
      13.69320297241211,
      13.580636978149414,
      13.585341453552246,
      13.658182144165039,
      13.488080978393555,
      13.570226669311523,
      13.562392234802246,
      13.464816093444824,
      13.5033597946167,
      13.439772605895996,
      13.394375801086426,
      13.3760347366333,
      13.483867645263672,
      13.34327220916748,
      13.32999324798584,
      13.302326202392578,
      13.290696144104004,
      13.23074722290039,
      13.163177490234375,
      13.178167343139648,
      13.19924545288086,
      13.185893058776855,
      13.143499374389648,
      13.057435035705566,
      13.021406173706055,
      13.051505088806152,
      13.056852340698242,
      13.07190227508545,
      13.011723518371582
    ],
    "learning_rate": [
      0.0010000000474974513,
      0.0010000000474974513,
      0.0010000000474974513,
      0.0010000000474974513,
      0.0010000000474974513,
      0.0005000000237487257,
      0.0005000000237487257,
      0.0002500000118743628,
      0.0002500000118743628,
      0.0002500000118743628,
      0.0002500000118743628,
      0.0002500000118743628,
      0.0002500000118743628,
      0.0002500000118743628,
      0.0002500000118743628,
      0.0002500000118743628,
      0.0002500000118743628,
      0.0002500000118743628,
      0.0001250000059371814,
      0.0001250000059371814,
      9.999999747378752e-05,
      9.999999747378752e-05,
      9.999999747378752e-05,
      9.999999747378752e-05,
      9.999999747378752e-05,
      9.999999747378752e-05,
      9.999999747378752e-05,
      9.999999747378752e-05,
      9.999999747378752e-05,
      9.999999747378752e-05,
      9.999999747378752e-05,
      9.999999747378752e-05,
      9.999999747378752e-05,
      9.999999747378752e-05,
      9.999999747378752e-05,
      9.999999747378752e-05,
      9.999999747378752e-05,
      9.999999747378752e-05,
      9.999999747378752e-05,
      9.999999747378752e-05,
      9.999999747378752e-05,
      9.999999747378752e-05,
      9.999999747378752e-05,
      9.999999747378752e-05,
      9.999999747378752e-05,
      9.999999747378752e-05,
      9.999999747378752e-05,
      9.999999747378752e-05,
      9.999999747378752e-05
    ],
    "loss": [
      -3855680.25,
      -3913566.5,
      -3920127.75,
      -3915111.75,
      -3917383.75,
      -3921338.25,
      -3920546.0,
      -3922654.75,
      -3923473.25,
      -3922989.75,
      -3925110.75,
      -3925894.0,
      -3927316.75,
      -3927572.25,
      -3928298.0,
      -3928658.75,
      -3928757.0,
      -3928734.75,
      -3929068.0,
      -3928988.75,
      -3929185.0,
      -3929233.25,
      -3929285.0,
      -3929283.25,
      -3929371.75,
      -3929329.5,
      -3929393.25,
      -3929447.75,
      -3929497.5,
      -3929472.0,
      -3929530.5,
      -3929444.5,
      -3929533.25,
      -3929512.25,
      -3929470.75,
      -3929602.0,
      -3929555.0,
      -3929647.75,
      -3929647.5,
      -3929658.0,
      -3929639.25,
      -3929648.75,
      -3929662.0,
      -3929715.0,
      -3929767.75,
      -3929777.25,
      -3929738.25,
      -3929751.75,
      -3929730.0
    ],
    "pred_intensity_loss": [
      -3882806.0,
      -3939483.0,
      -3949655.0,
      -3935172.75,
      -3884885.75,
      -3911100.25,
      -3906139.75,
      -3889038.75,
      -3946842.5,
      -3950473.5,
      -3965374.75,
      -3900982.0,
      -3935430.25,
      -3904182.75,
      -3944668.75,
      -3908495.0,
      -3931691.25,
      -3874901.25,
      -3895870.5,
      -3944932.25,
      -3897483.25,
      -3905901.25,
      -3915880.0,
      -3952513.25,
      -3909529.25,
      -3931498.5,
      -3954593.5,
      -3934730.25,
      -3913403.75,
      -3895234.25,
      -3899978.25,
      -3909603.5,
      -3924662.0,
      -3980137.25,
      -3921534.5,
      -4005619.0,
      -3956912.25,
      -3955102.75,
      -3909798.5,
      -3958038.75,
      -3949306.25,
      -3910582.25,
      -3881750.0,
      -3906365.25,
      -3884212.25,
      -3964278.75,
      -3931901.5,
      -3926828.25,
      -3938092.75
    ],
    "train_loss": [
      -3855680.25,
      -3913566.5,
      -3920127.75,
      -3915111.75,
      -3917383.75,
      -3921338.25,
      -3920546.0,
      -3922654.75,
      -3923473.25,
      -3922989.75,
      -3925110.75,
      -3925894.0,
      -3927316.75,
      -3927572.25,
      -3928298.0,
      -3928658.75,
      -3928757.0,
      -3928734.75,
      -3929068.0,
      -3928988.75,
      -3929185.0,
      -3929233.25,
      -3929285.0,
      -3929283.25,
      -3929371.75,
      -3929329.5,
      -3929393.25,
      -3929447.75,
      -3929497.5,
      -3929472.0,
      -3929530.5,
      -3929444.5,
      -3929533.25,
      -3929512.25,
      -3929470.75,
      -3929602.0,
      -3929555.0,
      -3929647.75,
      -3929647.5,
      -3929658.0,
      -3929639.25,
      -3929648.75,
      -3929662.0,
      -3929715.0,
      -3929767.75,
      -3929777.25,
      -3929738.25,
      -3929751.75,
      -3929730.0
    ],
    "trimmed_obj_loss": [
      0.0,
      0.0,
      0.0,
      0.0,
      0.0,
      0.0,
      0.0,
      0.0,
      0.0,
      0.0,
      0.0,
      0.0,
      0.0,
      0.0,
      0.0,
      0.0,
      0.0,
      0.0,
      0.0,
      0.0,
      0.0,
      0.0,
      0.0,
      0.0,
      0.0,
      0.0,
      0.0,
      0.0,
      0.0,
      0.0,
      0.0,
      0.0,
      0.0,
      0.0,
      0.0,
      0.0,
      0.0,
      0.0,
      0.0,
      0.0,
      0.0,
      0.0,
      0.0,
      0.0,
      0.0,
      0.0,
      0.0,
      0.0,
      0.0
    ],
    "val_intensity_scaler_inv_loss": [
      20.762065887451172,
      17.8894100189209,
      18.723377227783203,
      20.77045249938965,
      17.218324661254883,
      18.758342742919922,
      17.317800521850586,
      16.56051254272461,
      17.704177856445312,
      16.078105926513672,
      15.731780052185059,
      15.26373291015625,
      15.160396575927734,
      14.858407974243164,
      14.405046463012695,
      14.00360107421875,
      14.320573806762695,
      14.312381744384766,
      13.997770309448242,
      13.995695114135742,
      13.994028091430664,
      14.024848937988281,
      13.720703125,
      13.762251853942871,
      14.049763679504395,
      13.905534744262695,
      13.785844802856445,
      13.757560729980469,
      13.969521522521973,
      13.850117683410645,
      13.765134811401367,
      13.797487258911133,
      13.944902420043945,
      13.887264251708984,
      13.665976524353027,
      13.975826263427734,
      13.512815475463867,
      13.481599807739258,
      13.760126113891602,
      13.703631401062012,
      13.850058555603027,
      13.424428939819336,
      13.43865966796875,
      13.683877944946289,
      13.688335418701172,
      13.23701286315918,
      13.368831634521484,
      13.641246795654297,
      13.772583961486816
    ],