{
  "train_loss": [
    0.18918481469154358,
    0.1046128123998642,
    0.08749297261238098,
    0.07935001701116562,
    0.07088848948478699,
    0.062204599380493164,
    0.05486727133393288,
    0.05003727972507477,
    0.045790936797857285,
    0.04466105252504349
  ],
  "val_loss": [
    4.620025157928467,
    0.31307291984558105,
    0.11050326377153397,
    0.07018422335386276,
    0.10796091705560684,
    0.07847695052623749,
    0.0485524982213974,
    0.03891118988394737,
    0.07970664650201797,
    0.05462948605418205,
    0.044287409633398056
  ]
}