{
  "pinn": {
    "mae": [
      0.08184213191569567,
      0.0929367337087193
    ],
    "mse": [
      0.010796588493602495,
      0.04128410521330718
    ],
    "psnr": [
      67.7979381399957,
      61.97297484613148
    ],
    "ssim": [
      0.8727282523193571,
      0.8539950641938249
    ],
    "ms_ssim": [
      0.975409847921274,
      0.5422545421765836
    ],
    "frc50": [
      "80",
      NaN
    ],
    "frc": [
      "[1.         0.99999531 0.99997251 0.9998045  0.99983213 0.99987561\n 0.99948612 0.99906197 0.99879152 0.99804879 0.99685423 0.9960974\n 0.99333187 0.99342035 0.99322963 0.98846971 0.98737212 0.98527568\n 0.98572939 0.98397624 0.97979901 0.98434601 0.9833643  0.97171171\n 0.97750102 0.98024674 0.96942356 0.97270174 0.97141307 0.95512133\n 0.97175302 0.9460329  0.92488252 0.90743496 0.88915505 0.87074017\n 0.87005098 0.85249228 0.83516137 0.74980047 0.76580403 0.76553404\n 0.68585131 0.7690143  0.77388144 0.74529647 0.75637965 0.71348234\n 0.8482681  0.88255092 0.9110963  0.91576272 0.92142651 0.9484994\n 0.94847714 0.94964438 0.95298189 0.95507997 0.95027422 0.95979411\n 0.95842311 0.94956293 0.9467692  0.95130967 0.9399062  0.81708771\n 0.90758273 0.88382263 0.85315849 0.85487193 0.81227997 0.79275791\n 0.76085393 0.67449576 0.69481098 0.70105405 0.66525125 0.60843191\n 0.58883356 0.62327825 0.49752598 0.49556336 0.57083981 0.50327884\n 0.57353071 0.49943017 0.53222178 0.50043473 0.55728954 0.52365244\n 0.48273941 0.56198571 0.55078461 0.47744851 0.49327349 0.50699412\n 0.5572358  0.51124585 0.49293191 0.56604677 0.57076192 0.47400017\n 0.51105749 0.48408611 0.61724128 0.6000605  0.57219498 0.65215244\n 0.63672915 0.64762179 0.61581456 0.65063241 0.65306409 0.6441261\n 0.68555644 0.667553   0.70504521 0.69474101 0.70542557 0.71543992\n 0.71915259 0.74539081 0.73869537 0.77576474 0.74676447 0.78923022\n 0.76583949 0.77330244 0.76875506 0.77975202 0.69858378 0.74282235\n 0.79478752 0.79852026 0.7282978  0.81122294 0.8162617  0.85546297\n 0.84531167 0.85630794 0.86825383 0.85435818 0.85875469 0.8762632\n 0.86013951 0.8654926  0.85377574 0.87835912 0.87902863 0.878671\n 0.88220698 0.89331352 0.89544507 0.8897088  0.89991364 0.90143296\n 0.91270868 0.89335738 0.8980212  0.88432115 0.89406758 0.87517177\n 0.8916888  0.70774737 0.45247243 0.3148872  0.10665867 0.32308884\n 0.31764108 0.33799882 0.28298129 0.26098385 0.20175007 0.28721652\n 0.23337225 0.26792208 0.2600452  0.24881692 0.24541717 0.20231899\n 0.25523389 0.27717166 0.31879526 0.28727291 0.30611245 0.3688901\n 0.31919433 0.20500582 0.37673681 0.30174415 0.31683671 0.37018913\n 0.32484363 0.31427993 0.33379305 0.3404281  0.3276021  0.367496\n 0.4086764  0.44448616 0.43992234 0.30370063 0.42666115 0.41510555\n 0.40744373 0.32303429 0.31371257 0.32219418 0.33000403 0.16771252\n 0.36251471 0.33525295 0.29425881 0.3967518  0.19860105 0.30532967\n 0.19055157 0.29289152 0.33659281 0.22420713 0.30483822 0.23500135\n 0.4145288  0.15635745 0.470808   0.35415048 0.38677812 0.36972535\n 0.48896265 0.2182264  0.29757191 1.00000001]",
      null
    ]
  },
  "baseline": {
    "mae": [
      0.3927543762733657,
      2.3571832433796397e-13
    ],
    "mse": [
      0.2699293467339579,
      2.254955184793803e-25
    ],
    "psnr": [
      53.81830257221252,
      294.59536391313173
    ],
    "ssim": [
      0.25542881275609813,
      0.9999999999999132
    ],
    "ms_ssim": [
      0.6839857378979985,
      0.0857929040043644
    ],
    "frc50": [
      "32",
      NaN
    ],
    "frc": [
      "[1.         0.99986851 0.99978907 0.9995377  0.99979152 0.99971532\n 0.99943545 0.99899427 0.99931774 0.99853874 0.99824002 0.99679165\n 0.9955773  0.9963774  0.99429025 0.99195054 0.99123929 0.98464761\n 0.98446628 0.97006264 0.96973357 0.96551954 0.94909901 0.92907589\n 0.9364074  0.89894847 0.86110263 0.82504492 0.7980041  0.66602598\n 0.65923587 0.54429548 0.0974034  0.07714871 0.28936954 0.5756828\n 0.5745037  0.59175176 0.65092748 0.64490841 0.66757735 0.65247852\n 0.51617145 0.43064959 0.42550455 0.22163155 0.12035945 0.06325071\n 0.27481832 0.37109281 0.35934601 0.46169302 0.43663606 0.39963997\n 0.35796967 0.50412775 0.47825056 0.32475423 0.37410612 0.36978781\n 0.24464837 0.32266204 0.15717647 0.21310483 0.19376789 0.08055008\n 0.00420475 0.10116027 0.11808783 0.19106837 0.01087964 0.17775808\n 0.12558565 0.07562376 0.12331142 0.07519132 0.14113677 0.17611182\n 0.19960002 0.1774185  0.12161437 0.1744403  0.18704399 0.1660036\n 0.18024017 0.22115082 0.14048288 0.13809418 0.24637566 0.20554649\n 0.15272974 0.11653062 0.10070725 0.1051503  0.10532489 0.13674285\n 0.11128674 0.03429877 0.03511551 0.0896502  0.09052024 0.11469203\n 0.08497863 0.06925653 0.11257866 0.19726194 0.21935027 0.35129215\n 0.38407746 0.4090266  0.38153472 0.42728262 0.42930346 0.39027949\n 0.41508168 0.45873124 0.41752501 0.23223582 0.06949415 0.37165745\n 0.3716668  0.42927953 0.35832069 0.38256623 0.31416487 0.35723568\n 0.22823311 0.28538791 0.28783679 0.1499242  0.03791505 0.0189099\n 0.07765273 0.11889995 0.06995162 0.14155672 0.22842561 0.34956287\n 0.32190988 0.25224782 0.5293097  0.5694106  0.59979634 0.63968135\n 0.54737205 0.31601856 0.38200462 0.62581633 0.66720339 0.73386907\n 0.73828973 0.73942107 0.76748117 0.75835292 0.75654784 0.714245\n 0.74677566 0.71281262 0.69083874 0.64056874 0.5291936  0.57118653\n 0.44503867 0.03300794 0.04666137 0.12901319 0.01801485 0.0458379\n 0.09169564 0.08549155 0.10425234 0.04910095 0.05771234 0.09656282\n 0.02953173 0.00941591 0.1372537  0.01477881 0.14691991 0.04901066\n 0.08298624 0.13373138 0.09976524 0.1284759  0.03366461 0.0157563\n 0.06779079 0.08135416 0.09923847 0.06862513 0.03153425 0.09460511\n 0.2132427  0.15912485 0.20385986 0.20411449 0.19144101 0.21085918\n 0.24251466 0.21772903 0.26304012 0.23350895 0.29408932 0.22493011\n 0.21735033 0.29417147 0.28403128 0.2042081  0.161499   0.0652695\n 0.01245994 0.1735629  0.15382563 0.20322976 0.09222215 0.31428522\n 0.18569373 0.34703739 0.15963751 0.38409007 0.1646712  0.25125067\n 0.10746507 0.17886506 0.13294273 0.27802981 0.26593155 0.05499312\n 0.26764088 0.21278339 0.38521644 1.00000001]",
      null
    ]
  },
  "pinn_fno": {
    "mae": [
      "0.07297036",
      0.0144538863777646
    ],
    "mse": [
      "0.008199324",
      0.00034117040583324067
    ],
    "psnr": [
      68.99302311664373,
      82.80109008762805
    ],
    "ssim": [
      0.9052474370304844,
      0.9945566745824107
    ],
    "ms_ssim": [
      0.9840210424250062,
      0.12384173323113143
    ],
    "frc50": [
      "103",
      NaN
    ],