{
  "amplitude": {
    "bias_summary": {
      "mean": -2.286906637122598,
      "median": -2.5243802070617676,
      "p05": -3.7023458957672117,
      "p95": 0.2737571597099307
    },
    "color_range": [
      -4.85612678527832,
      4.85612678527832
    ],
    "count": 153664,
    "mae": 2.3643443275654983,
    "max_abs": 4.7676825523376465,
    "pearson_r": 0.10216715870232974,
    "pred_stats": {
      "max": 4.121832370758057,
      "mean": 0.42134085297584534,
      "min": 0.0,
      "nan_count": 0,
      "std": 1.0149067640304565
    },
    "rmse": 2.5569435861116285,
    "truth_stats": {
      "max": 4.85612678527832,
      "mean": 2.708247423171997,
      "min": 0.6128976941108704,
      "nan_count": 0,
      "std": 0.6410303115844727
    }
  },
  "phase": {
    "bias_summary": {
      "mean": -0.12949770651016848,
      "median": 0.0,
      "p05": -0.9141497045755387,
      "p95": 0.0
    },
    "color_range": [
      -3.141592653589793,
      3.141592653589793
    ],
    "count": 153664,
    "mae": 0.12949770649445896,
    "max_abs": 1.125796914100647,
    "pearson_r": null,
    "pred_stats": {
      "max": 0.0,
      "mean": -0.1294977068901062,
      "min": -1.125796914100647,
      "nan_count": 0,
      "std": 0.31196799874305725
    },
    "rmse": 0.3377775819993746,
    "truth_stats": {
      "max": 0.0,
      "mean": 0.0,
      "min": 0.0,
      "nan_count": 0,
      "std": 0.0
    }
  }
}