{
  "pinn": {
    "mae": [
      0.16338739854098117,
      1.2830229207544268
    ],
    "mse": [
      0.039485511110949285,
      3.2503226524569677
    ],
    "psnr": [
      62.166425970947614,
      43.01153886050572
    ],
    "ssim": [
      0.5396119668378203,
      0.425604442728184
    ],
    "ms_ssim": [
      0.8725251587686136,
      0.05906889972810951
    ],
    "frc50": [
      "18",
      "2"
    ],
    "frc": [
      "[1.00000001 0.99996446 0.99937646 0.99939723 0.99932656 0.99864075\n 0.99783494 0.997792   0.99594584 0.99536302 0.99073739 0.98230652\n 0.97113176 0.95524743 0.88178778 0.87294225 0.70282531 0.59202726\n 0.32768979 0.22221478 0.18457879 0.29310364 0.14953048 0.05699501\n 0.2445664  0.02923645 0.33569822 0.27637564 0.14320395 0.13929905\n 0.18214416 0.26145423 0.17053849 0.25585126 0.22493896 0.23696281\n 0.21024405 0.14419868 0.27268183 0.16456134 0.28713542 0.20676782\n 0.19159034 0.15042116 0.18917249 0.2642247  0.19041471 0.2342908\n 0.10835136 0.26945395 0.25879124 0.23445861 0.28521602 0.21234243\n 0.22228338 0.14343487 0.21895287 0.21441658 0.28637516 0.23838291\n 0.27749677 0.30654939 0.23994881 0.33225417 0.25022852 0.28003745\n 0.24523282 0.34159308 0.3291422  0.27904296 0.33706853 0.3528943\n 0.31106462 0.32996242 0.3407171  0.33411596 0.33227677 0.36558187\n 0.47774083 0.35261829 0.40473442 0.47007777 0.41001569 0.38390698\n 0.46812262 0.48530374 0.42745313 0.47444308 0.51857054 0.58021753\n 0.51785846 0.53228927 0.59507642 0.59709154 0.56113317 0.60150214\n 0.60190164 0.61259087 0.61731615 0.66443903 0.67806963 0.67332665\n 0.6813477  0.72279238 0.74131218 0.74822325 0.69540142 0.77452014\n 0.74849618 0.7104725  0.77290314 0.79100927 0.81114137 0.77228128\n 0.78017485 0.82762682 0.79731652 0.81544086 0.80239388 0.81356397\n 0.83693291 0.80130599 0.83298474 0.83153869 0.85354565 0.83143323\n 0.8167268  0.85569525 0.85568627 0.84669985 0.85105628 0.85393235\n 0.8734945  0.75555805 0.10898568 0.04231907 0.15563954 0.0572572\n 0.00545227 0.08031652 0.03388502 0.03053168 0.03811768 0.06067102\n 0.01196131 0.05523168 0.12883573 0.03311955 0.19123006 0.01007786\n 0.02123397 0.05176879 0.04399039 0.01152328 0.0305847  0.09076384\n 0.04057565 0.07974331 0.10003732 0.11595016 0.09724534 0.0262361\n 0.11869575 0.06376014 0.11967889 0.06687618 0.00172065 0.02153817\n 0.04794308 0.17504025 0.0149931  0.07112869 0.05854506 0.04148441\n 0.02699674 0.04785684 0.11494541 0.12988396 0.10921106 0.2127767\n 0.12504901 0.06571753 0.0223454  0.22993051 0.27317157 0.34149038\n 0.25623316 0.11232947 1.        ]",
      "[1.00000000e+00 9.21816019e-01 3.50531169e-01 2.04009142e-02\n 4.08281356e-01 2.20023499e-01 1.56584017e-01 1.69224676e-02\n 3.01025003e-01 1.56955784e-01 2.15093942e-01 7.54954251e-03\n 2.93555324e-01 1.86572797e-01 2.23248302e-01 2.13311387e-01\n 2.29422598e-01 1.46719881e-01 1.29448706e-01 2.22913972e-02\n 1.22848812e-01 1.01295653e-01 7.41808005e-02 7.55214006e-02\n 2.75177346e-03 4.83717185e-02 1.82043123e-02 1.69963673e-01\n 6.75655955e-02 5.55866864e-02 1.82145052e-02 5.48544669e-02\n 5.74849287e-02 4.98263536e-03 9.93908658e-03 1.31442712e-02\n 6.16461416e-02 1.79037802e-02 2.40592607e-02 9.35646683e-03\n 8.80626363e-02 6.18856790e-02 6.49639132e-02 8.59703376e-03\n 7.67581608e-02 1.85288026e-02 5.40534053e-03 1.30832284e-01\n 2.19756504e-02 2.84818469e-02 7.17977350e-02 6.67219321e-03\n 5.41631279e-02 8.15928087e-03 5.86032307e-02 1.90807844e-02\n 4.99073414e-02 4.93991463e-03 7.19769085e-02 2.63247144e-02\n 4.74413870e-02 3.97932269e-02 9.08625660e-02 1.11191008e-01\n 4.47798716e-03 6.33723978e-03 7.08726177e-02 4.72278662e-02\n 1.16357214e-01 5.42860986e-02 1.76289550e-02 4.89011102e-02\n 7.91204891e-03 1.89801034e-04 5.80778919e-02 1.47938818e-02\n 8.91804138e-03 3.68157550e-02 4.54725446e-02 3.46576713e-02\n 2.43559695e-02 4.52960576e-02 8.63263919e-02 2.78624766e-02\n 9.01735849e-02 1.94403110e-02 2.83009451e-02 1.62324294e-02\n 1.12177154e-03 1.45973545e-02 3.59716565e-02 3.48967707e-02\n 1.18934637e-02 4.16833975e-02 2.48021597e-02 5.93410457e-02\n 4.27707152e-02 1.10118303e-02 1.16300524e-01 8.15223159e-03\n 1.14736632e-01 2.90826762e-04 2.44704349e-02 9.43740709e-03\n 1.23969958e-02 4.53059904e-02 7.45050723e-02 9.31669665e-03\n 9.04154449e-02 3.42998167e-02 7.03958652e-03 8.01977648e-03\n 2.82005918e-02 3.47655929e-02 3.75704149e-02 1.00918445e-01\n 3.17076877e-02 2.01837653e-02 2.01311669e-02 6.33209475e-03\n 5.70656534e-03 3.12735957e-02 4.05985667e-03 4.12297754e-02\n 3.00405000e-02 8.23623872e-02 2.99496547e-02 1.92916475e-02\n 3.70336055e-02 2.85197360e-02 8.66534776e-02 1.23800090e-01\n 1.31677149e-02 4.28142981e-02 1.61435430e-02 2.90121287e-02\n 4.60823375e-02 2.32487216e-02 5.03873671e-02 6.18356264e-02\n 8.61435618e-04 8.95028789e-03 9.60662861e-02 1.26748237e-02\n 2.86429672e-02 4.64680620e-03 7.59556815e-02 3.72249344e-02\n 7.32492946e-02 2.97014194e-02 1.65794017e-02 1.07717240e-01\n 6.78379666e-03 5.75577789e-02 4.16058592e-02 4.62898072e-02\n 2.32672646e-03 1.52944730e-02 6.03551369e-02 8.39219777e-02\n 5.88132566e-02 2.65734742e-02 1.00792976e-02 6.36474558e-02\n 9.17591915e-02 8.50954223e-02 7.95761742e-02 1.10555718e-01\n 5.08322230e-02 1.06625170e-02 1.13738738e-01 2.01668445e-01\n 6.84001191e-02 8.99220706e-03 4.69060245e-02 4.27231825e-02\n 5.39140913e-03 7.94751566e-02 1.32968587e-01 8.74625266e-03\n 3.94559421e-02 4.47381818e-03 1.06472467e-01 9.84599756e-03\n 5.36170443e-02 4.72670697e-01 3.26067544e-02 4.98284246e-01\n 1.00000000e+00]"
    ]
  },
  "baseline": {
    "mae": [
      0.3951373560394977,
      0.7649342407513404
    ],
    "mse": [
      0.2416412843301244,
      1.1134464867646245
    ],
    "psnr": [
      54.299092248980834,
      47.66411011707376
    ],
    "ssim": [
      0.1782330828449998,
      0.5241047597312595
    ],
    "ms_ssim": [
      0.6136879175296973,
      0.3359877555584143
    ],
    "frc50": [
      "21",
      "6"
    ],