{
  "amplitude": {
    "bias_summary": {
      "mean": -2.2987588706190873,
      "median": -2.5305827856063843,
      "p05": -3.6955116152763368,
      "p95": 0.2507490634918214
    },
    "color_range": [
      -4.85612678527832,
      4.85612678527832
    ],
    "count": 153664,
    "mae": 2.36782129529921,
    "max_abs": 4.7676825523376465,
    "pearson_r": 0.13738924099031127,
    "pred_stats": {
      "max": 3.9825661182403564,
      "mean": 0.40948858857154846,
      "min": 0.0,
      "nan_count": 0,
      "std": 1.0152482986450195
    },
    "rmse": 2.5587329356480963,
    "truth_stats": {
      "max": 4.85612678527832,
      "mean": 2.708247423171997,
      "min": 0.6128976941108704,
      "nan_count": 0,
      "std": 0.6410303115844727
    }
  },
  "phase": {
    "bias_summary": {
      "mean": -0.13176465618336067,
      "median": 0.0,
      "p05": -0.9676393449306488,
      "p95": 0.0
    },
    "color_range": [
      -3.141592653589793,
      3.141592653589793
    ],
    "count": 153664,
    "mae": 0.13176465616086308,
    "max_abs": 1.1284170150756836,
    "pearson_r": null,
    "pred_stats": {
      "max": 0.0,
      "mean": -0.13176465034484863,
      "min": -1.1284170150756836,
      "nan_count": 0,
      "std": 0.3258456885814667
    },
    "rmse": 0.3514787994037415,
    "truth_stats": {
      "max": 0.0,
      "mean": 0.0,
      "min": 0.0,
      "nan_count": 0,
      "std": 0.0
    }
  }
}