{
  "amplitude": {
    "max": 0.9638411998748779,
    "mean": 0.104068323969841,
    "min": 0.0,
    "nan_count": 0,
    "std": 0.2619391679763794
  },
  "fits_canvas": false,
  "offsets": {
    "axis_max_abs": [
      370.68103466186335,
      379.9548208023779
    ],
    "max_abs": 379.9548208023779
  },
  "padded_size": 820,
  "phase": {
    "max": 0.18106059730052948,
    "mean": 0.008229047060012817,
    "min": -0.038333673030138016,
    "nan_count": 0,
    "std": 0.022683192044496536
  },
  "prediction_scale": {
    "applied": false,
    "mode": "none",
    "recorded_scale": 988.211669921875,
    "source": null,
    "value": null
  },
  "required_canvas": 824
}