{
  "amplitude": {
    "max": 2.067565679550171,
    "mean": 0.21241159737110138,
    "min": 0.0,
    "nan_count": 0,
    "std": 0.5366759896278381
  },
  "fits_canvas": true,
  "offsets": {
    "axis_max_abs": [
      376.3193180156394,
      373.3114293734376
    ],
    "max_abs": 376.3193180156394
  },
  "padded_size": 822,
  "phase": {
    "max": 1.0661442279815674,
    "mean": 0.11871623247861862,
    "min": 0.0,
    "nan_count": 0,
    "std": 0.2996631860733032
  },
  "required_canvas": 817
}