{
  "train_loss": [
    0.27299734950065613,
    0.09593436866998672,
    0.08984048664569855,
    0.05705925449728966,
    0.06953949481248856,
    0.04892180860042572,
    0.058535125106573105,
    0.04968155547976494,
    0.04559464007616043,
    0.043574169278144836
  ],
  "val_loss": [
    2.289882183074951,
    0.13647736608982086,
    0.08361987769603729,
    0.08658066391944885,
    0.07837668806314468,
    0.04929950460791588,
    0.10105174034833908,
    0.05028439685702324,
    0.07668419182300568,
    0.044919032603502274,
    0.0462704598903656
  ]
}