,mae,mse,psnr,frc50
0,0.03871481865644455,0.002484179800376296,74.17897342774816,24
1,0.09191125727982731,0.014951155503984837,66.38405601781238,33
