{
  "architecture": "hybrid_resnet",
  "eval_image_mae_norm": 0.48936665058135986,
  "eval_relative_physics": 0.8954346776008606,
  "final_loss_breakdown": {
    "image": 0.5457825064659119,
    "physics": 0.003633360378444195,
    "positivity": 1.1692427506204695e-06,
    "relative_physics": 0.9037266373634338,
    "total": 0.6365185976028442,
    "tv": 0.003875523107126355
  },
  "final_loss_total": 0.6365185976028442,
  "note": "fast_dev_run sanity execution",
  "parameter_count": 142162,
  "row_id": "sru_net",
  "row_status": "feasibility_only",
  "train_steps": 1
}
