{
  "architecture": "hybrid_resnet",
  "eval_image_mae_norm": 0.5049442052841187,
  "eval_relative_physics": 0.7867355942726135,
  "final_loss_breakdown": {
    "image": 0.5327221155166626,
    "physics": 0.0037188951391726732,
    "positivity": 7.451551482517971e-07,
    "relative_physics": 0.7859271168708801,
    "total": 0.6116867065429688,
    "tv": 0.002548162592574954
  },
  "final_loss_total": 0.6116867065429688,
  "note": "fast_dev_run sanity execution",
  "parameter_count": 142162,
  "row_id": "sru_net",
  "row_status": "feasibility_only",
  "train_steps": 1
}
