{
  "amplitude": {
    "bias_summary": {
      "mean": -2.2912851154202225,
      "median": -2.524417996406555,
      "p05": -3.7023458957672117,
      "p95": 0.2592103481292728
    },
    "color_range": [
      -4.85612678527832,
      4.85612678527832
    ],
    "count": 153664,
    "mae": 2.3704394556419834,
    "max_abs": 4.7676825523376465,
    "pearson_r": 0.10251087479750193,
    "pred_stats": {
      "max": 4.317224502563477,
      "mean": 0.4169623553752899,
      "min": 0.0,
      "nan_count": 0,
      "std": 1.0108436346054077
    },
    "rmse": 2.55926980940393,
    "truth_stats": {
      "max": 4.85612678527832,
      "mean": 2.708247423171997,
      "min": 0.6128976941108704,
      "nan_count": 0,
      "std": 0.6410303115844727
    }
  },
  "phase": {
    "bias_summary": {
      "mean": 0.13110905655542204,
      "median": 0.0,
      "p05": 0.0,
      "p95": 0.9427855461835861
    },
    "color_range": [
      -3.141592653589793,
      3.141592653589793
    ],
    "count": 153664,
    "mae": 0.13110905653059712,
    "max_abs": 1.164018154144287,
    "pearson_r": null,
    "pred_stats": {
      "max": 1.164018154144287,
      "mean": 0.1311090588569641,
      "min": 0.0,
      "nan_count": 0,
      "std": 0.31756776571273804
    },
    "rmse": 0.34356787036229974,
    "truth_stats": {
      "max": 0.0,
      "mean": 0.0,
      "min": 0.0,
      "nan_count": 0,
      "std": 0.0
    }
  }
}