{
  "train_loss": [
    0.12689925730228424
  ],
  "val_loss": [
    1.0730894804000854,
    0.10403167456388474
  ]
}