{
  "mae": [
    "0.16440265",
    0.039624424735312316
  ],
  "mse": [
    "0.04139023",
    0.0024434321794832422
  ],
  "psnr": [
    61.961825502503885,
    74.25080071747774
  ],
  "ssim": [
    0.5994509740057813,
    0.9643268776521597
  ],
  "ms_ssim": [
    0.9042131186721087,
    0.07959956958220578
  ],
  "frc50": [
    "29",
    NaN
  ],
  "frc": [
    "[1.         0.99966643 0.99971438 0.99821612 0.99824603 0.99825148\n 0.99664665 0.99610626 0.99458225 0.99170577 0.98960649 0.98924013\n 0.97990485 0.98564625 0.9772869  0.96598176 0.96408551 0.93835373\n 0.93757712 0.91569236 0.86442961 0.85790543 0.82124654 0.6936809\n 0.73154567 0.76508938 0.56403078 0.54739405 0.62589325 0.32370506\n 0.63979961 0.45532352 0.2861307  0.32623195 0.35765654 0.3363692\n 0.38036871 0.29948457 0.35901159 0.30221948 0.33185554 0.23362672\n 0.08132136 0.19576247 0.01275846 0.11228258 0.06233139 0.00180551\n 0.09881817 0.14097645 0.0985633  0.01549078 0.02241155 0.06113607\n 0.04323358 0.12781556 0.13038548 0.14049811 0.12665568 0.22985111\n 0.26886611 0.27550153 0.26883024 0.37246539 0.27579997 0.11965247\n 0.29781567 0.26225498 0.28706077 0.25981419 0.16322081 0.24150403\n 0.16509826 0.17487837 0.25106606 0.2316148  0.10008466 0.15226634\n 0.14282896 0.19030662 0.08659393 0.14286659 0.15951091 0.19404734\n 0.18202335 0.16399511 0.22163033 0.15792158 0.20707321 0.15846914\n 0.18332014 0.2164518  0.23360365 0.231926   0.28811448 0.28997376\n 0.38817201 0.34290523 0.15561052 0.40359834 0.41201309 0.28480117\n 0.33419174 0.25206084 0.36079701 0.31595435 0.31729028 0.3570321\n 0.33772645 0.27150282 0.2978603  0.21574945 0.36631433 0.32244024\n 0.33817224 0.3777872  0.36397387 0.35855961 0.34538835 0.40968792\n 0.36481519 0.44425316 0.38954785 0.44112983 0.46443418 0.48028868\n 0.47966027 0.54042432 0.57808074 0.588103   0.40672398 0.40480721\n 0.59659667 0.59609738 0.3704238  0.52686019 0.55681974 0.52053365\n 0.52658358 0.50024213 0.47851547 0.50908919 0.44603122 0.46199801\n 0.40861511 0.43273333 0.40013946 0.40445178 0.47883672 0.44993019\n 0.45146055 0.46193492 0.5334195  0.52211821 0.59058439 0.52424999\n 0.57100833 0.59969516 0.60249801 0.591855   0.63965881 0.66797846\n 0.66177788 0.33997614 0.04942497 0.04784468 0.0196976  0.1664416\n 0.14011503 0.09530839 0.17144524 0.02997608 0.13133598 0.08422955\n 0.00119817 0.07616051 0.1800591  0.21645278 0.18832066 0.09423681\n 0.15893922 0.16218957 0.13526458 0.13558078 0.05968722 0.04135644\n 0.2313317  0.19766677 0.20513571 0.25224454 0.04513614 0.12196453\n 0.26106709 0.10243945 0.1774119  0.28705205 0.28300494 0.17696799\n 0.26306395 0.22346903 0.29883812 0.21414255 0.2017798  0.16621905\n 0.09969153 0.22517819 0.10777393 0.24845962 0.17221612 0.03537375\n 0.04906182 0.21507364 0.22110144 0.23822414 0.25481215 0.18566821\n 0.09227517 0.21577545 0.34969243 0.28475648 0.22211804 0.36514736\n 0.40504503 0.29688971 0.19584824 0.48624791 0.14496546 0.32595223\n 0.30259195 0.26802728 0.8368724  1.00000004]",
    null
  ]
}