{
  "pinn": {
    "mae": [
      0.06860069766660971,
      0.05761957474385373
    ],
    "mse": [
      0.007925860047199083,
      0.016104143239894255
    ],
    "psnr": [
      69.14033959915446,
      66.06142735611334
    ],
    "ssim": [
      0.913003650229657,
      0.9251405425413088
    ],
    "ms_ssim": [
      0.9825637560667662,
      0.5580462752060718
    ],
    "frc50": [
      "165",
      NaN
    ],
    "frc": [
      "[1.         0.9999821  0.99987029 0.99948135 0.99961246 0.99976833\n 0.99913144 0.9985017  0.99834298 0.99776688 0.99724313 0.99650624\n 0.99447496 0.99515482 0.99541858 0.99215486 0.99198896 0.99102362\n 0.99103815 0.98900864 0.98754994 0.98741595 0.98861146 0.97940237\n 0.98371331 0.98512953 0.976355   0.97951841 0.98041936 0.96762691\n 0.97824587 0.96291361 0.95385017 0.94323845 0.93786761 0.92873783\n 0.94082929 0.92116372 0.92018031 0.8700275  0.87605748 0.87490311\n 0.85505676 0.88255295 0.89101457 0.88172363 0.87323484 0.87336313\n 0.92308257 0.92964399 0.94578774 0.95023049 0.95129921 0.96161284\n 0.96441864 0.95743736 0.96691291 0.9659266  0.9629294  0.96890464\n 0.95896842 0.96046727 0.95841219 0.96100586 0.95451854 0.90782018\n 0.93992549 0.92586402 0.91626804 0.90590126 0.87821447 0.87778846\n 0.85847853 0.78528726 0.8316474  0.82026568 0.8147206  0.77327035\n 0.76944229 0.76757797 0.69075604 0.70183124 0.7201914  0.70293412\n 0.72092772 0.68395485 0.66523271 0.65566208 0.68684661 0.64995552\n 0.60852392 0.68857788 0.65577133 0.62859291 0.66240257 0.65353581\n 0.69312308 0.65705238 0.59100991 0.66224425 0.6388289  0.61415426\n 0.60522008 0.53171014 0.711949   0.66472396 0.64679535 0.69561275\n 0.67992733 0.69057164 0.66872204 0.69040212 0.70095401 0.68995326\n 0.71860551 0.70993481 0.71190251 0.71476154 0.72110157 0.73258977\n 0.75939791 0.7607221  0.74738684 0.79683489 0.78169428 0.82500605\n 0.81231212 0.80457101 0.82157783 0.8309829  0.79297381 0.82175619\n 0.83587213 0.84002926 0.78873576 0.8327792  0.84749325 0.87298794\n 0.87013516 0.85861405 0.87338408 0.87716387 0.88457558 0.89225641\n 0.87936737 0.872147   0.87326258 0.89063218 0.88828501 0.88873162\n 0.90001746 0.90487328 0.91430481 0.91356332 0.91663908 0.91125298\n 0.92030962 0.9098998  0.92035003 0.91315034 0.91295667 0.91416932\n 0.92323882 0.8245945  0.54154942 0.33435771 0.1660242  0.3989596\n 0.34940931 0.35490748 0.3427028  0.32783834 0.34462297 0.32398694\n 0.31387146 0.27348653 0.30143248 0.19304126 0.29576332 0.28973697\n 0.30433345 0.36678432 0.38813991 0.3763805  0.37737592 0.36000104\n 0.22584867 0.27125709 0.30462048 0.30462557 0.20400088 0.42495056\n 0.35668894 0.32374564 0.39517448 0.37787723 0.34100087 0.41162874\n 0.43550269 0.35407256 0.44004654 0.55657503 0.47956363 0.58929861\n 0.40966604 0.51062209 0.43553402 0.49494098 0.43031274 0.39127194\n 0.37468706 0.4203765  0.37183362 0.56108587 0.50281057 0.43242518\n 0.50039566 0.43642832 0.50112429 0.53240443 0.56342813 0.52989097\n 0.42624682 0.61901316 0.58683144 0.51296625 0.65412595 0.66533254\n 0.74849945 0.81216536 0.67722038 1.00000001]",
      null
    ]
  },
  "baseline": {
    "mae": [
      0.41698633954277475,
      5.512430544202441e-13
    ],
    "mse": [
      0.3047446386125822,
      2.1059708433924543e-24
    ],
    "psnr": [
      53.29144287369161,
      284.8949511605947
    ],
    "ssim": [
      0.2707560734189989,
      1.0000000000005311
    ],
    "ms_ssim": [
      0.6749455125286293,
      0.037602476086712855
    ],
    "frc50": [
      "32",
      NaN
    ],
    "frc": [
      "[1.00000000e+00 9.99840833e-01 9.99778260e-01 9.99501811e-01\n 9.99655057e-01 9.99742701e-01 9.99369081e-01 9.98943284e-01\n 9.99368321e-01 9.98623640e-01 9.98369394e-01 9.97255597e-01\n 9.95878706e-01 9.96164381e-01 9.94902475e-01 9.92118538e-01\n 9.91797208e-01 9.86516400e-01 9.85696422e-01 9.71942717e-01\n 9.72746833e-01 9.68999192e-01 9.53940737e-01 9.31694942e-01\n 9.30558849e-01 8.93498658e-01 8.47213489e-01 8.05184622e-01\n 7.78540649e-01 6.33963908e-01 6.34033798e-01 5.29298544e-01\n 8.58370656e-02 7.75293653e-02 2.96327292e-01 5.99973795e-01\n 6.15313915e-01 6.59737583e-01 6.91125372e-01 7.10937175e-01\n 7.42562762e-01 7.30588874e-01 6.68972479e-01 5.69836928e-01\n 5.89354885e-01 2.96123096e-01 1.92066494e-01 1.26933812e-01\n 4.79269360e-01 6.40321309e-01 6.00816147e-01 8.00448842e-01\n 8.09709381e-01 8.11118281e-01 8.49808580e-01 8.77884207e-01\n 8.87149860e-01 8.61460816e-01 8.78009181e-01 8.86828589e-01\n 8.54505920e-01 8.17908099e-01 7.29034631e-01 7.01489267e-01\n 6.12514644e-01 1.45481303e-01 1.89977382e-01 4.52704388e-01\n 4.92054803e-01 5.62993603e-01 4.38612389e-01 5.20463059e-01\n 2.94466312e-01 1.71514528e-01 3.46402860e-01 3.35941234e-01\n 3.79824285e-01 3.83917996e-01 3.81160389e-01 3.37958319e-01\n 2.85916404e-01 3.31959454e-01 3.38008650e-01 2.68482164e-01\n 2.61146696e-01 2.96600850e-01 2.28356026e-01 1.66039001e-01\n 2.79010905e-01 2.28281599e-01 1.82449268e-01 1.30137986e-01\n 9.27414930e-02 1.22281851e-01 1.27555694e-01 1.40547536e-01\n 1.23688842e-01 4.56752047e-02 3.04284827e-02 9.63738489e-02\n 9.74942215e-02 1.14571059e-01 7.61196925e-02 6.60528096e-02\n 9.65308172e-02 1.83195828e-01 2.49590390e-01 3.20110981e-01\n 3.42887235e-01 3.94107917e-01 3.80874540e-01 4.16531980e-01\n 4.50448010e-01 3.65319013e-01 4.00476367e-01 4.21967790e-01\n 3.35459668e-01 1.77533564e-01 4.96749139e-02 3.21819255e-01\n 3.39279806e-01 4.08569948e-01 3.46774665e-01 3.56257934e-01\n 3.16903680e-01 3.45986725e-01 2.12790270e-01 2.76342389e-01\n 2.91794573e-01 1.38186905e-01 3.98033193e-02 9.21861434e-04\n 4.18641266e-02 8.06867484e-02 5.88906933e-02 1.04490995e-01\n 1.73151049e-01 2.52477555e-01 2.16858709e-01 1.50292693e-01\n 4.55171177e-01 4.76316324e-01 4.75887152e-01 5.35710797e-01\n 3.88138013e-01 1.66141918e-01 2.17825036e-01 4.24734891e-01\n 5.22055108e-01 6.36845798e-01 6.68450920e-01 6.96491855e-01\n 7.37542626e-01 7.26268534e-01 7.38335536e-01 6.66749265e-01\n 7.10165487e-01 6.93016019e-01 6.68357648e-01 6.15975516e-01\n 4.89011121e-01 5.16591903e-01 3.64068118e-01 9.27723485e-02\n 2.69668283e-02 1.63537842e-01 9.48574695e-05 6.10684869e-02\n 1.28892839e-01 1.55846895e-01 1.46563683e-01 1.68700073e-02\n 6.20301305e-02 7.93814419e-02 6.71058622e-03 1.97116703e-02\n 1.41729409e-01 4.95797854e-03 1.58003910e-01 5.49888609e-02\n 9.14674115e-02 1.11485563e-01 4.15607058e-02 3.79456618e-02\n 6.84865060e-04 2.94711089e-02 3.05612838e-02 1.07245362e-02\n 3.55697502e-02 2.00398445e-02 3.83107263e-02 8.83052821e-02\n 1.23570825e-01 1.05094413e-01 1.54391691e-01 1.52977432e-01\n 1.61156602e-01 2.06367591e-01 1.16047065e-01 1.49364451e-01\n 1.30244774e-01 1.77131428e-01 1.90417386e-01 1.04593273e-01\n 2.55394189e-01 2.84189454e-01 2.36206064e-01 1.86215524e-01\n 1.48000191e-01 9.75600897e-02 9.38103376e-02 1.25191392e-01\n 1.22143634e-02 1.86158367e-01 6.90439146e-03 3.79464736e-01\n 5.53771719e-02 1.30237638e-01 1.00411114e-01 1.51351343e-01\n 9.32645766e-02 1.46706317e-01 2.21063718e-01 1.97028709e-01\n 8.70302079e-03 9.82213917e-02 1.15887093e-02 9.66890730e-02\n 1.04329046e-02 1.97190372e-01 9.33571273e-01 1.00000001e+00]",
      null
    ]
  }
}