{
  "amplitude": {
    "bias_summary": {
      "mean": -2.297770140916792,
      "median": -2.5305827856063843,
      "p05": -3.6955116152763368,
      "p95": 0.25740482807159454
    },
    "color_range": [
      -4.85612678527832,
      4.85612678527832
    ],
    "count": 153664,
    "mae": 2.3663597717642264,
    "max_abs": 4.7676825523376465,
    "pearson_r": 0.13717972569069053,
    "pred_stats": {
      "max": 3.853797674179077,
      "mean": 0.41047734022140503,
      "min": 0.0,
      "nan_count": 0,
      "std": 1.0161389112472534
    },
    "rmse": 2.5582209768188604,
    "truth_stats": {
      "max": 4.85612678527832,
      "mean": 2.708247423171997,
      "min": 0.6128976941108704,
      "nan_count": 0,
      "std": 0.6410303115844727
    }
  },
  "phase": {
    "bias_summary": {
      "mean": -0.12204912010431351,
      "median": 0.0,
      "p05": -0.8931511044502258,
      "p95": 0.0
    },
    "color_range": [
      -3.141592653589793,
      3.141592653589793
    ],
    "count": 153664,
    "mae": 0.12204912007638548,
    "max_abs": 1.0584231615066528,
    "pearson_r": null,
    "pred_stats": {
      "max": 0.0,
      "mean": -0.12204910814762115,
      "min": -1.0584231615066528,
      "nan_count": 0,
      "std": 0.3017949163913727
    },
    "rmse": 0.3255397846756552,
    "truth_stats": {
      "max": 0.0,
      "mean": 0.0,
      "min": 0.0,
      "nan_count": 0,
      "std": 0.0
    }
  }
}