{
  "epochs": [
    0.0,
    1.0,
    2.0,
    3.0,
    4.0
  ],
  "metrics": {
    "intensity_scaler_inv_loss": [
      6.916235446929932,
      5.160382270812988,
      4.546692848205566,
      4.693192958831787,
      4.5670857429504395
    ],
    "learning_rate": [
      0.0010000000474974513,
      0.0010000000474974513,
      0.0010000000474974513,
      0.0010000000474974513,
      0.0010000000474974513
    ],
    "loss": [
      -249881.90625,
      -252117.765625,
      -252543.4375,
      -252442.453125,
      -252444.8125
    ],
    "pred_intensity_loss": [
      -252582.8125,
      -249728.953125,
      -249045.609375,
      -252102.09375,
      -254507.3125
    ],
    "train_loss": [
      -249881.90625,
      -252117.765625,
      -252543.4375,
      -252442.453125,
      -252444.8125
    ],
    "trimmed_obj_loss": [
      0.0,
      0.0,
      0.0,
      0.0,
      0.0
    ],
    "val_intensity_scaler_inv_loss": [
      6.6164870262146,
      5.724689483642578,
      4.406072616577148,
      5.268581390380859,
      4.4061970710754395
    ],
    "val_loss": [
      -284920.1875,
      -284563.65625,
      -285956.09375,
      -285632.78125,
      -286010.125
    ],
    "val_pred_intensity_loss": [
      -277528.0625,
      -277352.71875,
      -278650.59375,
      -278281.1875,
      -278662.59375
    ],
    "val_trimmed_obj_loss": [
      0.0,
      0.0,
      0.0,
      0.0,
      0.0
    ]
  }
}