{
  "train_loss": [
    0.2212618887424469,
    0.10133476555347443,
    0.08424456417560577,
    0.07785554975271225,
    0.06905189156532288,
    0.06576785445213318,
    0.056377097964286804,
    0.05987078696489334,
    0.0505753718316555,
    0.04687215015292168,
    0.042572587728500366,
    0.04251815378665924,
    0.027988366782665253,
    0.026113202795386314,
    0.024975795298814774,
    45.728553771972656,
    0.21062692999839783,
    0.20970377326011658,
    0.2082645446062088,
    0.20837487280368805
  ],
  "val_loss": [
    4.619941711425781,
    0.146124005317688,
    0.11794284731149673,
    0.10087194293737411,
    0.07893133908510208,
    0.108210988342762,
    0.07363852113485336,
    0.05644821748137474,
    0.06080726161599159,
    0.03560672700405121,
    0.07602638751268387,
    0.0428505465388298,
    0.03780674934387207,
    0.03269030526280403,
    0.02710990607738495,
    0.020934956148266792,
    0.23103347420692444,
    0.18141654133796692,
    0.18710720539093018,
    0.1881089061498642,
    0.17798279225826263
  ]
}