{
  "amplitude": {
    "max": 2.194725275039673,
    "mean": 0.23407436907291412,
    "min": 0.0,
    "nan_count": 0,
    "std": 0.5630156993865967
  },
  "fits_canvas": true,
  "offsets": {
    "axis_max_abs": [
      377.02992320243726,
      381.8949744624406
    ],
    "max_abs": 381.8949744624406
  },
  "padded_size": 828,
  "phase": {
    "max": 1.3159099817276,
    "mean": 0.1627904325723648,
    "min": 0.0,
    "nan_count": 0,
    "std": 0.390095055103302
  },
  "required_canvas": 828
}