{
  "train_loss": [
    0.24877099692821503,
    0.34559282660484314,
    0.19297289848327637,
    0.1330024152994156,
    0.1134825199842453,
    0.11111392080783844,
    0.12782904505729675,
    0.10494377464056015,
    0.1066310927271843,
    0.09994784742593765,
    0.09364369511604309,
    0.09056607633829117,
    0.0903007909655571,
    0.08891624957323074,
    0.08833801746368408,
    0.22035600244998932,
    0.10305993258953094,
    0.09696704894304276,
    0.09000210464000702,
    0.09020793437957764
  ],
  "val_loss": [
    3.728976249694824,
    0.18132339417934418,
    4.064526081085205,
    0.1166197881102562,
    0.1350242644548416,
    0.12176869809627533,
    0.10455445945262909,
    0.11079216003417969,
    0.09974196553230286,
    0.11810771375894547,
    0.09375277161598206,
    0.09379009157419205,
    0.09263519942760468,
    0.09160709381103516,
    0.08948007225990295,
    0.08859308063983917,
    0.10135126113891602,
    0.11926500499248505,
    0.11106609553098679,
    0.09663945436477661,
    0.09863871335983276
  ]
}