{
  "mae": [
    "0.17510538",
    0.08324560084944801
  ],
  "mse": [
    "0.04655379",
    0.010698293182555451
  ],
  "psnr": [
    61.45125309610049,
    67.83765865423737
  ],
  "ssim": [
    0.5377924592263749,
    0.8973994129364845
  ],
  "ms_ssim": [
    0.8671916406287155,
    0.8074670941146085
  ],
  "frc50": [
    "18",
    "24"
  ],
  "frc": [
    "[1.         0.9999247  0.99951516 0.99968181 0.99950943 0.99740848\n 0.99606679 0.99433928 0.98818128 0.98840476 0.96384869 0.96721406\n 0.94188777 0.94601784 0.90117873 0.87356942 0.68769506 0.548888\n 0.4126517  0.19750284 0.32179154 0.41576684 0.65364408 0.56385264\n 0.60009341 0.60859337 0.43970297 0.41502628 0.52806861 0.50866169\n 0.57291011 0.51387328 0.46041292 0.30597125 0.02498976 0.09255458\n 0.07127494 0.16653501 0.21584667 0.1770484  0.2696105  0.10516886\n 0.159929   0.02807246 0.03075108 0.07423713 0.00932135 0.22158531\n 0.16820069 0.27196603 0.30135271 0.32104079 0.16993512 0.03159474\n 0.08550652 0.08382702 0.05809407 0.05421186 0.13332297 0.05917724\n 0.12358108 0.1098925  0.27992938 0.34019712 0.22493014 0.22430334\n 0.1645565  0.27964073 0.23392821 0.22448349 0.29825653 0.29406061\n 0.28405697 0.32881301 0.27042375 0.21180054 0.13310735 0.16799425\n 0.26654479 0.11488102 0.04598648 0.31091968 0.25582869 0.18029894\n 0.16518734 0.32306105 0.33869344 0.39477432 0.38482622 0.45873502\n 0.41063941 0.50355189 0.49127916 0.54192961 0.51582683 0.47384136\n 0.39921711 0.48098691 0.53318045 0.56766781 0.52020003 0.54090214\n 0.55596557 0.41285137 0.43953922 0.34279781 0.17385086 0.11992404\n 0.35669912 0.23780207 0.41186362 0.52021769 0.55389634 0.57289238\n 0.67712648 0.65050047 0.6850506  0.71393216 0.74414283 0.51552506\n 0.70762992 0.74736318 0.75394687 0.74442234 0.76434387 0.74856317\n 0.75230064 0.74062667 0.70222237 0.67584544 0.48011885 0.47043267\n 0.33366446 0.16039624 0.0019842  0.04530908 0.16832699 0.01248574\n 0.02741514 0.0889029  0.04144634 0.01494131 0.10696197 0.0610984\n 0.02345216 0.02239469 0.03270377 0.05259685 0.06312918 0.0698087\n 0.0200659  0.01467683 0.04886573 0.14803212 0.0018382  0.08024367\n 0.11558552 0.01915471 0.06574263 0.03611986 0.06586689 0.12818147\n 0.15570361 0.04284955 0.0115298  0.14231876 0.0270079  0.16261333\n 0.06308878 0.01218559 0.08465556 0.16192018 0.04996607 0.09992639\n 0.04476856 0.00490337 0.09850151 0.10939549 0.07819964 0.02646177\n 0.09621268 0.26767293 0.07220742 0.21284726 0.28858654 0.09774564\n 0.34019499 0.17717849 0.99999995]",
    "[1.         0.99566728 0.98507496 0.99637562 0.98624008 0.97331535\n 0.96920778 0.96307139 0.96837163 0.96148042 0.9440545  0.96017441\n 0.96003954 0.96814523 0.94856217 0.95670337 0.93498536 0.93155438\n 0.88015057 0.80597507 0.78788363 0.62778452 0.580315   0.51094149\n 0.48148515 0.491017   0.54387249 0.46565364 0.5536057  0.61649573\n 0.64888813 0.57219424 0.52948273 0.31378121 0.04828729 0.01865898\n 0.17166105 0.04645342 0.11981775 0.0212411  0.01090489 0.0115687\n 0.22949283 0.17273973 0.36251191 0.2566315  0.31356452 0.39433229\n 0.30459404 0.33791988 0.22179017 0.25243783 0.07073294 0.04560271\n 0.04779577 0.00267312 0.00605028 0.04184793 0.08188169 0.13287502\n 0.15850882 0.14091196 0.21998209 0.19808987 0.07196118 0.17090438\n 0.09589575 0.17755497 0.2425507  0.21251163 0.24842519 0.24219056\n 0.23239716 0.16684342 0.24200643 0.29738759 0.18893184 0.22679074\n 0.19250893 0.09300925 0.10318495 0.29136375 0.21340165 0.26492993\n 0.14797588 0.32830611 0.32625894 0.24386364 0.29141047 0.36890052\n 0.35530023 0.38359351 0.43470676 0.43222741 0.40953051 0.46705646\n 0.39543765 0.39373959 0.41873018 0.49775335 0.34909074 0.42000598\n 0.44469252 0.38946035 0.36748345 0.22728627 0.01194133 0.29323539\n 0.44257666 0.28764587 0.40643149 0.51860543 0.59263724 0.59743925\n 0.48176313 0.49059624 0.48654417 0.54296588 0.57614812 0.56687844\n 0.63909326 0.58762055 0.55173334 0.57173042 0.54939433 0.52690844\n 0.62413754 0.59567233 0.59225423 0.66064049 0.5363833  0.61729685\n 0.56513156 0.04515364 0.1622723  0.06462563 0.16275844 0.03426619\n 0.05429771 0.09036372 0.11273437 0.01049104 0.11043632 0.01053388\n 0.07985697 0.10035912 0.05652238 0.06204196 0.07711841 0.03637781\n 0.16414979 0.04485525 0.01494009 0.02992869 0.01917871 0.02117561\n 0.00601694 0.01287044 0.0891612  0.10228888 0.03000309 0.05884842\n 0.12593386 0.02827204 0.07268112 0.0054507  0.1354455  0.12652287\n 0.0103149  0.02632062 0.16355727 0.08610215 0.07873011 0.02163291\n 0.06502418 0.05022558 0.09119535 0.02682657 0.12361534 0.02175769\n 0.01731175 0.11448628 0.17673698 0.21945631 0.16554233 0.24558324\n 0.2855326  0.00880203 1.        ]"
  ]
}