{
  "epochs": [
    0.0,
    1.0,
    2.0,
    3.0,
    4.0
  ],
  "metrics": {
    "intensity_scaler_inv_loss": [
      30.535778045654297,
      16.735515594482422,
      15.45370101928711,
      14.741249084472656,
      14.625605583190918
    ],
    "learning_rate": [
      0.0010000000474974513,
      0.0010000000474974513,
      0.0010000000474974513,
      0.0010000000474974513,
      0.0010000000474974513
    ],
    "loss": [
      -3875303.5,
      -3942273.25,
      -3944219.25,
      -3945681.5,
      -3945975.0
    ],
    "pred_intensity_loss": [
      -3869122.25,
      -3941919.5,
      -3952143.25,
      -3917419.5,
      -3962321.5
    ],
    "train_loss": [
      -3875303.5,
      -3942273.25,
      -3944219.25,
      -3945681.5,
      -3945975.0
    ],
    "trimmed_obj_loss": [
      0.0,
      0.0,
      0.0,
      0.0,
      0.0
    ],
    "val_intensity_scaler_inv_loss": [
      20.193294525146484,
      14.923009872436523,
      13.69028091430664,
      13.557685852050781,
      12.497583389282227
    ],
    "val_loss": [
      -4104508.0,
      -4114704.0,
      -4119054.5,
      -4118019.75,
      -4120497.0
    ],
    "val_pred_intensity_loss": [
      -4035226.5,
      -4045003.5,
      -4048984.0,
      -4048092.5,
      -4050398.5
    ],
    "val_trimmed_obj_loss": [
      0.0,
      0.0,
      0.0,
      0.0,
      0.0
    ]
  }
}