{
  "epochs": [
    0.0,
    1.0,
    2.0,
    3.0,
    4.0
  ],
  "metrics": {
    "intensity_scaler_inv_loss": [
      103.52945709228516,
      66.95641326904297,
      58.061729431152344,
      55.10076141357422,
      52.10934066772461
    ],
    "learning_rate": [
      0.0010000000474974513,
      0.0010000000474974513,
      0.0010000000474974513,
      0.0010000000474974513,
      0.0010000000474974513
    ],
    "loss": [
      -2896307.25,
      -2930837.5,
      -2935377.75,
      -2936777.0,
      -2938287.75
    ],
    "pred_intensity_loss": [
      -2896307.25,
      -2930837.5,
      -2935377.75,
      -2936777.0,
      -2938287.75
    ],
    "train_loss": [
      -2896307.25,
      -2930837.5,
      -2935377.75,
      -2936777.0,
      -2938287.75
    ],
    "trimmed_obj_loss": [
      0.0,
      0.0,
      0.0,
      0.0,
      0.0
    ],
    "val_intensity_scaler_inv_loss": [
      61.34248352050781,
      55.37962341308594,
      49.553367614746094,
      47.49776077270508,
      42.56877136230469
    ],
    "val_loss": [
      -3090113.75,
      -3092275.5,
      -3095130.5,
      -3096033.0,
      -3098368.0
    ],
    "val_pred_intensity_loss": [
      -3090113.75,
      -3092275.5,
      -3095130.5,
      -3096033.0,
      -3098368.0
    ],
    "val_trimmed_obj_loss": [
      0.0,
      0.0,
      0.0,
      0.0,
      0.0
    ]
  }
}