{
  "epochs": [
    0.0,
    1.0,
    2.0,
    3.0,
    4.0
  ],
  "metrics": {
    "intensity_scaler_inv_loss": [
      182.52728271484375,
      150.07029724121094,
      113.34268951416016,
      82.66351318359375,
      73.62969207763672
    ],
    "learning_rate": [
      0.0010000000474974513,
      0.0010000000474974513,
      0.0010000000474974513,
      0.0010000000474974513,
      0.0010000000474974513
    ],
    "loss": [
      -2818441.75,
      -2876768.5,
      -2915847.5,
      -2951591.75,
      -2955264.0
    ],
    "pred_intensity_loss": [
      -2832545.75,
      -2920081.75,
      -2913369.75,
      -2970833.5,
      -2957122.5
    ],
    "train_loss": [
      -2818441.75,
      -2876768.5,
      -2915847.5,
      -2951591.75,
      -2955264.0
    ],
    "trimmed_obj_loss": [
      0.0,
      0.0,
      0.0,
      0.0,
      0.0
    ],
    "val_intensity_scaler_inv_loss": [
      237.50619506835938,
      111.08914184570312,
      105.32474517822266,
      75.86602783203125,
      87.48455810546875
    ],
    "val_loss": [
      -2509550.5,
      -2658251.75,
      -2687663.5,
      -2698478.5,
      -2694006.0
    ],
    "val_pred_intensity_loss": [
      -2509550.5,
      -2658251.75,
      -2687663.5,
      -2698478.5,
      -2694006.0
    ],
    "val_trimmed_obj_loss": [
      0.0,
      0.0,
      0.0,
      0.0,
      0.0
    ]
  }
}