{
  "amplitude": {
    "max": 2.2530412673950195,
    "mean": 0.237568661570549,
    "min": 0.0,
    "nan_count": 0,
    "std": 0.5870303511619568
  },
  "fits_canvas": true,
  "offsets": {
    "axis_max_abs": [
      376.3193180156394,
      373.3114293734376
    ],
    "max_abs": 376.3193180156394
  },
  "padded_size": 822,
  "phase": {
    "max": 1.111035704612732,
    "mean": 0.13157421350479126,
    "min": 0.0,
    "nan_count": 0,
    "std": 0.32472386956214905
  },
  "required_canvas": 817
}